Open time,Close,LogReturn,Volatility,Close_lag_7,Close_lag_14,Close_lag_21,Close_lag_28,target_t+1,target_t+2,target_t+3,target_t+4,target_t+5,target_t+6,target_t+7
2018-02-28,10326.76,-0.023190388304420374,1.3709913339161028,10437.6,9449.99,7599.0,10285.1,10920.0,11039.0,11464.48,11515.0,11454.0,10716.48,9910.0
2018-03-01,10920.0,0.05585738594789953,1.3446431299810995,9811.04,10000.09,7784.02,9224.52,11039.0,11464.48,11515.0,11454.0,10716.48,9910.0,9271.64
2018-03-02,11039.0,0.010838486719455614,1.3449613571301795,10131.04,10159.98,8683.92,8873.03,11464.48,11515.0,11454.0,10716.48,9910.0,9271.64,9227.0
2018-03-03,11464.48,0.0378191028154963,1.2884572563925425,9694.51,11039.55,8533.98,9199.96,11515.0,11454.0,10716.48,9910.0,9271.64,9227.0,8770.22
2018-03-04,11515.0,0.004396973420937615,1.2777703299493113,9590.0,10383.43,8063.88,8184.81,11454.0,10716.48,9910.0,9271.64,9227.0,8770.22,9533.57
2018-03-05,11454.0,-0.005311519300982928,1.2747260364655455,10324.0,11153.0,8903.0,6939.99,10716.48,9910.0,9271.64,9227.0,8770.22,9533.57,9131.34
2018-03-06,10716.48,-0.06655627045932556,1.2240510143722891,10569.04,11200.99,8539.9,7652.14,9910.0,9271.64,9227.0,8770.22,9533.57,9131.34,9150.0
2018-03-07,9910.0,-0.07823839517044331,1.0999987749583038,10326.76,10437.6,9449.99,7599.0,9271.64,9227.0,8770.22,9533.57,9131.34,9150.0,8170.0
2018-03-08,9271.64,-0.06658406963285031,1.0878773869427925,10920.0,9811.04,10000.09,7784.02,9227.0,8770.22,9533.57,9131.34,9150.0,8170.0,8240.98
2018-03-09,9227.0,-0.004826310112627507,1.0875716707317902,11039.0,10131.04,10159.98,8683.92,8770.22,9533.57,9131.34,9150.0,8170.0,8240.98,8260.0
2018-03-10,8770.22,-0.05077207700814944,1.1035452638140062,11464.48,9694.51,11039.55,8533.98,9533.57,9131.34,9150.0,8170.0,8240.98,8260.0,7824.8
2018-03-11,9533.57,0.08345736243611354,1.0757111421750942,11515.0,9590.0,10383.43,8063.88,9131.34,9150.0,8170.0,8240.98,8260.0,7824.8,8189.99
2018-03-12,9131.34,-0.043106801293249175,1.0855686195972352,11454.0,10324.0,11153.0,8903.0,9150.0,8170.0,8240.98,8260.0,7824.8,8189.99,8600.0
2018-03-13,9150.0,0.002041426556296274,1.0645777632106597,10716.48,10569.04,11200.99,8539.9,8170.0,8240.98,8260.0,7824.8,8189.99,8600.0,8909.98
2018-03-14,8170.0,-0.1132849704155184,1.0840254138823082,9910.0,10326.76,10437.6,9449.99,8240.98,8260.0,7824.8,8189.99,8600.0,8909.98,8885.0
2018-03-15,8240.98,0.0086503600164496,1.0755442165252613,9271.64,10920.0,9811.04,10000.09,8260.0,7824.8,8189.99,8600.0,8909.98,8885.0,8722.9
2018-03-16,8260.0,0.0023053186445256128,1.010311960776723,9227.0,11039.0,10131.04,10159.98,7824.8,8189.99,8600.0,8909.98,8885.0,8722.9,8898.03
2018-03-17,7824.8,-0.05412641053874062,0.9998333768783059,8770.22,11464.48,9694.51,11039.55,8189.99,8600.0,8909.98,8885.0,8722.9,8898.03,8546.86
2018-03-18,8189.99,0.04561449986886557,1.0141203585911078,9533.57,11515.0,9590.0,10383.43,8600.0,8909.98,8885.0,8722.9,8898.03,8546.86,8470.15
2018-03-19,8600.0,0.048849526396450536,0.9823636095925276,9131.34,11454.0,10324.0,11153.0,8909.98,8885.0,8722.9,8898.03,8546.86,8470.15,8134.23
2018-03-20,8909.98,0.03540979355182516,0.9746296877168217,9150.0,10716.48,10569.04,11200.99,8885.0,8722.9,8898.03,8546.86,8470.15,8134.23,7795.51
2018-03-21,8885.0,-0.002807535204672574,0.9347755507581202,8170.0,9910.0,10326.76,10437.6,8722.9,8898.03,8546.86,8470.15,8134.23,7795.51,7949.3
2018-03-22,8722.9,-0.01841271016713497,0.9345012594620645,8240.98,9271.64,10920.0,9811.04,8898.03,8546.86,8470.15,8134.23,7795.51,7949.3,7090.14
2018-03-23,8898.03,0.01987815248285389,0.9116475458670481,8260.0,9227.0,11039.0,10131.04,8546.86,8470.15,8134.23,7795.51,7949.3,7090.14,6840.23
2018-03-24,8546.86,-0.04026593988898665,0.8977603965867952,7824.8,8770.22,11464.48,9694.51,8470.15,8134.23,7795.51,7949.3,7090.14,6840.23,6923.91
2018-03-25,8470.15,-0.00901574596303241,0.8880111035148837,8189.99,9533.57,11515.0,9590.0,8134.23,7795.51,7949.3,7090.14,6840.23,6923.91,6813.01
2018-03-26,8134.23,-0.04046713461426167,0.8861664087743011,8600.0,9131.34,11454.0,10324.0,7795.51,7949.3,7090.14,6840.23,6923.91,6813.01,7056.0
2018-03-27,7795.51,-0.042533156531052586,0.8952616692256155,8909.98,9150.0,10716.48,10569.04,7949.3,7090.14,6840.23,6923.91,6813.01,7056.0,7405.21
2018-03-28,7949.3,0.019535947550118275,0.8527494684985506,8885.0,8170.0,9910.0,10326.76,7090.14,6840.23,6923.91,6813.01,7056.0,7405.21,6796.1
2018-03-29,7090.14,-0.11437878800473697,0.9201702423589364,8722.9,8240.98,9271.64,10920.0,6840.23,6923.91,6813.01,7056.0,7405.21,6796.1,6770.76
2018-03-30,6840.23,-0.03588372967026073,0.922947123023095,8898.03,8260.0,9227.0,11039.0,6923.91,6813.01,7056.0,7405.21,6796.1,6770.76,6601.39
2018-03-31,6923.91,0.012159282162465812,0.8935984014219404,8546.86,7824.8,8770.22,11464.48,6813.01,7056.0,7405.21,6796.1,6770.76,6601.39,6895.8
2018-04-01,6813.01,-0.016146619389951777,0.8886501563647018,8470.15,8189.99,9533.57,11515.0,7056.0,7405.21,6796.1,6770.76,6601.39,6895.8,7018.0
2018-04-02,7056.0,0.03504429913185516,0.8865819418300132,8134.23,8600.0,9131.34,11454.0,7405.21,6796.1,6770.76,6601.39,6895.8,7018.0,6782.72
2018-04-03,7405.21,0.04830548782990234,0.9122646711762512,7795.51,8909.98,9150.0,10716.48,6796.1,6770.76,6601.39,6895.8,7018.0,6782.72,6843.9
2018-04-04,6796.1,-0.08583488829500112,0.9444860899087777,7949.3,8885.0,8170.0,9910.0,6770.76,6601.39,6895.8,7018.0,6782.72,6843.9,6953.79
2018-04-05,6770.76,-0.0037355776454287993,0.9286200902005318,7090.14,8722.9,8240.98,9271.64,6601.39,6895.8,7018.0,6782.72,6843.9,6953.79,7923.0
2018-04-06,6601.39,-0.025333107675319738,0.901431347385392,6840.23,8898.03,8260.0,9227.0,6895.8,7018.0,6782.72,6843.9,6953.79,7923.0,7877.41
2018-04-07,6895.8,0.043632297701987996,0.9017841645029552,6923.91,8546.86,7824.8,8770.22,7018.0,6782.72,6843.9,6953.79,7923.0,7877.41,7999.01
2018-04-08,7018.0,0.017565746540392356,0.9067287644575069,6813.01,8470.15,8189.99,9533.57,6782.72,6843.9,6953.79,7923.0,7877.41,7999.01,8355.0
2018-04-09,6782.72,-0.03410007571887251,0.898921192099849,7056.0,8134.23,8600.0,9131.34,6843.9,6953.79,7923.0,7877.41,7999.01,8355.0,8064.92
2018-04-10,6843.9,0.008979543142650856,0.8384645254667303,7405.21,7795.51,8909.98,9150.0,6953.79,7923.0,7877.41,7999.01,8355.0,8064.92,7885.02
2018-04-11,6953.79,0.015929090097948514,0.8353356958783802,6796.1,7949.3,8885.0,8170.0,7923.0,7877.41,7999.01,8355.0,8064.92,7885.02,8173.0
2018-04-12,7923.0,0.1304830873003545,0.9666761605426548,6770.76,7090.14,8722.9,8240.98,7877.41,7999.01,8355.0,8064.92,7885.02,8173.0,8278.0
2018-04-13,7877.41,-0.005770752343539542,0.8840230146386336,6601.39,6840.23,8898.03,8260.0,7999.01,8355.0,8064.92,7885.02,8173.0,8278.0,8856.98
2018-04-14,7999.01,0.015318614382607587,0.8852647963362332,6895.8,6923.91,8546.86,7824.8,8355.0,8064.92,7885.02,8173.0,8278.0,8856.98,8915.31
2018-04-15,8355.0,0.043542378025184125,0.8987810012561127,7018.0,6813.01,8470.15,8189.99,8064.92,7885.02,8173.0,8278.0,8856.98,8915.31,8787.02
2018-04-16,8064.92,-0.035336369924218125,0.8867476163340928,6782.72,7056.0,8134.23,8600.0,7885.02,8173.0,8278.0,8856.98,8915.31,8787.02,8934.01
2018-04-17,7885.02,-0.022559035249717883,0.8753958025033564,6843.9,7405.21,7795.51,8909.98,8173.0,8278.0,8856.98,8915.31,8787.02,8934.01,9619.99
2018-04-18,8173.0,0.03587128166057163,0.8671764652039718,6953.79,6796.1,7949.3,8885.0,8278.0,8856.98,8915.31,8787.02,8934.01,9619.99,8869.99
2018-04-19,8278.0,0.012765354792547949,0.8585347913820666,7923.0,6770.76,7090.14,8722.9,8856.98,8915.31,8787.02,8934.01,9619.99,8869.99,9266.0
2018-04-20,8856.98,0.06760445539741863,0.8926213860669031,7877.41,6601.39,6840.23,8898.03,8915.31,8787.02,8934.01,9619.99,8869.99,9266.0,8915.35
2018-04-21,8915.31,0.006564174841321903,0.8904227378303825,7999.01,6895.8,6923.91,8546.86,8787.02,8934.01,9619.99,8869.99,9266.0,8915.35,9348.0
2018-04-22,8787.02,-0.014494390964487373,0.8891890251752859,8355.0,7018.0,6813.01,8470.15,8934.01,9619.99,8869.99,9266.0,8915.35,9348.0,9419.0
2018-04-23,8934.01,0.01658970964796054,0.879179852360044,8064.92,6782.72,7056.0,8134.23,9619.99,8869.99,9266.0,8915.35,9348.0,9419.0,9246.01
2018-04-24,9619.99,0.07397788292728111,0.9136958974110596,7885.02,6843.9,7405.21,7795.51,8869.99,9266.0,8915.35,9348.0,9419.0,9246.01,9071.48
2018-04-25,8869.99,-0.08116955625089858,0.9491078722855848,8173.0,6953.79,6796.1,7949.3,9266.0,8915.35,9348.0,9419.0,9246.01,9071.48,9247.84
2018-04-26,9266.0,0.04367811806931989,0.9448100256482427,8278.0,7923.0,6770.76,7090.14,8915.35,9348.0,9419.0,9246.01,9071.48,9247.84,9750.0
2018-04-27,8915.35,-0.038577276775288154,0.9558256357908999,8856.98,7877.41,6601.39,6840.23,9348.0,9419.0,9246.01,9071.48,9247.84,9750.0,9713.99
2018-04-28,9348.0,0.047387906457443105,0.8664069337769391,8915.31,7999.01,6895.8,6923.91,9419.0,9246.01,9071.48,9247.84,9750.0,9713.99,9864.0
2018-04-29,9419.0,0.0075665091640684835,0.851060410695564,8787.02,8355.0,7018.0,6813.01,9246.01,9071.48,9247.84,9750.0,9713.99,9864.0,9659.01
2018-04-30,9246.01,-0.018536818726453352,0.8570951840840909,8934.01,8064.92,6782.72,7056.0,9071.48,9247.84,9750.0,9713.99,9864.0,9659.01,9365.0
2018-05-01,9071.48,-0.019056680995625856,0.8582564708839033,9619.99,7885.02,6843.9,7405.21,9247.84,9750.0,9713.99,9864.0,9659.01,9365.0,9187.56
2018-05-02,9247.84,0.01925458462369398,0.8541087605260833,8869.99,8173.0,6953.79,6796.1,9750.0,9713.99,9864.0,9659.01,9365.0,9187.56,9310.0
2018-05-03,9750.0,0.05287727426746115,0.8568999356664575,9266.0,8278.0,7923.0,6770.76,9713.99,9864.0,9659.01,9365.0,9187.56,9310.0,9002.2
2018-05-04,9713.99,-0.003700170528775011,0.7873569465482684,8915.35,8856.98,7877.41,6601.39,9864.0,9659.01,9365.0,9187.56,9310.0,9002.2,8400.0
2018-05-05,9864.0,0.015324651381062362,0.7853952531729879,9348.0,8915.31,7999.01,6895.8,9659.01,9365.0,9187.56,9310.0,9002.2,8400.0,8465.94
2018-05-06,9659.01,-0.02100060736155858,0.7829070008037118,9419.0,8787.02,8355.0,7018.0,9365.0,9187.56,9310.0,9002.2,8400.0,8465.94,8679.71
2018-05-07,9365.0,-0.03091182260443279,0.7889765558179992,9246.01,8934.01,8064.92,6782.72,9187.56,9310.0,9002.2,8400.0,8465.94,8679.71,8663.34
2018-05-08,9187.56,-0.019128940766176317,0.7950250218374355,9071.48,9619.99,7885.02,6843.9,9310.0,9002.2,8400.0,8465.94,8679.71,8663.34,8462.0
2018-05-09,9310.0,0.013238696159100179,0.7797405578753187,9247.84,8869.99,8173.0,6953.79,9002.2,8400.0,8465.94,8679.71,8663.34,8462.0,8330.0
2018-05-10,9002.2,-0.03362009937998716,0.7948371797734771,9750.0,9266.0,8278.0,7923.0,8400.0,8465.94,8679.71,8663.34,8462.0,8330.0,8041.46
2018-05-11,8400.0,-0.0692372860597206,0.8399129000678557,9713.99,8915.35,8856.98,7877.41,8465.94,8679.71,8663.34,8462.0,8330.0,8041.46,8239.81
2018-05-12,8465.94,0.007819349052131747,0.7106807080198454,9864.0,9348.0,8915.31,7999.01,8679.71,8663.34,8462.0,8330.0,8041.46,8239.81,8233.49
2018-05-13,8679.71,0.02493706307447925,0.7144027682101555,9659.01,9419.0,8787.02,8355.0,8663.34,8462.0,8330.0,8041.46,8239.81,8233.49,8526.98
2018-05-14,8663.34,-0.0018877884641445746,0.7132592549911866,9365.0,9246.01,8934.01,8064.92,8462.0,8330.0,8041.46,8239.81,8233.49,8526.98,8381.24
2018-05-15,8462.0,-0.023514777213858397,0.7031629307389574,9187.56,9071.48,9619.99,7885.02,8330.0,8041.46,8239.81,8233.49,8526.98,8381.24,7977.11
2018-05-16,8330.0,-0.01572209611912437,0.6938749885108426,9310.0,9247.84,8869.99,8173.0,8041.46,8239.81,8233.49,8526.98,8381.24,7977.11,7501.95
2018-05-17,8041.46,-0.03525279743391407,0.7006966067350444,9002.2,9750.0,9266.0,8278.0,8239.81,8233.49,8526.98,8381.24,7977.11,7501.95,7575.01
2018-05-18,8239.81,0.024366626658270284,0.6945411483563408,8400.0,9713.99,8915.35,8856.98,8233.49,8526.98,8381.24,7977.11,7501.95,7575.01,7457.0
2018-05-19,8233.49,-0.0007673022782413454,0.6930796871829406,8465.94,9864.0,9348.0,8915.31,8526.98,8381.24,7977.11,7501.95,7575.01,7457.0,7333.96
2018-05-20,8526.98,0.03502527114150157,0.6615766156972878,8679.71,9659.01,9419.0,8787.02,8381.24,7977.11,7501.95,7575.01,7457.0,7333.96,7338.99
2018-05-21,8381.24,-0.01723937935867626,0.6632388454959802,8663.34,9365.0,9246.01,8934.01,7977.11,7501.95,7575.01,7457.0,7333.96,7338.99,7099.0
2018-05-22,7977.11,-0.04941968442854542,0.6823920259275884,8462.0,9187.56,9071.48,9619.99,7501.95,7575.01,7457.0,7333.96,7338.99,7099.0,7461.29
2018-05-23,7501.95,-0.061413203731023915,0.7076603035028006,8330.0,9310.0,9247.84,8869.99,7575.01,7457.0,7333.96,7338.99,7099.0,7461.29,7375.96
2018-05-24,7575.01,0.009691684778452453,0.6495590229685935,8041.46,9002.2,9750.0,9266.0,7457.0,7333.96,7338.99,7099.0,7461.29,7375.96,7485.01
2018-05-25,7457.0,-0.015701482964916948,0.5945047311772874,8239.81,8400.0,9713.99,8915.35,7333.96,7338.99,7099.0,7461.29,7375.96,7485.01,7521.01
2018-05-26,7333.96,-0.016637572977028725,0.5679789234367913,8233.49,8465.94,9864.0,9348.0,7338.99,7099.0,7461.29,7375.96,7485.01,7521.01,7640.03
2018-05-27,7338.99,0.0006856153939101124,0.5576127846101878,8526.98,8679.71,9659.01,9419.0,7099.0,7461.29,7375.96,7485.01,7521.01,7640.03,7714.26
2018-05-28,7099.0,-0.03324730192129037,0.5298002044669351,8381.24,8663.34,9365.0,9246.01,7461.29,7375.96,7485.01,7521.01,7640.03,7714.26,7487.0
2018-05-29,7461.29,0.049774392461102136,0.565817278163239,7977.11,8462.0,9187.56,9071.48,7375.96,7485.01,7521.01,7640.03,7714.26,7487.0,7625.0
2018-05-30,7375.96,-0.011502258272255131,0.5646628366128721,7501.95,8330.0,9310.0,9247.84,7485.01,7521.01,7640.03,7714.26,7487.0,7625.0,7658.84
2018-05-31,7485.01,0.014676290629947557,0.5682453972850768,7575.01,8041.46,9002.2,9750.0,7521.01,7640.03,7714.26,7487.0,7625.0,7658.84,7691.08
2018-06-01,7521.01,0.0047980835777630265,0.5622338382242407,7457.0,8239.81,8400.0,9713.99,7640.03,7714.26,7487.0,7625.0,7658.84,7691.08,7603.44
2018-06-02,7640.03,0.015701092418484074,0.5262996436374654,7333.96,8233.49,8465.94,9864.0,7714.26,7487.0,7625.0,7658.84,7691.08,7603.44,7491.73
2018-06-03,7714.26,0.009669034297781922,0.5297700831652588,7338.99,8526.98,8679.71,9659.01,7487.0,7625.0,7658.84,7691.08,7603.44,7491.73,6764.99
2018-06-04,7487.0,-0.02990238092152404,0.5285349722382148,7099.0,8381.24,8663.34,9365.0,7625.0,7658.84,7691.08,7603.44,7491.73,6764.99,6872.0
2018-06-05,7625.0,0.01826413924492724,0.5351954066004939,7461.29,7977.11,8462.0,9187.56,7658.84,7691.08,7603.44,7491.73,6764.99,6872.0,6530.0
2018-06-06,7658.84,0.004428213760099597,0.5302283162543378,7375.96,7501.95,8330.0,9310.0,7691.08,7603.44,7491.73,6764.99,6872.0,6530.0,6292.78
2018-06-07,7691.08,0.004200679535544633,0.5295916386490622,7485.01,7575.01,8041.46,9002.2,7603.44,7491.73,6764.99,6872.0,6530.0,6292.78,6635.98
2018-06-08,7603.44,-0.011460439324659283,0.5253322354219355,7521.01,7457.0,8239.81,8400.0,7491.73,6764.99,6872.0,6530.0,6292.78,6635.98,6388.9
2018-06-09,7491.73,-0.014801030973022017,0.5172559780467033,7640.03,7333.96,8233.49,8465.94,6764.99,6872.0,6530.0,6292.78,6635.98,6388.9,6483.98
2018-06-10,6764.99,-0.1020389620663794,0.5768520970613243,7714.26,7338.99,8526.98,8679.71,6872.0,6530.0,6292.78,6635.98,6388.9,6483.98,6449.61
2018-06-11,6872.0,0.015694401256895668,0.5800804546096792,7487.0,7099.0,8381.24,8663.34,6530.0,6292.78,6635.98,6388.9,6483.98,6449.61,6712.46
2018-06-12,6530.0,-0.05104824139361455,0.5879993699893378,7625.0,7461.29,7977.11,8462.0,6292.78,6635.98,6388.9,6483.98,6449.61,6712.46,6741.21
2018-06-13,6292.78,-0.03700399883342598,0.5950042139215507,7658.84,7375.96,7501.95,8330.0,6635.98,6388.9,6483.98,6449.61,6712.46,6741.21,6761.51
2018-06-14,6635.98,0.05310341400496915,0.6329718943247804,7691.08,7485.01,7575.01,8041.46,6388.9,6483.98,6449.61,6712.46,6741.21,6761.51,6718.84
2018-06-15,6388.9,-0.03794424886387517,0.6410334025410862,7603.44,7521.01,7457.0,8239.81,6483.98,6449.61,6712.46,6741.21,6761.51,6718.84,6045.0
2018-06-16,6483.98,0.014772409756933736,0.63883876481915,7491.73,7640.03,7333.96,8233.49,6449.61,6712.46,6741.21,6761.51,6718.84,6045.0,6149.98
2018-06-17,6449.61,-0.005314855489628235,0.6287022847571312,6764.99,7714.26,7338.99,8526.98,6712.46,6741.21,6761.51,6718.84,6045.0,6149.98,6136.97
2018-06-18,6712.46,0.03994583692225749,0.6503962755374733,6872.0,7487.0,7099.0,8381.24,6741.21,6761.51,6718.84,6045.0,6149.98,6136.97,6252.0
2018-06-19,6741.21,0.004273933248472515,0.6341435325791422,6530.0,7625.0,7461.29,7977.11,6761.51,6718.84,6045.0,6149.98,6136.97,6252.0,6070.78
2018-06-20,6761.51,0.003006803857909355,0.6342959994738521,6292.78,7658.84,7375.96,7501.95,6718.84,6045.0,6149.98,6136.97,6252.0,6070.78,6133.73
2018-06-21,6718.84,-0.006330717304896108,0.6156962235502487,6635.98,7691.08,7485.01,7575.01,6045.0,6149.98,6136.97,6252.0,6070.78,6133.73,5853.98
2018-06-22,6045.0,-0.10568403652030066,0.681901627995526,6388.9,7603.44,7521.01,7457.0,6149.98,6136.97,6252.0,6070.78,6133.73,5853.98,6197.92
2018-06-23,6149.98,0.01721734571386217,0.6847469668396542,6483.98,7491.73,7640.03,7333.96,6136.97,6252.0,6070.78,6133.73,5853.98,6197.92,6390.07
2018-06-24,6136.97,-0.0021176947675519654,0.6842001656655347,6449.61,6764.99,7714.26,7338.99,6252.0,6070.78,6133.73,5853.98,6197.92,6390.07,6356.81
2018-06-25,6252.0,0.01857027754616394,0.6886375892016352,6712.46,6872.0,7487.0,7099.0,6070.78,6133.73,5853.98,6197.92,6390.07,6356.81,6615.29
2018-06-26,6070.78,-0.029414314919623725,0.6933210360649134,6741.21,6530.0,7625.0,7461.29,6133.73,5853.98,6197.92,6390.07,6356.81,6615.29,6513.86
2018-06-27,6133.73,0.010315950128999891,0.6886648949305986,6761.51,6292.78,7658.84,7375.96,5853.98,6197.92,6390.07,6356.81,6615.29,6513.86,6586.98
2018-06-28,5853.98,-0.04668127597212111,0.6743681488331813,6718.84,6635.98,7691.08,7485.01,6197.92,6390.07,6356.81,6615.29,6513.86,6586.98,6529.2
2018-06-29,6197.92,0.05709198009628982,0.7114220716831983,6045.0,6388.9,7603.44,7521.01,6390.07,6356.81,6615.29,6513.86,6586.98,6529.2,6609.78
2018-06-30,6390.07,0.03053147105325548,0.7192721485770801,6149.98,6483.98,7491.73,7640.03,6356.81,6615.29,6513.86,6586.98,6529.2,6609.78,6756.98
2018-07-01,6356.81,-0.005218543750520015,0.7183551112821815,6136.97,6449.61,6764.99,7714.26,6615.29,6513.86,6586.98,6529.2,6609.78,6756.98,6712.1
2018-07-02,6615.29,0.039856957168599896,0.7321811803907858,6252.0,6712.46,6872.0,7487.0,6513.86,6586.98,6529.2,6609.78,6756.98,6712.1,6662.12
2018-07-03,6513.86,-0.01545142191173791,0.7311751766163939,6070.78,6741.21,6530.0,7625.0,6586.98,6529.2,6609.78,6756.98,6712.1,6662.12,6296.91
2018-07-04,6586.98,0.01116275891798502,0.7280466926633992,6133.73,6761.51,6292.78,7658.84,6529.2,6609.78,6756.98,6712.1,6662.12,6296.91,6378.07
2018-07-05,6529.2,-0.00881054907261458,0.7236113756777008,5853.98,6718.84,6635.98,7691.08,6609.78,6756.98,6712.1,6662.12,6296.91,6378.07,6250.57
2018-07-06,6609.78,0.012265946107273903,0.725434223813405,6197.92,6045.0,6388.9,7603.44,6756.98,6712.1,6662.12,6296.91,6378.07,6250.57,6214.57
2018-07-07,6756.98,0.022025674267196312,0.7308957726219935,6390.07,6149.98,6483.98,7491.73,6712.1,6662.12,6296.91,6378.07,6250.57,6214.57,6251.99
2018-07-08,6712.1,-0.006664176929376997,0.7304970648046234,6356.81,6136.97,6449.61,6764.99,6662.12,6296.91,6378.07,6250.57,6214.57,6251.99,6353.01
2018-07-09,6662.12,-0.0074741155247471025,0.7295997803705522,6615.29,6252.0,6712.46,6872.0,6296.91,6378.07,6250.57,6214.57,6251.99,6353.01,6723.35
2018-07-10,6296.91,-0.05637871533387015,0.667005739944649,6513.86,6070.78,6741.21,6530.0,6378.07,6250.57,6214.57,6251.99,6353.01,6723.35,7317.44
2018-07-11,6378.07,0.01280650687076354,0.6660956925298165,6586.98,6133.73,6761.51,6292.78,6250.57,6214.57,6251.99,6353.01,6723.35,7317.44,7381.9
2018-07-12,6250.57,-0.020192884165139598,0.6461799711897442,6529.2,5853.98,6718.84,6635.98,6214.57,6251.99,6353.01,6723.35,7317.44,7381.9,7466.21
2018-07-13,6214.57,-0.005776124470448971,0.633617442642899,6609.78,6197.92,6045.0,6388.9,6251.99,6353.01,6723.35,7317.44,7381.9,7466.21,7337.53
2018-07-14,6251.99,0.006003277950393231,0.6041580281669283,6756.98,6390.07,6149.98,6483.98,6353.01,6723.35,7317.44,7381.9,7466.21,7337.53,7398.78
2018-07-15,6353.01,0.016028903272869762,0.5929559323412189,6712.1,6356.81,6136.97,6449.61,6723.35,7317.44,7381.9,7466.21,7337.53,7398.78,7394.79
2018-07-16,6723.35,0.05665782588138391,0.6234702668706394,6662.12,6615.29,6252.0,6712.46,7317.44,7381.9,7466.21,7337.53,7398.78,7394.79,7721.01
2018-07-17,7317.44,0.08467399780455212,0.6873602001469202,6296.91,6513.86,6070.78,6741.21,7381.9,7466.21,7337.53,7398.78,7394.79,7721.01,8397.24
2018-07-18,7381.9,0.008770518023086779,0.6754578467795488,6378.07,6586.98,6133.73,6761.51,7466.21,7337.53,7398.78,7394.79,7721.01,8397.24,8175.64
2018-07-19,7466.21,0.011356449556526297,0.676055194432144,6250.57,6529.2,5853.98,6718.84,7337.53,7398.78,7394.79,7721.01,8397.24,8175.64,7920.0
2018-07-20,7337.53,-0.01738523387631885,0.6799369985765215,6214.57,6609.78,6197.92,6045.0,7398.78,7394.79,7721.01,8397.24,8175.64,7920.0,8188.57
2018-07-21,7398.78,0.008312848021666184,0.6794005679951775,6251.99,6756.98,6390.07,6149.98,7394.79,7721.01,8397.24,8175.64,7920.0,8188.57,8225.04
2018-07-22,7394.79,-0.0005394235599317676,0.5548594230269455,6353.01,6712.1,6356.81,6136.97,7721.01,8397.24,8175.64,7920.0,8188.57,8225.04,8211.0
2018-07-23,7721.01,0.0431694863012378,0.568262522811247,6723.35,6662.12,6615.29,6252.0,8397.24,8175.64,7920.0,8188.57,8225.04,8211.0,8173.92
2018-07-24,8397.24,0.08395789593441796,0.6261357425280505,7317.44,6296.91,6513.86,6070.78,8175.64,7920.0,8188.57,8225.04,8211.0,8173.92,7730.93
2018-07-25,8175.64,-0.026744079248490246,0.6385679724919978,7381.9,6378.07,6586.98,6133.73,7920.0,8188.57,8225.04,8211.0,8173.92,7730.93,7604.58
2018-07-26,7920.0,-0.031767795354452955,0.6403973572500218,7466.21,6250.57,6529.2,5853.98,8188.57,8225.04,8211.0,8173.92,7730.93,7604.58,7525.71
2018-07-27,8188.57,0.033348073619131544,0.6460689151359724,7337.53,6214.57,6609.78,6197.92,8225.04,8211.0,8173.92,7730.93,7604.58,7525.71,7418.78
2018-07-28,8225.04,0.004443880416028875,0.6137874735862284,7398.78,6251.99,6756.98,6390.07,8211.0,8173.92,7730.93,7604.58,7525.71,7418.78,7009.84
2018-07-29,8211.0,-0.001708441134843017,0.592515502133698,7394.79,6353.01,6712.1,6356.81,8173.92,7730.93,7604.58,7525.71,7418.78,7009.84,7024.19
2018-07-30,8173.92,-0.004526120762384564,0.5893708063052469,7721.01,6723.35,6662.12,6615.29,7730.93,7604.58,7525.71,7418.78,7009.84,7024.19,6934.82
2018-07-31,7730.93,-0.05571943212300709,0.6288511302112268,8397.24,7317.44,6296.91,6513.86,7604.58,7525.71,7418.78,7009.84,7024.19,6934.82,6720.06
2018-08-01,7604.58,-0.016478468479518643,0.6219297416827875,8175.64,7381.9,6378.07,6586.98,7525.71,7418.78,7009.84,7024.19,6934.82,6720.06,6285.0
2018-08-02,7525.71,-0.010425539018218475,0.6201301353612465,7920.0,7466.21,6250.57,6529.2,7418.78,7009.84,7024.19,6934.82,6720.06,6285.0,6529.79
2018-08-03,7418.78,-0.014310535167938794,0.6232051352888484,8188.57,7337.53,6214.57,6609.78,7009.84,7024.19,6934.82,6720.06,6285.0,6529.79,6144.01
2018-08-04,7009.84,-0.05669974692594556,0.6570288487630582,8225.04,7398.78,6251.99,6756.98,7024.19,6934.82,6720.06,6285.0,6529.79,6144.01,6232.35
2018-08-05,7024.19,0.002045029831224618,0.656057351589576,8211.0,7394.79,6353.01,6712.1,6934.82,6720.06,6285.0,6529.79,6144.01,6232.35,6308.33
2018-08-06,6934.82,-0.012804807950119665,0.6539397485934705,8173.92,7721.01,6723.35,6662.12,6720.06,6285.0,6529.79,6144.01,6232.35,6308.33,6246.35
2018-08-07,6720.06,-0.031458015064116024,0.6631863866536212,7730.93,8397.24,7317.44,6296.91,6285.0,6529.79,6144.01,6232.35,6308.33,6246.35,6188.08
2018-08-08,6285.0,-0.06693124102441655,0.7029030206267197,7604.58,8175.64,7381.9,6378.07,6529.79,6144.01,6232.35,6308.33,6246.35,6188.08,6267.16
2018-08-09,6529.79,0.0382089414640777,0.6879773524901392,7525.71,7920.0,7466.21,6250.57,6144.01,6232.35,6308.33,6246.35,6188.08,6267.16,6311.75
2018-08-10,6144.01,-0.06089716005807519,0.7196464127593472,7418.78,8188.57,7337.53,6214.57,6232.35,6308.33,6246.35,6188.08,6267.16,6311.75,6584.49
2018-08-11,6232.35,0.014275845289050121,0.7182665584540433,7009.84,8225.04,7398.78,6251.99,6308.33,6246.35,6188.08,6267.16,6311.75,6584.49,6387.96
2018-08-12,6308.33,0.012117513516414526,0.7191971304221095,7024.19,8211.0,7394.79,6353.01,6246.35,6188.08,6267.16,6311.75,6584.49,6387.96,6477.53
2018-08-13,6246.35,-0.009873689099789142,0.7197997452154609,6934.82,8173.92,7721.01,6723.35,6188.08,6267.16,6311.75,6584.49,6387.96,6477.53,6254.84
2018-08-14,6188.08,-0.009372432278415936,0.7181181109447672,6720.06,7730.93,8397.24,7317.44,6267.16,6311.75,6584.49,6387.96,6477.53,6254.84,6480.0
2018-08-15,6267.16,0.012698440598051607,0.6895934252640429,6285.0,7604.58,8175.64,7381.9,6311.75,6584.49,6387.96,6477.53,6254.84,6480.0,6360.89
2018-08-16,6311.75,0.007089674188074853,0.615494205880743,6529.79,7525.71,7920.0,7466.21,6584.49,6387.96,6477.53,6254.84,6480.0,6360.89,6525.01
2018-08-17,6584.49,0.04230390778718328,0.6356710996884877,6144.01,7418.78,8188.57,7337.53,6387.96,6477.53,6254.84,6480.0,6360.89,6525.01,6681.64
2018-08-18,6387.96,-0.030301914856385295,0.6397556957461038,6232.35,7009.84,8225.04,7398.78,6477.53,6254.84,6480.0,6360.89,6525.01,6681.64,6733.64
2018-08-19,6477.53,0.013924296267447166,0.641568252879023,6308.33,7024.19,8211.0,7394.79,6254.84,6480.0,6360.89,6525.01,6681.64,6733.64,6700.0
2018-08-20,6254.84,-0.03498370080450283,0.6487129062672214,6246.35,6934.82,8173.92,7721.01,6480.0,6360.89,6525.01,6681.64,6733.64,6700.0,6908.64
2018-08-21,6480.0,0.035364946308841766,0.6641425320511569,6188.08,6720.06,7730.93,8397.24,6360.89,6525.01,6681.64,6733.64,6700.0,6908.64,7076.11
2018-08-22,6360.89,-0.018552205695517878,0.6430584976430178,6267.16,6285.0,7604.58,8175.64,6525.01,6681.64,6733.64,6700.0,6908.64,7076.11,7031.22
2018-08-23,6525.01,0.02547418110596709,0.5674755338161418,6311.75,6529.79,7525.71,7920.0,6681.64,6733.64,6700.0,6908.64,7076.11,7031.22,6984.84
2018-08-24,6681.64,0.023720980623559363,0.5742139419745669,6584.49,6144.01,7418.78,8188.57,6733.64,6700.0,6908.64,7076.11,7031.22,6984.84,7011.21
2018-08-25,6733.64,0.007752392858191145,0.5690453190199423,6387.96,6232.35,7009.84,8225.04,6700.0,6908.64,7076.11,7031.22,6984.84,7011.21,7200.01
2018-08-26,6700.0,-0.005008332859462741,0.5516260629848667,6477.53,6308.33,7024.19,8211.0,6908.64,7076.11,7031.22,6984.84,7011.21,7200.01,7302.01
2018-08-27,6908.64,0.030665275803412877,0.5656890725692812,6254.84,6246.35,6934.82,8173.92,7076.11,7031.22,6984.84,7011.21,7200.01,7302.01,7263.02
2018-08-28,7076.11,0.023951519482310835,0.5750362915453312,6480.0,6188.08,6720.06,7730.93,7031.22,6984.84,7011.21,7200.01,7302.01,7263.02,7359.06
2018-08-29,7031.22,-0.006364088953719495,0.5750546406557346,6360.89,6267.16,6285.0,7604.58,6984.84,7011.21,7200.01,7302.01,7263.02,7359.06,6700.0
2018-08-30,6984.84,-0.00661814650998183,0.5453036103865989,6525.01,6311.75,6529.79,7525.71,7011.21,7200.01,7302.01,7263.02,7359.06,6700.0,6516.01
2018-08-31,7011.21,0.003768210488415819,0.5437547497979691,6681.64,6584.49,6144.01,7418.78,7200.01,7302.01,7263.02,7359.06,6700.0,6516.01,6395.54
2018-09-01,7200.01,0.026572118202575292,0.5523909818038584,6733.64,6387.96,6232.35,7009.84,7302.01,7263.02,7359.06,6700.0,6516.01,6395.54,6185.05
2018-09-02,7302.01,0.014067237810384827,0.5529597797895617,6700.0,6477.53,6308.33,7024.19,7263.02,7359.06,6700.0,6516.01,6395.54,6185.05,6250.81
2018-09-03,7263.02,-0.005353932417028108,0.5150143969684589,6908.64,6254.84,6246.35,6934.82,7359.06,6700.0,6516.01,6395.54,6185.05,6250.81,6312.0
2018-09-04,7359.06,0.013136486889629234,0.5166985004658043,7076.11,6480.0,6188.08,6720.06,6700.0,6516.01,6395.54,6185.05,6250.81,6312.0,6294.91
2018-09-05,6700.0,-0.09382468079599963,0.6132887322702234,7031.22,6360.89,6267.16,6285.0,6516.01,6395.54,6185.05,6250.81,6312.0,6294.91,6338.62
2018-09-06,6516.01,-0.027845300974444133,0.611167303433608,6984.84,6525.01,6311.75,6529.79,6395.54,6185.05,6250.81,6312.0,6294.91,6338.62,6487.38
2018-09-07,6395.54,-0.018661352987100796,0.5672709718843075,7011.21,6681.64,6584.49,6144.01,6185.05,6250.81,6312.0,6294.91,6338.62,6487.38,6476.63
2018-09-08,6185.05,-0.03346578254922665,0.5625040076439918,7200.01,6733.64,6387.96,6232.35,6250.81,6312.0,6294.91,6338.62,6487.38,6476.63,6514.96
2018-09-09,6250.81,0.010575965464806937,0.5217784077693525,7302.01,6700.0,6477.53,6308.33,6312.0,6294.91,6338.62,6487.38,6476.63,6514.96,6505.0
2018-09-10,6312.0,0.009741528192617485,0.5205179923618627,7263.02,6908.64,6254.84,6246.35,6294.91,6338.62,6487.38,6476.63,6514.96,6505.0,6248.69
2018-09-11,6294.91,-0.0027112132106262396,0.5188922510692535,7359.06,7076.11,6480.0,6188.08,6338.62,6487.38,6476.63,6514.96,6505.0,6248.69,6336.45
2018-09-12,6338.62,0.006919708808447703,0.5182050656286656,6700.0,7031.22,6360.89,6267.16,6487.38,6476.63,6514.96,6505.0,6248.69,6336.45,6391.89
2018-09-13,6487.38,0.023197672069712336,0.5228366169306026,6516.01,6984.84,6525.01,6311.75,6476.63,6514.96,6505.0,6248.69,6336.45,6391.89,6492.0
2018-09-14,6476.63,-0.0016584378543234896,0.5213882867272477,6395.54,7011.21,6681.64,6584.49,6514.96,6505.0,6248.69,6336.45,6391.89,6492.0,6759.02
2018-09-15,6514.96,0.0059007575235102555,0.5212327333556547,6185.05,7200.01,6733.64,6387.96,6505.0,6248.69,6336.45,6391.89,6492.0,6759.02,6723.05
2018-09-16,6505.0,-0.0015299589158250337,0.4995476685836293,6250.81,7302.01,6700.0,6477.53,6248.69,6336.45,6391.89,6492.0,6759.02,6723.05,6708.0
2018-09-17,6248.69,-0.04019927018530844,0.5081222818726662,6312.0,7263.02,6908.64,6254.84,6336.45,6391.89,6492.0,6759.02,6723.05,6708.0,6581.39
2018-09-18,6336.45,0.013946832938242788,0.5081304710790104,6294.91,7359.06,7076.11,6480.0,6391.89,6492.0,6759.02,6723.05,6708.0,6581.39,6447.54
2018-09-19,6391.89,0.008711324587229893,0.49371480264273265,6338.62,6700.0,7031.22,6360.89,6492.0,6759.02,6723.05,6708.0,6581.39,6447.54,6465.12
2018-09-20,6492.0,0.015540650347712062,0.48088290670306627,6487.38,6516.01,6984.84,6525.01,6759.02,6723.05,6708.0,6581.39,6447.54,6465.12,6689.13
2018-09-21,6759.02,0.04030725947910054,0.4958024279667009,6476.63,6395.54,7011.21,6681.64,6723.05,6708.0,6581.39,6447.54,6465.12,6689.13,6634.58
2018-09-22,6723.05,-0.005335988516169763,0.48906238604507546,6514.96,6185.05,7200.01,6733.64,6708.0,6581.39,6447.54,6465.12,6689.13,6634.58,6596.38
2018-09-23,6708.0,-0.0022410766543132558,0.48221542566617187,6505.0,6250.81,7302.01,6700.0,6581.39,6447.54,6465.12,6689.13,6634.58,6596.38,6626.57
2018-09-24,6581.39,-0.01905487473246544,0.48593442547283444,6248.69,6312.0,7263.02,6908.64,6447.54,6465.12,6689.13,6634.58,6596.38,6626.57,6611.61
2018-09-25,6447.54,-0.020547306519357253,0.49064331695750435,6336.45,6294.91,7359.06,7076.11,6465.12,6689.13,6634.58,6596.38,6626.57,6611.61,6525.79
2018-09-26,6465.12,0.002722910827337732,0.4772426322664009,6391.89,6338.62,6700.0,7031.22,6689.13,6634.58,6596.38,6626.57,6611.61,6525.79,6510.0
2018-09-27,6689.13,0.0340622473040466,0.4854514701386023,6492.0,6487.38,6516.01,6984.84,6634.58,6596.38,6626.57,6611.61,6525.79,6510.0,6593.79
2018-09-28,6634.58,-0.008188455738147228,0.48570546068002735,6759.02,6476.63,6395.54,7011.21,6596.38,6626.57,6611.61,6525.79,6510.0,6593.79,6635.65
2018-09-29,6596.38,-0.005774351391320126,0.4856119807943963,6723.05,6514.96,6185.05,7200.01,6626.57,6611.61,6525.79,6510.0,6593.79,6635.65,6594.27
2018-09-30,6626.57,0.00456631121771178,0.4857373453977631,6708.0,6505.0,6250.81,7302.01,6611.61,6525.79,6510.0,6593.79,6635.65,6594.27,6615.26
2018-10-01,6611.61,-0.0022601303756572435,0.474767779160729,6581.39,6248.69,6312.0,7263.02,6525.79,6510.0,6593.79,6635.65,6594.27,6615.26,6673.01
2018-10-02,6525.79,-0.013065175876138691,0.4720301364526722,6447.54,6336.45,6294.91,7359.06,6510.0,6593.79,6635.65,6594.27,6615.26,6673.01,6656.61
2018-10-03,6510.0,-0.0024225624564945406,0.47201521906313937,6465.12,6391.89,6338.62,6700.0,6593.79,6635.65,6594.27,6615.26,6673.01,6656.61,6631.0
2018-10-04,6593.79,0.012788840788172674,0.47186115557309244,6689.13,6492.0,6487.38,6516.01,6635.65,6594.27,6615.26,6673.01,6656.61,6631.0,6252.68
2018-10-05,6635.65,0.006328331312572889,0.3426062001798105,6634.58,6759.02,6476.63,6395.54,6594.27,6615.26,6673.01,6656.61,6631.0,6252.68,6298.01
2018-10-06,6594.27,-0.006255538195129945,0.3287734077509356,6596.38,6723.05,6514.96,6185.05,6615.26,6673.01,6656.61,6631.0,6252.68,6298.01,6332.93
2018-10-07,6615.26,0.0031780112791526716,0.3215852785058965,6626.57,6708.0,6505.0,6250.81,6673.01,6656.61,6631.0,6252.68,6298.01,6332.93,6339.34
2018-10-08,6673.01,0.008691931091452958,0.2972060658110516,6611.61,6581.39,6248.69,6312.0,6656.61,6631.0,6252.68,6298.01,6332.93,6339.34,6752.5
2018-10-09,6656.61,-0.0024606865424725453,0.2962418265292292,6525.79,6447.54,6336.45,6294.91,6631.0,6252.68,6298.01,6332.93,6339.34,6752.5,6759.27
2018-10-10,6631.0,-0.003854723567495947,0.29562114373169796,6510.0,6465.12,6391.89,6338.62,6252.68,6298.01,6332.93,6339.34,6752.5,6759.27,6740.89
2018-10-11,6252.68,-0.05874545054686773,0.36295385446412776,6593.79,6689.13,6492.0,6487.38,6298.01,6332.93,6339.34,6752.5,6759.27,6740.89,6618.96
2018-10-12,6298.01,0.007223538643362246,0.3630306632744987,6635.65,6634.58,6759.02,6476.63,6332.93,6339.34,6752.5,6759.27,6740.89,6618.96,6528.88
2018-10-13,6332.93,0.005529293776654126,0.3538032866488204,6594.27,6596.38,6723.05,6514.96,6339.34,6752.5,6759.27,6740.89,6618.96,6528.88,6588.4
2018-10-14,6339.34,0.0010116578240036086,0.3538446316563284,6615.26,6626.57,6708.0,6505.0,6752.5,6759.27,6740.89,6618.96,6528.88,6588.4,6590.11
2018-10-15,6752.5,0.06313814460075089,0.41784722090489645,6673.01,6611.61,6581.39,6248.69,6759.27,6740.89,6618.96,6528.88,6588.4,6590.11,6581.2
2018-10-16,6759.27,0.0010020893734170356,0.41773281207460444,6656.61,6525.79,6447.54,6336.45,6740.89,6618.96,6528.88,6588.4,6590.11,6581.2,6553.51
2018-10-17,6740.89,-0.0027229323735908574,0.39046122194170596,6631.0,6510.0,6465.12,6391.89,6618.96,6528.88,6588.4,6590.11,6581.2,6553.51,6565.5
2018-10-18,6618.96,-0.01825370577487822,0.39473918978708666,6252.68,6593.79,6689.13,6492.0,6528.88,6588.4,6590.11,6581.2,6553.51,6565.5,6528.09
2018-10-19,6528.88,-0.013702845411439162,0.3972867656038669,6298.01,6635.65,6634.58,6759.02,6588.4,6590.11,6581.2,6553.51,6565.5,6528.09,6538.63
2018-10-20,6588.4,0.009075114428241183,0.39488116064840034,6332.93,6594.27,6596.38,6723.05,6590.11,6581.2,6553.51,6565.5,6528.09,6538.63,6505.6
2018-10-21,6590.11,0.00025951340623444057,0.3678395319939832,6339.34,6615.26,6626.57,6708.0,6581.2,6553.51,6565.5,6528.09,6538.63,6505.6,6489.93
2018-10-22,6581.2,-0.0013529408022600999,0.3674894841840446,6752.5,6673.01,6611.61,6581.39,6553.51,6565.5,6528.09,6538.63,6505.6,6489.93,6344.5
2018-10-23,6553.51,-0.004216315551869199,0.367657553177937,6759.27,6656.61,6525.79,6447.54,6565.5,6528.09,6538.63,6505.6,6489.93,6344.5,6330.87
2018-10-24,6565.5,0.0018278823384338691,0.3617589513183307,6740.89,6631.0,6510.0,6465.12,6528.09,6538.63,6505.6,6489.93,6344.5,6330.87,6371.93
2018-10-25,6528.09,-0.005714261985447439,0.35483024018069215,6618.96,6252.68,6593.79,6689.13,6538.63,6505.6,6489.93,6344.5,6330.87,6371.93,6410.0
2018-10-26,6538.63,0.0016132590712825106,0.3547604580758549,6528.88,6298.01,6635.65,6634.58,6505.6,6489.93,6344.5,6330.87,6371.93,6410.0,6433.98
2018-10-27,6505.6,-0.005064318950867275,0.3336221210965969,6588.4,6332.93,6594.27,6596.38,6489.93,6344.5,6330.87,6371.93,6410.0,6433.98,6387.09
2018-10-28,6489.93,-0.0024115996184044136,0.3326467423132613,6590.11,6339.34,6615.26,6626.57,6344.5,6330.87,6371.93,6410.0,6433.98,6387.09,6485.85
2018-10-29,6344.5,-0.02266344897865391,0.3409791956241029,6581.2,6752.5,6673.01,6611.61,6330.87,6371.93,6410.0,6433.98,6387.09,6485.85,6468.99
2018-10-30,6330.87,-0.002150628384569255,0.34032959428220594,6553.51,6759.27,6656.61,6525.79,6371.93,6410.0,6433.98,6387.09,6485.85,6468.99,6519.11
2018-10-31,6371.93,0.0064647389553645,0.3414501599834529,6565.5,6740.89,6631.0,6510.0,6410.0,6433.98,6387.09,6485.85,6468.99,6519.11,6578.46
2018-11-01,6410.0,0.005956864506951309,0.33959376431662086,6528.09,6618.96,6252.68,6593.79,6433.98,6387.09,6485.85,6468.99,6519.11,6578.46,6479.84
2018-11-02,6433.98,0.003734049393257197,0.33985604489320687,6538.63,6528.88,6298.01,6635.65,6387.09,6485.85,6468.99,6519.11,6578.46,6479.84,6419.99
2018-11-03,6387.09,-0.0073145547230699295,0.3372674064658428,6505.6,6588.4,6332.93,6594.27,6485.85,6468.99,6519.11,6578.46,6479.84,6419.99,6433.05
2018-11-04,6485.85,0.015344115280428195,0.3411970290333224,6489.93,6590.11,6339.34,6615.26,6468.99,6519.11,6578.46,6479.84,6419.99,6433.05,6449.81
2018-11-05,6468.99,-0.0026028896565180163,0.34069421647783826,6344.5,6581.2,6752.5,6673.01,6519.11,6578.46,6479.84,6419.99,6433.05,6449.81,6453.07
2018-11-06,6519.11,0.007717872327009078,0.3417009741933033,6330.87,6553.51,6759.27,6656.61,6578.46,6479.84,6419.99,6433.05,6449.81,6453.07,6457.66
2018-11-07,6578.46,0.009062811838116712,0.3418288068732087,6371.93,6565.5,6740.89,6631.0,6479.84,6419.99,6433.05,6449.81,6453.07,6457.66,5922.41
2018-11-08,6479.84,-0.01510485669047986,0.34557759816315997,6410.0,6528.09,6618.96,6252.68,6419.99,6433.05,6449.81,6453.07,6457.66,5922.41,5753.4
2018-11-09,6419.99,-0.009279258633064185,0.34667815061228474,6433.98,6538.63,6528.88,6298.01,6433.05,6449.81,6453.07,6457.66,5922.41,5753.4,5655.94
2018-11-10,6433.05,0.002032204753841915,0.27731178159698494,6387.09,6505.6,6588.4,6332.93,6449.81,6453.07,6457.66,5922.41,5753.4,5655.94,5628.29
2018-11-11,6449.81,0.0026019081873635956,0.276462675990969,6485.85,6489.93,6590.11,6339.34,6453.07,6457.66,5922.41,5753.4,5655.94,5628.29,5662.0
2018-11-12,6453.07,0.0005053135531552418,0.2759344802364983,6468.99,6344.5,6581.2,6752.5,6457.66,5922.41,5753.4,5655.94,5628.29,5662.0,4910.03
2018-11-13,6457.66,0.000711036508916558,0.27593119030878577,6519.11,6330.87,6553.51,6759.27,5922.41,5753.4,5655.94,5628.29,5662.0,4910.03,4558.86
2018-11-14,5922.41,-0.08652356242154874,0.3363236827078674,6578.46,6371.93,6565.5,6740.89,5753.4,5655.94,5628.29,5662.0,4910.03,4558.86,4661.07
2018-11-15,5753.4,-0.02895247624443291,0.3463784417734522,6479.84,6410.0,6528.09,6618.96,5655.94,5628.29,5662.0,4910.03,4558.86,4661.07,4370.0
2018-11-16,5655.94,-0.017084664071226715,0.3486119030360414,6419.99,6433.98,6538.63,6528.88,5628.29,5662.0,4910.03,4558.86,4661.07,4370.0,4420.61
2018-11-17,5628.29,-0.004900654335793468,0.3457314329646869,6433.05,6387.09,6505.6,6588.4,5662.0,4910.03,4558.86,4661.07,4370.0,4420.61,3932.44
2018-11-18,5662.0,0.005971520691174607,0.34659760441479637,6449.81,6485.85,6489.93,6590.11,4910.03,4558.86,4661.07,4370.0,4420.61,3932.44,4085.78
2018-11-19,4910.03,-0.14249713492231114,0.5889865125770646,6453.07,6468.99,6344.5,6581.2,4558.86,4661.07,4370.0,4420.61,3932.44,4085.78,3862.2
2018-11-20,4558.86,-0.07420745949631138,0.6288995920417326,6457.66,6519.11,6330.87,6553.51,4661.07,4370.0,4420.61,3932.44,4085.78,3862.2,3875.21
2018-11-21,4661.07,0.022172443243175764,0.639312981464982,5922.41,6578.46,6371.93,6565.5,4370.0,4420.61,3932.44,4085.78,3862.2,3875.21,4264.85
2018-11-22,4370.0,-0.06448202640676247,0.6647267898229781,5753.4,6479.84,6410.0,6528.09,4420.61,3932.44,4085.78,3862.2,3875.21,4264.85,4295.84
2018-11-23,4420.61,0.011514686509508765,0.6683882415386728,5655.94,6419.99,6433.98,6538.63,3932.44,4085.78,3862.2,3875.21,4264.85,4295.84,4041.32
2018-11-24,3932.44,-0.11701759725291112,0.7593005743318627,5628.29,6433.05,6387.09,6505.6,4085.78,3862.2,3875.21,4264.85,4295.84,4041.32,4190.02
2018-11-25,4085.78,0.03825255419313612,0.780986970205599,5662.0,6449.81,6485.85,6489.93,3862.2,3875.21,4264.85,4295.84,4041.32,4190.02,4161.01
2018-11-26,3862.2,-0.05627568325274474,0.7925731032304671,4910.03,6453.07,6468.99,6344.5,3875.21,4264.85,4295.84,4041.32,4190.02,4161.01,3884.01
2018-11-27,3875.21,0.0033628855807920814,0.7942000491509789,4558.86,6457.66,6519.11,6330.87,4264.85,4295.84,4041.32,4190.02,4161.01,3884.01,3951.64
2018-11-28,4264.85,0.09580715545160723,0.8861087339085149,4661.07,5922.41,6578.46,6371.93,4295.84,4041.32,4190.02,4161.01,3884.01,3951.64,3769.84
2018-11-29,4295.84,0.007240102228244788,0.8881907765709683,4370.0,5753.4,6479.84,6410.0,4041.32,4190.02,4161.01,3884.01,3951.64,3769.84,3508.75
2018-11-30,4041.32,-0.06107574128430203,0.900786235574878,4420.61,5655.94,6419.99,6433.98,4190.02,4161.01,3884.01,3951.64,3769.84,3508.75,3403.55
2018-12-01,4190.02,0.03613413591151425,0.915723857642064,3932.44,5628.29,6433.05,6387.09,4161.01,3884.01,3951.64,3769.84,3508.75,3403.55,3410.93
2018-12-02,4161.01,-0.006947673925982669,0.9138510724721627,4085.78,5662.0,6449.81,6485.85,3884.01,3951.64,3769.84,3508.75,3403.55,3410.93,3545.37
2018-12-03,3884.01,-0.0688897081753039,0.9327771013630779,3862.2,4910.03,6453.07,6468.99,3951.64,3769.84,3508.75,3403.55,3410.93,3545.37,3432.88
2018-12-04,3951.64,0.01726255752792494,0.9336271151281585,3875.21,4558.86,6457.66,6519.11,3769.84,3508.75,3403.55,3410.93,3545.37,3432.88,3380.39
2018-12-05,3769.84,-0.047098122377981194,0.9381703479034115,4264.85,4661.07,5922.41,6578.46,3508.75,3403.55,3410.93,3545.37,3432.88,3380.39,3445.0
2018-12-06,3508.75,-0.07177271154704609,0.95162067703671,4295.84,4370.0,5753.4,6479.84,3403.55,3410.93,3545.37,3432.88,3380.39,3445.0,3302.06
2018-12-07,3403.55,-0.030440844136481928,0.9460563973062039,4041.32,4420.61,5655.94,6419.99,3410.93,3545.37,3432.88,3380.39,3445.0,3302.06,3224.17
2018-12-08,3410.93,0.002165976827357233,0.9495444682713288,4190.02,3932.44,5628.29,6433.05,3545.37,3432.88,3380.39,3445.0,3302.06,3224.17,3211.72
2018-12-09,3545.37,0.03865754550827522,0.9717032570444781,4161.01,4085.78,5662.0,6449.81,3432.88,3380.39,3445.0,3302.06,3224.17,3211.72,3228.67
2018-12-10,3432.88,-0.03224296787847104,0.9693659698641518,3884.01,3862.2,4910.03,6453.07,3380.39,3445.0,3302.06,3224.17,3211.72,3228.67,3509.08
2018-12-11,3380.39,-0.015408471560615348,0.9658913702432168,3951.64,3875.21,4558.86,6457.66,3445.0,3302.06,3224.17,3211.72,3228.67,3509.08,3652.98
2018-12-12,3445.0,0.018932817011602716,0.9732941393915018,3769.84,4264.85,4661.07,5922.41,3302.06,3224.17,3211.72,3228.67,3509.08,3652.98,3662.22
2018-12-13,3302.06,-0.04237738832720035,0.972844913349585,3508.75,4295.84,4370.0,5753.4,3224.17,3211.72,3228.67,3509.08,3652.98,3662.22,4049.62
2018-12-14,3224.17,-0.023870963355656402,0.9449804201866517,3403.55,4041.32,4420.61,5655.94,3211.72,3228.67,3509.08,3652.98,3662.22,4049.62,3838.66
2018-12-15,3211.72,-0.003868933598917332,0.9461290405336371,3410.93,4190.02,3932.44,5628.29,3228.67,3509.08,3652.98,3662.22,4049.62,3838.66,3948.91
2018-12-16,3228.67,0.005263668546469598,0.9500303973990596,3545.37,4161.01,4085.78,5662.0,3509.08,3652.98,3662.22,4049.62,3838.66,3948.91,3929.71
2018-12-17,3509.08,0.0832836071289746,1.0137930780440283,3432.88,3884.01,3862.2,4910.03,3652.98,3662.22,4049.62,3838.66,3948.91,3929.71,4008.01
2018-12-18,3652.98,0.04018937798677158,1.029917594477969,3380.39,3951.64,3875.21,4558.86,3662.22,4049.62,3838.66,3948.91,3929.71,4008.01,3745.79
2018-12-19,3662.22,0.0025262480626872907,0.9218164504374132,3445.0,3769.84,4264.85,4661.07,4049.62,3838.66,3948.91,3929.71,4008.01,3745.79,3777.74
2018-12-20,4049.62,0.1005535286471596,0.9684412296385156,3302.06,3508.75,4295.84,4370.0,3838.66,3948.91,3929.71,4008.01,3745.79,3777.74,3567.91
2018-12-21,3838.66,-0.053499702189735716,0.978668447709305,3224.17,3403.55,4041.32,4420.61,3948.91,3929.71,4008.01,3745.79,3777.74,3567.91,3839.26
2018-12-22,3948.91,0.0283162440987348,0.9628361919180698,3211.72,3410.93,4190.02,3932.44,3929.71,4008.01,3745.79,3777.74,3567.91,3839.26,3695.32
2018-12-23,3929.71,-0.00487395965505564,0.9613416262457584,3228.67,3545.37,4161.01,4085.78,4008.01,3745.79,3777.74,3567.91,3839.26,3695.32,3801.91
2018-12-24,4008.01,0.019729226979577484,0.873151525166732,3509.08,3432.88,3884.01,3862.2,3745.79,3777.74,3567.91,3839.26,3695.32,3801.91,3702.9
2018-12-25,3745.79,-0.06766231613606057,0.8936352769022731,3652.98,3380.39,3951.64,3875.21,3777.74,3567.91,3839.26,3695.32,3801.91,3702.9,3797.14
2018-12-26,3777.74,0.008493404576570976,0.8732660952867358,3662.22,3445.0,3769.84,4264.85,3567.91,3839.26,3695.32,3801.91,3702.9,3797.14,3858.56
2018-12-27,3567.91,-0.057145957045561246,0.8949273300884188,4049.62,3302.06,3508.75,4295.84,3839.26,3695.32,3801.91,3702.9,3797.14,3858.56,3766.78
2018-12-28,3839.26,0.07329964951128502,0.8667276343963071,3838.66,3224.17,3403.55,4041.32,3695.32,3801.91,3702.9,3797.14,3858.56,3766.78,3792.01
2018-12-29,3695.32,-0.03821248552710063,0.8741048036964755,3948.91,3211.72,3410.93,4190.02,3801.91,3702.9,3797.14,3858.56,3766.78,3792.01,3770.96
2018-12-30,3801.91,0.02843641786578249,0.8574586579888666,3929.71,3228.67,3545.37,4161.01,3702.9,3797.14,3858.56,3766.78,3792.01,3770.96,3987.6
2018-12-31,3702.9,-0.02638727559849181,0.8501305043357972,4008.01,3509.08,3432.88,3884.01,3797.14,3858.56,3766.78,3792.01,3770.96,3987.6,3975.45
2019-01-01,3797.14,0.02513185534819952,0.8561301615144282,3745.79,3652.98,3380.39,3951.64,3858.56,3766.78,3792.01,3770.96,3987.6,3975.45,3955.13
2019-01-02,3858.56,0.016045905094793787,0.8245987061327866,3777.74,3662.22,3445.0,3769.84,3766.78,3792.01,3770.96,3987.6,3975.45,3955.13,3966.65
2019-01-03,3766.78,-0.024073531785738185,0.8261729001963468,3567.91,4049.62,3302.06,3508.75,3792.01,3770.96,3987.6,3975.45,3955.13,3966.65,3585.88
2019-01-04,3792.01,0.0066756964269890735,0.8100321005739247,3839.26,3838.66,3224.17,3403.55,3770.96,3987.6,3975.45,3955.13,3966.65,3585.88,3601.31
2019-01-05,3770.96,-0.005566610566114471,0.7678162021659143,3695.32,3948.91,3211.72,3410.93,3987.6,3975.45,3955.13,3966.65,3585.88,3601.31,3583.13
2019-01-06,3987.6,0.055859935212426354,0.7802617844434533,3801.91,3929.71,3228.67,3545.37,3975.45,3955.13,3966.65,3585.88,3601.31,3583.13,3476.81
2019-01-07,3975.45,-0.0030515969204376486,0.7807358899405464,3702.9,4008.01,3509.08,3432.88,3955.13,3966.65,3585.88,3601.31,3583.13,3476.81,3626.09
2019-01-08,3955.13,-0.005124478781474369,0.7719405868650161,3797.14,3745.79,3652.98,3380.39,3966.65,3585.88,3601.31,3583.13,3476.81,3626.09,3553.06
2019-01-09,3966.65,0.0029084392953749355,0.7610320160715096,3858.56,3777.74,3662.22,3445.0,3585.88,3601.31,3583.13,3476.81,3626.09,3553.06,3591.84
2019-01-10,3585.88,-0.10091799860589419,0.8436034376540584,3766.78,3567.91,4049.62,3302.06,3601.31,3583.13,3476.81,3626.09,3553.06,3591.84,3616.21
2019-01-11,3601.31,0.004293757005468074,0.8414405653454017,3792.01,3839.26,3838.66,3224.17,3583.13,3476.81,3626.09,3553.06,3591.84,3616.21,3594.87
2019-01-12,3583.13,-0.005060948049945182,0.8269027271741587,3770.96,3695.32,3948.91,3211.72,3476.81,3626.09,3553.06,3591.84,3616.21,3594.87,3665.3
2019-01-13,3476.81,-0.03012151338560415,0.8297154919729246,3987.6,3801.91,3929.71,3228.67,3626.09,3553.06,3591.84,3616.21,3594.87,3665.3,3539.28
2019-01-14,3626.09,0.04203972603983707,0.8406504906880283,3975.45,3702.9,4008.01,3509.08,3553.06,3591.84,3616.21,3594.87,3665.3,3539.28,3526.9
2019-01-15,3553.06,-0.02034572872980224,0.8449183379322321,3955.13,3797.14,3745.79,3652.98,3591.84,3616.21,3594.87,3665.3,3539.28,3526.9,3570.93
2019-01-16,3591.84,0.01085540198408706,0.7947878492232787,3966.65,3858.56,3777.74,3662.22,3616.21,3594.87,3665.3,3539.28,3526.9,3570.93,3552.82
2019-01-17,3616.21,0.006761910046847543,0.7823804557568013,3585.88,3766.78,3567.91,4049.62,3594.87,3665.3,3539.28,3526.9,3570.93,3552.82,3569.62
2019-01-18,3594.87,-0.005918686880883267,0.7825459420343135,3601.31,3792.01,3839.26,3838.66,3665.3,3539.28,3526.9,3570.93,3552.82,3569.62,3565.29
2019-01-19,3665.3,0.01940235819347309,0.6970151795690277,3583.13,3770.96,3695.32,3948.91,3539.28,3526.9,3570.93,3552.82,3569.62,3565.29,3565.25
2019-01-20,3539.28,-0.03498687074880035,0.6830939595033744,3476.81,3987.6,3801.91,3929.71,3526.9,3570.93,3552.82,3569.62,3565.29,3565.25,3550.84
2019-01-21,3526.9,-0.003504018484372307,0.6738600241843571,3626.09,3975.45,3702.9,4008.01,3570.93,3552.82,3569.62,3565.29,3565.25,3550.84,3434.15
2019-01-22,3570.93,0.012406767923614694,0.6761946537525958,3553.06,3955.13,3797.14,3745.79,3552.82,3569.62,3565.29,3565.25,3550.84,3434.15,3411.04
2019-01-23,3552.82,-0.005084411725233669,0.671128763072799,3591.84,3966.65,3858.56,3777.74,3569.62,3565.29,3565.25,3550.84,3434.15,3411.04,3458.18
2019-01-24,3569.62,0.004717493206436952,0.6310273194264393,3616.21,3585.88,3766.78,3567.91,3565.29,3565.25,3550.84,3434.15,3411.04,3458.18,3434.1
2019-01-25,3565.29,-0.0012137505677229684,0.6299794979062525,3594.87,3601.31,3792.01,3839.26,3565.25,3550.84,3434.15,3411.04,3458.18,3434.1,3462.07
2019-01-26,3565.25,-1.1219346641478312e-05,0.5976430243624887,3665.3,3583.13,3770.96,3695.32,3550.84,3434.15,3411.04,3458.18,3434.1,3462.07,3504.77
2019-01-27,3550.84,-0.004049982419135288,0.5359118114651654,3539.28,3476.81,3987.6,3801.91,3434.15,3411.04,3458.18,3434.1,3462.07,3504.77,3458.11
2019-01-28,3434.15,-0.033414752855628206,0.5321475087063443,3526.9,3626.09,3975.45,3702.9,3411.04,3458.18,3434.1,3462.07,3504.77,3458.11,3463.22
2019-01-29,3411.04,-0.006752212225881009,0.5204743384166973,3570.93,3553.06,3955.13,3797.14,3458.18,3434.1,3462.07,3504.77,3458.11,3463.22,3471.59
2019-01-30,3458.18,0.013725208982230525,0.5171820376495267,3552.82,3591.84,3966.65,3858.56,3434.1,3462.07,3504.77,3458.11,3463.22,3471.59,3405.37
2019-01-31,3434.1,-0.006987556505922125,0.5078057382912137,3569.62,3616.21,3585.88,3766.78,3462.07,3504.77,3458.11,3463.22,3471.59,3405.37,3398.4
2019-02-01,3462.07,0.008111793465487807,0.5047364077703242,3565.29,3594.87,3601.31,3792.01,3504.77,3458.11,3463.22,3471.59,3405.37,3398.4,3659.04
2019-02-02,3504.77,0.012258221715457639,0.5021031710419436,3565.25,3665.3,3583.13,3770.96,3458.11,3463.22,3471.59,3405.37,3398.4,3659.04,3665.18
2019-02-03,3458.11,-0.013402700741218382,0.5024179773037079,3550.84,3539.28,3476.81,3987.6,3463.22,3471.59,3405.37,3398.4,3659.04,3665.18,3680.06
2019-02-04,3463.22,0.0014765950846030577,0.5025785260437059,3434.15,3526.9,3626.09,3975.45,3471.59,3405.37,3398.4,3659.04,3665.18,3680.06,3631.05
2019-02-05,3471.59,0.00241391013288215,0.4564747778275047,3411.04,3570.93,3553.06,3955.13,3405.37,3398.4,3659.04,3665.18,3680.06,3631.05,3631.46
2019-02-06,3405.37,-0.019259104839806154,0.4592664124817366,3458.18,3552.82,3591.84,3966.65,3398.4,3659.04,3665.18,3680.06,3631.05,3631.46,3609.4
2019-02-07,3398.4,-0.0020488648023813502,0.4593946415761559,3434.1,3569.62,3616.21,3585.88,3659.04,3665.18,3680.06,3631.05,3631.46,3609.4,3590.56
2019-02-08,3659.04,0.07389608530050837,0.5353390253748705,3462.07,3565.29,3594.87,3601.31,3665.18,3680.06,3631.05,3631.46,3609.4,3590.56,3602.47
2019-02-09,3665.18,0.001676629439950937,0.4012140370823132,3504.77,3565.25,3665.3,3583.13,3680.06,3631.05,3631.46,3609.4,3590.56,3602.47,3618.41
2019-02-10,3680.06,0.0040516090298640325,0.4011878473683152,3458.11,3550.84,3539.28,3476.81,3631.05,3631.46,3609.4,3590.56,3602.47,3618.41,3667.58
2019-02-11,3631.05,-0.013407193747153196,0.4037499047914558,3463.22,3434.15,3526.9,3626.09,3631.46,3609.4,3590.56,3602.47,3618.41,3667.58,3898.6
2019-02-12,3631.46,0.00011290862262092172,0.3884251124203295,3471.59,3411.04,3570.93,3553.06,3609.4,3590.56,3602.47,3618.41,3667.58,3898.6,3907.79
2019-02-13,3609.4,-0.006093217726158175,0.3603927456321481,3405.37,3458.18,3552.82,3591.84,3590.56,3602.47,3618.41,3667.58,3898.6,3907.79,3969.74
2019-02-14,3590.56,-0.0052333743519313155,0.35352550820384776,3398.4,3434.1,3569.62,3616.21,3602.47,3618.41,3667.58,3898.6,3907.79,3969.74,3937.31
2019-02-15,3602.47,0.0033115421134242594,0.35167845437234085,3659.04,3462.07,3565.29,3594.87,3618.41,3667.58,3898.6,3907.79,3969.74,3937.31,3962.0
2019-02-16,3618.41,0.0044149815235669295,0.3512137389285413,3665.18,3504.77,3565.25,3665.3,3667.58,3898.6,3907.79,3969.74,3937.31,3962.0,4117.76
2019-02-17,3667.58,0.013497341191241524,0.3536029554070946,3680.06,3458.11,3550.84,3539.28,3898.6,3907.79,3969.74,3937.31,3962.0,4117.76,3743.56
2019-02-18,3898.6,0.0610854703085456,0.40722507578781497,3631.05,3463.22,3434.15,3526.9,3907.79,3969.74,3937.31,3962.0,4117.76,3743.56,3827.92
2019-02-19,3907.79,0.002354482480497084,0.384677866600319,3631.46,3471.59,3411.04,3570.93,3969.74,3937.31,3962.0,4117.76,3743.56,3827.92,3809.23
2019-02-20,3969.74,0.0157286045601741,0.38624164704871766,3609.4,3405.37,3458.18,3552.82,3937.31,3962.0,4117.76,3743.56,3827.92,3809.23,3818.07
2019-02-21,3937.31,-0.00820285235134137,0.38724588900836393,3590.56,3398.4,3434.1,3569.62,3962.0,4117.76,3743.56,3827.92,3809.23,3818.07,3813.69
2019-02-22,3962.0,0.006251199257121855,0.3861902826198341,3602.47,3659.04,3462.07,3565.29,4117.76,3743.56,3827.92,3809.23,3818.07,3813.69,3823.0
2019-02-23,4117.76,0.03856037791205596,0.4049707533132534,3618.41,3665.18,3504.77,3565.25,3743.56,3827.92,3809.23,3818.07,3813.69,3823.0,3819.93
2019-02-24,3743.56,-0.09527229584676795,0.5345912697304862,3667.58,3680.06,3458.11,3550.84,3827.92,3809.23,3818.07,3813.69,3823.0,3819.93,3807.75
2019-02-25,3827.92,0.02228454438909258,0.5393670375161554,3898.6,3631.05,3463.22,3434.15,3809.23,3818.07,3813.69,3823.0,3819.93,3807.75,3715.3
2019-02-26,3809.23,-0.004894505754567034,0.5395015756749163,3907.79,3631.46,3471.59,3411.04,3818.07,3813.69,3823.0,3819.93,3807.75,3715.3,3857.73
2019-02-27,3818.07,0.0023179903657044075,0.5238652051638515,3969.74,3609.4,3405.37,3458.18,3813.69,3823.0,3819.93,3807.75,3715.3,3857.73,3861.84
2019-02-28,3813.69,-0.0011478349635986676,0.5228441169623779,3937.31,3590.56,3398.4,3434.1,3823.0,3819.93,3807.75,3715.3,3857.73,3861.84,3873.64
2019-03-01,3823.0,0.0024382303359971385,0.5216062494997127,3962.0,3602.47,3659.04,3462.07,3819.93,3807.75,3715.3,3857.73,3861.84,3873.64,3864.89
2019-03-02,3819.93,-0.0008033568710194448,0.5205095574187855,4117.76,3618.41,3665.18,3504.77,3807.75,3715.3,3857.73,3861.84,3873.64,3864.89,3943.04
2019-03-03,3807.75,-0.003193634329779857,0.5207560082658508,3743.56,3667.58,3680.06,3458.11,3715.3,3857.73,3861.84,3873.64,3864.89,3943.04,3916.82
2019-03-04,3715.3,-0.024579034902947085,0.5284615919826146,3827.92,3898.6,3631.05,3463.22,3857.73,3861.84,3873.64,3864.89,3943.04,3916.82,3871.61
2019-03-05,3857.73,0.03761949897608185,0.5396605630706545,3809.23,3907.79,3631.46,3471.59,3861.84,3873.64,3864.89,3943.04,3916.82,3871.61,3882.73
2019-03-06,3861.84,0.0010648262502562917,0.539683300228195,3818.07,3969.74,3609.4,3405.37,3873.64,3864.89,3943.04,3916.82,3871.61,3882.73,3866.0
2019-03-07,3873.64,0.0030508796229149976,0.539669786110413,3813.69,3937.31,3590.56,3398.4,3864.89,3943.04,3916.82,3871.61,3882.73,3866.0,3877.12
2019-03-08,3864.89,-0.002261412368743811,0.5338120787813347,3823.0,3962.0,3602.47,3659.04,3943.04,3916.82,3871.61,3882.73,3866.0,3877.12,3923.76
2019-03-09,3943.04,0.020018778312975473,0.5360954377335326,3819.93,4117.76,3618.41,3665.18,3916.82,3871.61,3882.73,3866.0,3877.12,3923.76,4005.98
2019-03-10,3916.82,-0.006671899312085172,0.4759786042543301,3807.75,3743.56,3667.58,3680.06,3871.61,3882.73,3866.0,3877.12,3923.76,4005.98,3981.14
2019-03-11,3871.61,-0.01160965889101032,0.4784365984192272,3715.3,3827.92,3898.6,3631.05,3882.73,3866.0,3877.12,3923.76,4005.98,3981.14,3987.81
2019-03-12,3882.73,0.0028680732654525684,0.4783851249809702,3857.73,3809.23,3907.79,3631.46,3866.0,3877.12,3923.76,4005.98,3981.14,3987.81,4015.53
2019-03-13,3866.0,-0.004318133680231907,0.4757952275877374,3861.84,3818.07,3969.74,3609.4,3877.12,3923.76,4005.98,3981.14,3987.81,4015.53,4043.04
2019-03-14,3877.12,0.0028722291904868377,0.4757482641980122,3873.64,3813.69,3937.31,3590.56,3923.76,4005.98,3981.14,3987.81,4015.53,4043.04,3980.64
2019-03-15,3923.76,0.011957767776503729,0.4759628730962742,3864.89,3823.0,3962.0,3602.47,4005.98,3981.14,3987.81,4015.53,4043.04,3980.64,3986.93
2019-03-16,4005.98,0.020737866966801063,0.4790677957002615,3943.04,3819.93,4117.76,3618.41,3981.14,3987.81,4015.53,4043.04,3980.64,3986.93,4006.01
2019-03-17,3981.14,-0.006220034276640175,0.48030443865929,3916.82,3807.75,3743.56,3667.58,3987.81,4015.53,4043.04,3980.64,3986.93,4006.01,3992.18
2019-03-18,3987.81,0.0016739975925546856,0.480321780402831,3871.61,3715.3,3827.92,3898.6,4015.53,4043.04,3980.64,3986.93,4006.01,3992.18,3936.12
2019-03-19,4015.53,0.006927135632308982,0.4791010534951806,3882.73,3857.73,3809.23,3907.79,4043.04,3980.64,3986.93,4006.01,3992.18,3936.12,3948.55
2019-03-20,4043.04,0.006827540584871963,0.4313365851932031,3866.0,3861.84,3818.07,3969.74,3980.64,3986.93,4006.01,3992.18,3936.12,3948.55,4038.05
2019-03-21,3980.64,-0.015554273864159942,0.4352454924473745,3877.12,3873.64,3813.69,3937.31,3986.93,4006.01,3992.18,3936.12,3948.55,4038.05,4027.81
2019-03-22,3986.93,0.0015789007957782457,0.43184676096876673,3923.76,3864.89,3823.0,3962.0,4006.01,3992.18,3936.12,3948.55,4038.05,4027.81,4103.25
2019-03-23,4006.01,0.004774222311483049,0.43106138477148453,4005.98,3943.04,3819.93,4117.76,3992.18,3936.12,3948.55,4038.05,4027.81,4103.25,4106.97
2019-03-24,3992.18,-0.003458285883080886,0.43078298875182525,3981.14,3916.82,3807.75,3743.56,3936.12,3948.55,4038.05,4027.81,4103.25,4106.97,4103.95
2019-03-25,3936.12,-0.014141981082905222,0.41054474780884087,3987.81,3871.61,3715.3,3827.92,3948.55,4038.05,4027.81,4103.25,4106.97,4103.95,4144.56
2019-03-26,3948.55,0.0031529563817779935,0.23257470714143566,4015.53,3882.73,3857.73,3809.23,4038.05,4027.81,4103.25,4106.97,4103.95,4144.56,4857.29
2019-03-27,4038.05,0.022413479269574252,0.23271818975501854,4043.04,3866.0,3861.84,3818.07,4027.81,4103.25,4106.97,4103.95,4144.56,4857.29,4932.6
2019-03-28,4027.81,-0.002539098249029031,0.23201171535089418,3980.64,3877.12,3873.64,3813.69,4103.25,4106.97,4103.95,4144.56,4857.29,4932.6,4898.66
2019-03-29,4103.25,0.018556538697443437,0.23921734412566592,3986.93,3923.76,3864.89,3823.0,4106.97,4103.95,4144.56,4857.29,4932.6,4898.66,5004.95
2019-03-30,4106.97,0.0009061877159357366,0.23894093443373346,4006.01,4005.98,3943.04,3819.93,4103.95,4144.56,4857.29,4932.6,4898.66,5004.95,5043.89
2019-03-31,4103.95,-0.0007356057874589337,0.23920249765541032,3992.18,3981.14,3916.82,3807.75,4144.56,4857.29,4932.6,4898.66,5004.95,5043.89,5170.27
2019-04-01,4144.56,0.009846706404002677,0.2403096850251985,3936.12,3987.81,3871.61,3715.3,4857.29,4932.6,4898.66,5004.95,5043.89,5170.27,5236.9
2019-04-02,4857.29,0.15868403825725028,0.5936971839920792,3948.55,4015.53,3882.73,3857.73,4932.6,4898.66,5004.95,5043.89,5170.27,5236.9,5150.0
2019-04-03,4932.6,0.015385563184368086,0.5822529141526264,4038.05,4043.04,3866.0,3861.84,4898.66,5004.95,5043.89,5170.27,5236.9,5150.0,5308.25
2019-04-04,4898.66,-0.006904534074751537,0.5758144748261956,4027.81,3980.64,3877.12,3873.64,5004.95,5043.89,5170.27,5236.9,5150.0,5308.25,5017.37
2019-04-05,5004.95,0.021465724378039223,0.5771340155470509,4103.25,3986.93,3923.76,3864.89,5043.89,5170.27,5236.9,5150.0,5308.25,5017.37,5048.01
2019-04-06,5043.89,0.007750187068761612,0.5767936122495383,4106.97,4006.01,4005.98,3943.04,5170.27,5236.9,5150.0,5308.25,5017.37,5048.01,5045.22
2019-04-07,5170.27,0.0247473017520111,0.5779672227041194,4103.95,3992.18,3981.14,3916.82,5236.9,5150.0,5308.25,5017.37,5048.01,5045.22,5131.3
2019-04-08,5236.9,0.01280480868531322,0.5768928946259532,4144.56,3936.12,3987.81,3871.61,5150.0,5308.25,5017.37,5048.01,5045.22,5131.3,5024.95
2019-04-09,5150.0,-0.016733005537734536,0.5814829382350933,4857.29,3948.55,4015.53,3882.73,5308.25,5017.37,5048.01,5045.22,5131.3,5024.95,5173.72
2019-04-10,5308.25,0.03026549940412126,0.5810351130529815,4932.6,4038.05,4043.04,3866.0,5017.37,5048.01,5045.22,5131.3,5024.95,5173.72,5202.82
2019-04-11,5017.37,-0.056356322044451276,0.6258466129018304,4898.66,4027.81,3980.64,3877.12,5048.01,5045.22,5131.3,5024.95,5173.72,5202.82,5258.44
2019-04-12,5048.01,0.006088214184202376,0.6242049740538615,5004.95,4103.25,3986.93,3923.76,5045.22,5131.3,5024.95,5173.72,5202.82,5258.44,5258.68
2019-04-13,5045.22,-0.0005528458325156903,0.6247348453211831,5043.89,4106.97,4006.01,4005.98,5131.3,5024.95,5173.72,5202.82,5258.44,5258.68,5291.73
2019-04-14,5131.3,0.016917777998497762,0.6252918701929134,5170.27,4103.95,3992.18,3981.14,5024.95,5173.72,5202.82,5258.44,5258.68,5291.73,5256.14
2019-04-15,5024.95,-0.0209435347386204,0.6322600534421401,5236.9,4144.56,3936.12,3987.81,5173.72,5202.82,5258.44,5258.68,5291.73,5256.14,5357.14
2019-04-16,5173.72,0.02917646191506107,0.6346049534738151,5150.0,4857.29,3948.55,4015.53,5202.82,5258.44,5258.68,5291.73,5256.14,5357.14,5493.31
2019-04-17,5202.82,0.005608820722074794,0.6342022728546735,5308.25,4932.6,4038.05,4043.04,5258.44,5258.68,5291.73,5256.14,5357.14,5493.31,5415.0
2019-04-18,5258.44,0.010633618530898828,0.6341914830333348,5017.37,4898.66,4027.81,3980.64,5258.68,5291.73,5256.14,5357.14,5493.31,5415.0,5219.9
2019-04-19,5258.68,4.563987099926502e-05,0.6349231467898478,5048.01,5004.95,4103.25,3986.93,5291.73,5256.14,5357.14,5493.31,5415.0,5219.9,5314.1
2019-04-20,5291.73,0.006265179857047562,0.6289385634609772,5045.22,5043.89,4106.97,4006.01,5256.14,5357.14,5493.31,5415.0,5219.9,5314.1,5295.69
2019-04-21,5256.14,-0.0067483074901227,0.630924474999031,5131.3,5170.27,4103.95,3992.18,5357.14,5493.31,5415.0,5219.9,5314.1,5295.69,5307.52
2019-04-22,5357.14,0.01903333353473849,0.6316220259238912,5024.95,5236.9,4144.56,3936.12,5493.31,5415.0,5219.9,5314.1,5295.69,5307.52,5238.14
2019-04-23,5493.31,0.02510073764380317,0.6319960491295683,5173.72,5150.0,4857.29,3948.55,5415.0,5219.9,5314.1,5295.69,5307.52,5238.14,5320.81
2019-04-24,5415.0,-0.014358107778425548,0.632103154482392,5202.82,5308.25,4932.6,4038.05,5219.9,5314.1,5295.69,5307.52,5238.14,5320.81,5383.2
2019-04-25,5219.9,-0.03669463583002858,0.6529743608524774,5258.44,5017.37,4898.66,4027.81,5314.1,5295.69,5307.52,5238.14,5320.81,5383.2,5492.87
2019-04-26,5314.1,0.017885420753669168,0.6520205237837063,5258.68,5048.01,5004.95,4103.25,5295.69,5307.52,5238.14,5320.81,5383.2,5492.87,5772.69
2019-04-27,5295.69,-0.003470383198314882,0.6522387744619321,5291.73,5045.22,5043.89,4106.97,5307.52,5238.14,5320.81,5383.2,5492.87,5772.69,5829.45
2019-04-28,5307.52,0.0022314006623675086,0.6517522869314581,5256.14,5131.3,5170.27,4103.95,5238.14,5320.81,5383.2,5492.87,5772.69,5829.45,5775.62
2019-04-29,5238.14,-0.013158209353620746,0.655670534872624,5357.14,5024.95,5236.9,4144.56,5320.81,5383.2,5492.87,5772.69,5829.45,5775.62,5747.79
2019-04-30,5320.81,0.015659073915910798,0.6553806610454647,5493.31,5173.72,5150.0,4857.29,5383.2,5492.87,5772.69,5829.45,5775.62,5747.79,5846.34
2019-05-01,5383.2,0.011657445489033837,0.6554525020913311,5415.0,5202.82,5308.25,4932.6,5492.87,5772.69,5829.45,5775.62,5747.79,5846.34,5987.29
2019-05-02,5492.87,0.02016789470383966,0.37436715212206184,5219.9,5258.44,5017.37,4898.66,5772.69,5829.45,5775.62,5747.79,5846.34,5987.29,6209.18
2019-05-03,5772.69,0.04968728879070665,0.4052303355455596,5314.1,5258.68,5048.01,5004.95,5829.45,5775.62,5747.79,5846.34,5987.29,6209.18,6373.33
2019-05-04,5829.45,0.009784479902979898,0.40310961761501274,5295.69,5291.73,5045.22,5043.89,5775.62,5747.79,5846.34,5987.29,6209.18,6373.33,7076.22
2019-05-05,5775.62,-0.009277046336878819,0.40233327184451245,5307.52,5256.14,5131.3,5170.27,5747.79,5846.34,5987.29,6209.18,6373.33,7076.22,6967.31
2019-05-06,5747.79,-0.004830176850003307,0.4035531110302597,5238.14,5357.14,5024.95,5236.9,5846.34,5987.29,6209.18,6373.33,7076.22,6967.31,7790.71
2019-05-07,5846.34,0.017000391320493122,0.39951037697582625,5320.81,5493.31,5173.72,5150.0,5987.29,6209.18,6373.33,7076.22,6967.31,7790.71,7947.56
2019-05-08,5987.29,0.02382306462995708,0.4043524933066622,5383.2,5415.0,5202.82,5308.25,6209.18,6373.33,7076.22,6967.31,7790.71,7947.56,8169.87
2019-05-09,6209.18,0.03638995308503484,0.41169285946780176,5492.87,5219.9,5258.44,5017.37,6373.33,7076.22,6967.31,7790.71,7947.56,8169.87,7866.59
2019-05-10,6373.33,0.02609325380435614,0.40887519587364735,5772.69,5314.1,5258.68,5048.01,7076.22,6967.31,7790.71,7947.56,8169.87,7866.59,7355.26
2019-05-11,7076.22,0.10461777088363806,0.47894557525123993,5829.45,5295.69,5291.73,5045.22,6967.31,7790.71,7947.56,8169.87,7866.59,7355.26,7257.45
2019-05-12,6967.31,-0.015510656289321858,0.48783807046713357,5775.62,5307.52,5256.14,5131.3,7790.71,7947.56,8169.87,7866.59,7355.26,7257.45,8148.48
2019-05-13,7790.71,0.11170278768303202,0.5994898824793351,5747.79,5238.14,5357.14,5024.95,7947.56,8169.87,7866.59,7355.26,7257.45,8148.48,7938.15
2019-05-14,7947.56,0.019932965098399983,0.5997362147782214,5846.34,5320.81,5493.31,5173.72,8169.87,7866.59,7355.26,7257.45,8148.48,7938.15,7904.87
2019-05-15,8169.87,0.027588033554406362,0.5873141906951957,5987.29,5383.2,5415.0,5202.82,7866.59,7355.26,7257.45,8148.48,7938.15,7904.87,7628.43
2019-05-16,7866.59,-0.03782831931935867,0.614554303947961,6209.18,5492.87,5219.9,5258.44,7355.26,7257.45,8148.48,7938.15,7904.87,7628.43,7851.51
2019-05-17,7355.26,-0.0672089740226804,0.676396210294903,6373.33,5772.69,5314.1,5258.68,7257.45,8148.48,7938.15,7904.87,7628.43,7851.51,7964.87
2019-05-18,7257.45,-0.013387176062389585,0.6819679883532282,7076.22,5829.45,5295.69,5291.73,8148.48,7938.15,7904.87,7628.43,7851.51,7964.87,8025.41
2019-05-19,8148.48,0.11580287932324414,0.7726246694447736,6967.31,5775.62,5307.52,5256.14,7938.15,7904.87,7628.43,7851.51,7964.87,8025.41,8614.43
2019-05-20,7938.15,-0.026151156161620965,0.7851966067282414,7790.71,5747.79,5238.14,5357.14,7904.87,7628.43,7851.51,7964.87,8025.41,8614.43,8756.32
2019-05-21,7904.87,-0.004201225391388315,0.7844190563270649,7947.56,5846.34,5320.81,5493.31,7628.43,7851.51,7964.87,8025.41,8614.43,8756.32,8715.64
2019-05-22,7628.43,-0.03559696782527974,0.8025934689422712,8169.87,5987.29,5383.2,5415.0,7851.51,7964.87,8025.41,8614.43,8756.32,8715.64,8645.68
2019-05-23,7851.51,0.028823812570901875,0.8034756769932446,7866.59,6209.18,5492.87,5219.9,7964.87,8025.41,8614.43,8756.32,8715.64,8645.68,8269.54
2019-05-24,7964.87,0.014334751838624633,0.7978847810136042,7355.26,6373.33,5772.69,5314.1,8025.41,8614.43,8756.32,8715.64,8645.68,8269.54,8555.0
2019-05-25,8025.41,0.007572136231027321,0.7779716954379916,7257.45,7076.22,5829.45,5295.69,8614.43,8756.32,8715.64,8645.68,8269.54,8555.0,8544.07
2019-05-26,8614.43,0.07082594606926845,0.8025379414544945,8148.48,6967.31,5775.62,5307.52,8756.32,8715.64,8645.68,8269.54,8555.0,8544.07,8725.98
2019-05-27,8756.32,0.016337021238058805,0.7994257262912066,7938.15,7790.71,5747.79,5238.14,8715.64,8645.68,8269.54,8555.0,8544.07,8725.98,8115.82
2019-05-28,8715.64,-0.00465661248181304,0.8013602785744337,7904.87,7947.56,5846.34,5320.81,8645.68,8269.54,8555.0,8544.07,8725.98,8115.82,7687.03
2019-05-29,8645.68,-0.008059338653423379,0.7991768884614187,7628.43,8169.87,5987.29,5383.2,8269.54,8555.0,8544.07,8725.98,8115.82,7687.03,7776.5
2019-05-30,8269.54,-0.044480889469952975,0.8272054260205236,7851.51,7866.59,6209.18,5492.87,8555.0,8544.07,8725.98,8115.82,7687.03,7776.5,7786.7
2019-05-31,8555.0,0.033937022588327315,0.8298208334823848,7964.87,7355.26,6373.33,5772.69,8544.07,8725.98,8115.82,7687.03,7776.5,7786.7,7980.53
2019-06-01,8544.07,-0.0012784322759841723,0.831653066672761,8025.41,7257.45,7076.22,5829.45,8725.98,8115.82,7687.03,7776.5,7786.7,7980.53,7893.62
2019-06-02,8725.98,0.02106730762970185,0.8224508721826097,8614.43,8148.48,6967.31,5775.62,8115.82,7687.03,7776.5,7786.7,7980.53,7893.62,7628.13
2019-06-03,8115.82,-0.07248953939326212,0.8758085005192334,8756.32,7938.15,7790.71,5747.79,7687.03,7776.5,7786.7,7980.53,7893.62,7628.13,7982.75
2019-06-04,7687.03,-0.05428075025237477,0.9025999561077128,8715.64,7904.87,7947.56,5846.34,7776.5,7786.7,7980.53,7893.62,7628.13,7982.75,7884.9
2019-06-05,7776.5,0.011571872450240297,0.9011276160236829,8645.68,7628.43,8169.87,5987.29,7786.7,7980.53,7893.62,7628.13,7982.75,7884.9,8127.64
2019-06-06,7786.7,0.0013107846021940175,0.9012720793785284,8269.54,7851.51,7866.59,6209.18,7980.53,7893.62,7628.13,7982.75,7884.9,8127.64,8218.54
2019-06-07,7980.53,0.024587675191698313,0.9014283798830132,8555.0,7964.87,7355.26,6373.33,7893.62,7628.13,7982.75,7884.9,8127.64,8218.54,8650.0
2019-06-08,7893.62,-0.010949987040574167,0.898826878798689,8544.07,8025.41,7257.45,7076.22,7628.13,7982.75,7884.9,8127.64,8218.54,8650.0,8808.7
2019-06-09,7628.13,-0.03421210818775285,0.9081144789064924,8725.98,8614.43,8148.48,6967.31,7982.75,7884.9,8127.64,8218.54,8650.0,8808.7,8953.33
2019-06-10,7982.75,0.04544023355758164,0.8487404489320982,8115.82,8756.32,7938.15,7790.71,7884.9,8127.64,8218.54,8650.0,8808.7,8953.33,9313.96
2019-06-11,7884.9,-0.012333425599224334,0.8478922617187918,7687.03,8715.64,7904.87,7947.56,8127.64,8218.54,8650.0,8808.7,8953.33,9313.96,9081.55
2019-06-12,8127.64,0.030321060490252613,0.7609979004746129,7776.5,8645.68,7628.43,8169.87,8218.54,8650.0,8808.7,8953.33,9313.96,9081.55,9255.49
2019-06-13,8218.54,0.011121979204145576,0.7589165645747726,7786.7,8269.54,7851.51,7866.59,8650.0,8808.7,8953.33,9313.96,9081.55,9255.49,9517.12
2019-06-14,8650.0,0.05116674322298913,0.7735822918560893,7980.53,8555.0,7964.87,7355.26,8808.7,8953.33,9313.96,9081.55,9255.49,9517.12,10159.86
2019-06-15,8808.7,0.018180548524939135,0.7619574908329625,7893.62,8544.07,8025.41,7257.45,8953.33,9313.96,9081.55,9255.49,9517.12,10159.86,10729.5
2019-06-16,8953.33,0.01628566065736619,0.7184813286580674,7628.13,8725.98,8614.43,8148.48,9313.96,9081.55,9255.49,9517.12,10159.86,10729.5,10906.07
2019-06-17,9313.96,0.03948881981460599,0.7236644715857063,7982.75,8115.82,8756.32,7938.15,9081.55,9255.49,9517.12,10159.86,10729.5,10906.07,11056.59
2019-06-18,9081.55,-0.025269467050096903,0.619777944213205,7884.9,7687.03,8715.64,7904.87,9255.49,9517.12,10159.86,10729.5,10906.07,11056.59,11820.86
2019-06-19,9255.49,0.01897200608775837,0.6124446721722766,8127.64,7776.5,8645.68,7628.43,9517.12,10159.86,10729.5,10906.07,11056.59,11820.86,13093.8
2019-06-20,9517.12,0.027875393047798448,0.6165080654911153,8218.54,7786.7,8269.54,7851.51,10159.86,10729.5,10906.07,11056.59,11820.86,13093.8,11329.99
2019-06-21,10159.86,0.06535238050167885,0.630785836375729,8650.0,7980.53,8555.0,7964.87,10729.5,10906.07,11056.59,11820.86,13093.8,11329.99,12400.63
2019-06-22,10729.5,0.05455229470657293,0.6468584460976896,8808.7,7893.62,8544.07,8025.41,10906.07,11056.59,11820.86,13093.8,11329.99,12400.63,11903.13
2019-06-23,10906.07,0.01632255773409784,0.6470473903937736,8953.33,7628.13,8725.98,8614.43,11056.59,11820.86,13093.8,11329.99,12400.63,11903.13,10854.1
2019-06-24,11056.59,0.013707115321817509,0.647054719142956,9313.96,7982.75,8115.82,8756.32,11820.86,13093.8,11329.99,12400.63,11903.13,10854.1,10624.93
2019-06-25,11820.86,0.06683913707811309,0.6425240366661211,9081.55,7884.9,7687.03,8715.64,13093.8,11329.99,12400.63,11903.13,10854.1,10624.93,10842.85
2019-06-26,13093.8,0.10227306836243236,0.7177826052030793,9255.49,8127.64,7776.5,8645.68,11329.99,12400.63,11903.13,10854.1,10624.93,10842.85,11940.0
2019-06-27,11329.99,-0.1446856433038797,0.904138980331924,9517.12,8218.54,7786.7,8269.54,12400.63,11903.13,10854.1,10624.93,10842.85,11940.0,11145.67
2019-06-28,12400.63,0.09029408534500767,0.945281719362947,10159.86,8650.0,7980.53,8555.0,11903.13,10854.1,10624.93,10842.85,11940.0,11145.67,10970.73
2019-06-29,11903.13,-0.04094588702949855,0.9426991042380553,10729.5,8808.7,7893.62,8544.07,10854.1,10624.93,10842.85,11940.0,11145.67,10970.73,11256.49
2019-06-30,10854.1,-0.09225850195043675,1.0065786128340526,10906.07,8953.33,7628.13,8725.98,10624.93,10842.85,11940.0,11145.67,10970.73,11256.49,11406.24
2019-07-01,10624.93,-0.021339762238580806,1.011310726989982,11056.59,9313.96,7982.75,8115.82,10842.85,11940.0,11145.67,10970.73,11256.49,11406.24,12238.6
2019-07-02,10842.85,0.02030275003104169,1.0111829076220489,11820.86,9081.55,7884.9,7687.03,11940.0,11145.67,10970.73,11256.49,11406.24,12238.6,12543.41
2019-07-03,11940.0,0.09638823137993037,1.0151577578073852,13093.8,9255.49,8127.64,7776.5,11145.67,10970.73,11256.49,11406.24,12238.6,12543.41,12108.37
2019-07-04,11145.67,-0.06884302628932176,1.0284650547399865,11329.99,9517.12,8218.54,7786.7,10970.73,11256.49,11406.24,12238.6,12543.41,12108.37,11342.89
2019-07-05,10970.73,-0.015820264478960993,1.0331646908836767,12400.63,10159.86,8650.0,7980.53,11256.49,11406.24,12238.6,12543.41,12108.37,11342.89,11757.22
2019-07-06,11256.49,0.025714034006718397,1.0336505999350982,11903.13,10729.5,8808.7,7893.62,11406.24,12238.6,12543.41,12108.37,11342.89,11757.22,11355.76
2019-07-07,11406.24,0.013215722867160122,1.0327076070195242,10854.1,10906.07,8953.33,7628.13,12238.6,12543.41,12108.37,11342.89,11757.22,11355.76,10174.18
2019-07-08,12238.6,0.0704343173873746,1.0489269485035346,10624.93,11056.59,9313.96,7982.75,12543.41,12108.37,11342.89,11757.22,11355.76,10174.18,10838.72
2019-07-09,12543.41,0.024600536605696152,1.0344276276569517,10842.85,11820.86,9081.55,7884.9,12108.37,11342.89,11757.22,11355.76,10174.18,10838.72,9439.59
2019-07-10,12108.37,-0.03529847906198966,1.0443626980114726,11940.0,13093.8,9255.49,8127.64,11342.89,11757.22,11355.76,10174.18,10838.72,9439.59,9667.92
2019-07-11,11342.89,-0.06530583308211108,1.0769390258284732,11145.67,11329.99,9517.12,8218.54,11757.22,11355.76,10174.18,10838.72,9439.59,9667.92,10627.16
2019-07-12,11757.22,0.03587640404803792,1.0782941246205016,10970.73,12400.63,10159.86,8650.0,11355.76,10174.18,10838.72,9439.59,9667.92,10627.16,10504.29
2019-07-13,11355.76,-0.03474241578184946,1.0907240468340331,11256.49,11903.13,10729.5,8808.7,10174.18,10838.72,9439.59,9667.92,10627.16,10504.29,10740.23
2019-07-14,10174.18,-0.10987196578466428,1.1582213036970035,11406.24,10854.1,10906.07,8953.33,10838.72,9439.59,9667.92,10627.16,10504.29,10740.23,10589.45
2019-07-15,10838.72,0.06327176945801062,1.1750359925283702,12238.6,10624.93,11056.59,9313.96,9439.59,9667.92,10627.16,10504.29,10740.23,10589.45,10340.31
2019-07-16,9439.59,-0.13821236084774272,1.2785428323456856,12543.41,10842.85,11820.86,9081.55,9667.92,10627.16,10504.29,10740.23,10589.45,10340.31,9864.91
2019-07-17,9667.92,0.02390064107545857,1.2739014154789974,12108.37,11940.0,13093.8,9255.49,10627.16,10504.29,10740.23,10589.45,10340.31,9864.91,9763.28
2019-07-18,10627.16,0.09459980018040591,1.3105890696639497,11342.89,11145.67,11329.99,9517.12,10504.29,10740.23,10589.45,10340.31,9864.91,9763.28,9879.87
2019-07-19,10504.29,-0.011629243117208204,1.3108998192490469,11757.22,10970.73,12400.63,10159.86,10740.23,10589.45,10340.31,9864.91,9763.28,9879.87,9824.0
2019-07-20,10740.23,0.022212758971963197,1.3097619695762708,11355.76,11256.49,11903.13,10729.5,10589.45,10340.31,9864.91,9763.28,9879.87,9824.0,9476.52
2019-07-21,10589.45,-0.014138281645307917,1.2921496252297047,10174.18,11406.24,10854.1,10906.07,10340.31,9864.91,9763.28,9879.87,9824.0,9476.52,9541.54
2019-07-22,10340.31,-0.023808373187613342,1.2804201968701043,10838.72,12238.6,10624.93,11056.59,9864.91,9763.28,9879.87,9824.0,9476.52,9541.54,9507.64
2019-07-23,9864.91,-0.0470658330182464,1.2885466895385944,9439.59,12543.41,10842.85,11820.86,9763.28,9879.87,9824.0,9476.52,9541.54,9507.64,9574.21
2019-07-24,9763.28,-0.010355606728880685,1.2872718395066443,9667.92,12108.37,11940.0,13093.8,9879.87,9824.0,9476.52,9541.54,9507.64,9574.21,10080.53
2019-07-25,9879.87,0.011870944237088597,1.2631740559234355,10627.16,11342.89,11145.67,11329.99,9824.0,9476.52,9541.54,9507.64,9574.21,10080.53,10374.99
2019-07-26,9824.0,-0.0056709823736872155,1.2013451506118271,10504.29,11757.22,10970.73,12400.63,9476.52,9541.54,9507.64,9574.21,10080.53,10374.99,10523.75
2019-07-27,9476.52,-0.03601121113896745,1.1033210099751265,10740.23,11355.76,11256.49,11903.13,9541.54,9507.64,9574.21,10080.53,10374.99,10523.75,10816.86
2019-07-28,9541.54,0.006837737743189617,1.0487415034289487,10589.45,10174.18,11406.24,10854.1,9507.64,9574.21,10080.53,10374.99,10523.75,10816.86,10929.23
2019-07-29,9507.64,-0.0035592120802121494,1.0423781045594147,10340.31,10838.72,12238.6,10624.93,9574.21,10080.53,10374.99,10523.75,10816.86,10929.23,11828.8
2019-07-30,9574.21,0.006977339206647077,0.9973037193221133,9864.91,9439.59,12543.41,10842.85,10080.53,10374.99,10523.75,10816.86,10929.23,11828.8,11481.69
2019-07-31,10080.53,0.05153281549061189,1.013780793968395,9763.28,9667.92,12108.37,11940.0,10374.99,10523.75,10816.86,10929.23,11828.8,11481.69,11975.03
2019-08-01,10374.99,0.028792261634820068,1.016534195498503,9879.87,10627.16,11342.89,11145.67,10523.75,10816.86,10929.23,11828.8,11481.69,11975.03,11999.77
2019-08-02,10523.75,0.01423650540886091,0.9555554862420044,9824.0,10504.29,11757.22,10970.73,10816.86,10929.23,11828.8,11481.69,11975.03,11999.77,11879.99
2019-08-03,10816.86,0.02747142030429288,0.9323336947992252,9476.52,10740.23,11355.76,11256.49,10929.23,11828.8,11481.69,11975.03,11999.77,11879.99,11309.31
2019-08-04,10929.23,0.010334823425408195,0.9315634846252376,9541.54,10589.45,10174.18,11406.24,11828.8,11481.69,11975.03,11999.77,11879.99,11309.31,11549.97
2019-08-05,11828.8,0.07909638442126078,0.9680934323887965,9507.64,10340.31,10838.72,12238.6,11481.69,11975.03,11999.77,11879.99,11309.31,11549.97,11396.08
2019-08-06,11481.69,-0.02978364322042723,0.9732343073738052,9574.21,9864.91,9439.59,12543.41,11975.03,11999.77,11879.99,11309.31,11549.97,11396.08,10892.71
2019-08-07,11975.03,0.04207005591277644,0.9522817380186314,10080.53,9763.28,9667.92,12108.37,11999.77,11879.99,11309.31,11549.97,11396.08,10892.71,10050.37
2019-08-08,11999.77,0.002063834424603167,0.9479727500904485,10374.99,9879.87,10627.16,11342.89,11879.99,11309.31,11549.97,11396.08,10892.71,10050.37,10293.93
2019-08-09,11879.99,-0.010032010754347969,0.9406956756339319,10523.75,9824.0,10504.29,11757.22,11309.31,11549.97,11396.08,10892.71,10050.37,10293.93,10331.54
2019-08-10,11309.31,-0.049229191873894615,0.9283756324517746,10816.86,9476.52,10740.23,11355.76,11549.97,11396.08,10892.71,10050.37,10293.93,10331.54,10216.02
2019-08-11,11549.97,0.021056559252423654,0.922568613909842,10929.23,9541.54,10589.45,10174.18,11396.08,10892.71,10050.37,10293.93,10331.54,10216.02,10306.78
2019-08-12,11396.08,-0.013413402943790082,0.9156051441338828,11828.8,9507.64,10340.31,10838.72,10892.71,10050.37,10293.93,10331.54,10216.02,10306.78,10915.54
2019-08-13,10892.71,-0.0451756784737919,0.8426933096676256,11481.69,9574.21,9864.91,9439.59,10050.37,10293.93,10331.54,10216.02,10306.78,10915.54,10760.51
2019-08-14,10050.37,-0.08048430839645633,0.860718686681366,11975.03,10080.53,9763.28,9667.92,10293.93,10331.54,10216.02,10306.78,10915.54,10760.51,10142.57
2019-08-15,10293.93,0.023944951381933473,0.7119453342642419,11999.77,10374.99,9879.87,10627.16,10331.54,10216.02,10306.78,10915.54,10760.51,10142.57,10099.88
2019-08-16,10331.54,0.0036469512389489824,0.7079153467966223,11879.99,10523.75,9824.0,10504.29,10216.02,10306.78,10915.54,10760.51,10142.57,10099.88,10389.55
2019-08-17,10216.02,-0.01124427592696326,0.6255364941278649,11309.31,10816.86,9476.52,10740.23,10306.78,10915.54,10760.51,10142.57,10099.88,10389.55,10134.35
2019-08-18,10306.78,0.008844854667958873,0.6253641786853129,11549.97,10929.23,9541.54,10589.45,10915.54,10760.51,10142.57,10099.88,10389.55,10134.35,10142.69
2019-08-19,10915.54,0.05738553087049292,0.6529617507217811,11396.08,11828.8,9507.64,10340.31,10760.51,10142.57,10099.88,10389.55,10134.35,10142.69,10372.25
2019-08-20,10760.51,-0.014304510600248031,0.6530090369987341,10892.71,11481.69,9574.21,9864.91,10142.57,10099.88,10389.55,10134.35,10142.69,10372.25,10185.05
2019-08-21,10142.57,-0.059141533653800774,0.680632659900982,10050.37,11975.03,10080.53,9763.28,10099.88,10389.55,10134.35,10142.69,10372.25,10185.05,9721.0
2019-08-22,10099.88,-0.004217875137602572,0.6599453002975942,10293.93,11999.77,10374.99,9879.87,10389.55,10134.35,10142.69,10372.25,10185.05,9721.0,9498.44
2019-08-23,10389.55,0.02827695070883776,0.6654717275352519,10331.54,11879.99,10523.75,9824.0,10134.35,10142.69,10372.25,10185.05,9721.0,9498.44,9584.54
2019-08-24,10134.35,-0.024869849638528244,0.6709798860861216,10216.02,11309.31,10816.86,9476.52,10142.69,10372.25,10185.05,9721.0,9498.44,9584.54,9587.47
2019-08-25,10142.69,0.0008226053181620605,0.6705680389061617,10306.78,11549.97,10929.23,9541.54,10372.25,10185.05,9721.0,9498.44,9584.54,9587.47,9724.98
2019-08-26,10372.25,0.022380721764139175,0.6607944846273482,10915.54,11396.08,11828.8,9507.64,10185.05,9721.0,9498.44,9584.54,9587.47,9724.98,10340.0
2019-08-27,10185.05,-0.01821301189423777,0.6647338189851036,10760.51,10892.71,11481.69,9574.21,9721.0,9498.44,9584.54,9587.47,9724.98,10340.0,10615.28
2019-08-28,9721.0,-0.046632465007954045,0.6860480109809315,10142.57,10050.37,11975.03,10080.53,9498.44,9584.54,9587.47,9724.98,10340.0,10615.28,10567.02
2019-08-29,9498.44,-0.023160919242777127,0.6906380227180778,10099.88,10293.93,11999.77,10374.99,9584.54,9587.47,9724.98,10340.0,10615.28,10567.02,10564.49
2019-08-30,9584.54,0.009023809096191356,0.6659879295630546,10389.55,10331.54,11879.99,10523.75,9587.47,9724.98,10340.0,10615.28,10567.02,10564.49,10298.73
2019-08-31,9587.47,0.00030565392181722907,0.6569328445006734,10134.35,10216.02,11309.31,10816.86,9724.98,10340.0,10615.28,10567.02,10564.49,10298.73,10455.88
2019-09-01,9724.98,0.014240795332961893,0.6569342310546384,10142.69,10306.78,11549.97,10929.23,10340.0,10615.28,10567.02,10564.49,10298.73,10455.88,10381.18
2019-09-02,10340.0,0.06132203613315776,0.6864069112457005,10372.25,10915.54,11396.08,11828.8,10615.28,10567.02,10564.49,10298.73,10455.88,10381.18,10303.12
2019-09-03,10615.28,0.026274603494359547,0.6920950095881085,10185.05,10760.51,10892.71,11481.69,10567.02,10564.49,10298.73,10455.88,10381.18,10303.12,10098.15
2019-09-04,10567.02,-0.0045566424327666815,0.6289140013286052,9721.0,10142.57,10050.37,11975.03,10564.49,10298.73,10455.88,10381.18,10303.12,10098.15,10158.33
2019-09-05,10564.49,-0.00023945283721694762,0.6219315448157043,9498.44,10099.88,10293.93,11999.77,10298.73,10455.88,10381.18,10303.12,10098.15,10158.33,10415.01
2019-09-06,10298.73,-0.025477790642132393,0.6050285895408817,9584.54,10389.55,10331.54,11879.99,10455.88,10381.18,10303.12,10098.15,10158.33,10415.01,10342.06
2019-09-07,10455.88,0.015143912929420363,0.6086672343113244,9587.47,10134.35,10216.02,11309.31,10381.18,10303.12,10098.15,10158.33,10415.01,10342.06,10335.02
2019-09-08,10381.18,-0.007169948161160914,0.6084270289731011,9724.98,10142.69,10306.78,11549.97,10303.12,10098.15,10158.33,10415.01,10342.06,10335.02,10302.01
2019-09-09,10303.12,-0.007547789442602249,0.5868435766538791,10340.0,10372.25,10915.54,11396.08,10098.15,10158.33,10415.01,10342.06,10335.02,10302.01,10251.31
2019-09-10,10098.15,-0.02009452323516673,0.5830602490406938,10615.28,10185.05,10760.51,10892.71,10158.33,10415.01,10342.06,10335.02,10302.01,10251.31,10187.82
2019-09-11,10158.33,0.005941819808336756,0.5832354141508812,10567.02,9721.0,10142.57,10050.37,10415.01,10342.06,10335.02,10302.01,10251.31,10187.82,10156.99
2019-09-12,10415.01,0.02495397630474524,0.5718538472614483,10564.49,9498.44,10099.88,10293.93,10342.06,10335.02,10302.01,10251.31,10187.82,10156.99,10244.29
2019-09-13,10342.06,-0.0070289593231316495,0.49659746522349435,10298.73,9584.54,10389.55,10331.54,10335.02,10302.01,10251.31,10187.82,10156.99,10244.29,10168.59
2019-09-14,10335.02,-0.0006809472393616028,0.48962759544720735,10455.88,9587.47,10134.35,10216.02,10302.01,10251.31,10187.82,10156.99,10244.29,10168.59,9986.39
2019-09-15,10302.01,-0.0031991064753794244,0.48959147679311005,10381.18,9724.98,10142.69,10306.78,10251.31,10187.82,10156.99,10244.29,10168.59,9986.39,10028.87
2019-09-16,10251.31,-0.004933519532107947,0.48827582839865813,10303.12,10340.0,10372.25,10915.54,10187.82,10156.99,10244.29,10168.59,9986.39,10028.87,9702.25
2019-09-17,10187.82,-0.006212613179508927,0.48771188144030087,10098.15,10615.28,10185.05,10760.51,10156.99,10244.29,10168.59,9986.39,10028.87,9702.25,8493.14
2019-09-18,10156.99,-0.0030307507024099067,0.440920601309,10158.33,10567.02,9721.0,10142.57,10244.29,10168.59,9986.39,10028.87,9702.25,8493.14,8430.05
2019-09-19,10244.29,0.0085583387765777,0.4403633698370073,10415.01,10564.49,9498.44,10099.88,10168.59,9986.39,10028.87,9702.25,8493.14,8430.05,8063.73
2019-09-20,10168.59,-0.0074169198099936174,0.3893590714456776,10342.06,10298.73,9584.54,10389.55,9986.39,10028.87,9702.25,8493.14,8430.05,8063.73,8177.91
2019-09-21,9986.39,-0.01808039138843281,0.39425903844812177,10335.02,10455.88,9587.47,10134.35,10028.87,9702.25,8493.14,8430.05,8063.73,8177.91,8198.81
2019-09-22,10028.87,0.004244767620694032,0.3809633042308061,10302.01,10381.18,9724.98,10142.69,9702.25,8493.14,8430.05,8063.73,8177.91,8198.81,8043.82
2019-09-23,9702.25,-0.03311011623909535,0.38842447183990436,10251.31,10303.12,10340.0,10372.25,8493.14,8430.05,8063.73,8177.91,8198.81,8043.82,8289.34
2019-09-24,8493.14,-0.13309903854851077,0.6011766666914616,10187.82,10098.15,10615.28,10185.05,8430.05,8063.73,8177.91,8198.81,8043.82,8289.34,8292.44
2019-09-25,8430.05,-0.007456075631162052,0.5924454012651776,10156.99,10158.33,10567.02,9721.0,8063.73,8177.91,8198.81,8043.82,8289.34,8292.44,8359.94
2019-09-26,8063.73,-0.04442647456866036,0.6056479994176993,10244.29,10415.01,10564.49,9498.44,8177.91,8198.81,8043.82,8289.34,8292.44,8359.94,8223.96
2019-09-27,8177.91,0.014060388120547544,0.5935284650291123,10168.59,10342.06,10298.73,9584.54,8198.81,8043.82,8289.34,8292.44,8359.94,8223.96,8137.13
2019-09-28,8198.81,0.002552405041615032,0.5908116649449007,9986.39,10335.02,10455.88,9587.47,8043.82,8289.34,8292.44,8359.94,8223.96,8137.13,8126.19
2019-09-29,8043.82,-0.019084927054642216,0.5906065148247875,10028.87,10302.01,10381.18,9724.98,8289.34,8292.44,8359.94,8223.96,8137.13,8126.19,7854.25
2019-09-30,8289.34,0.0300662572519427,0.6034875038966331,9702.25,10251.31,10303.12,10340.0,8292.44,8359.94,8223.96,8137.13,8126.19,7854.25,8190.09
2019-10-01,8292.44,0.0003739043740921602,0.5998941291352317,8493.14,10187.82,10098.15,10615.28,8359.94,8223.96,8137.13,8126.19,7854.25,8190.09,8168.39
2019-10-02,8359.94,0.008106993678191309,0.5523292686909588,8430.05,10156.99,10158.33,10567.02,8223.96,8137.13,8126.19,7854.25,8190.09,8168.39,8560.74
2019-10-03,8223.96,-0.016399405149611242,0.5398038272903936,8063.73,10244.29,10415.01,10564.49,8137.13,8126.19,7854.25,8190.09,8168.39,8560.74,8558.03
2019-10-04,8137.13,-0.010614306896772275,0.5396592361992404,8177.91,10168.59,10342.06,10298.73,8126.19,7854.25,8190.09,8168.39,8560.74,8558.03,8258.5
2019-10-05,8126.19,-0.0013453589611603217,0.5394545071312664,8198.81,9986.39,10335.02,10455.88,7854.25,8190.09,8168.39,8560.74,8558.03,8258.5,8300.09
2019-10-06,7854.25,-0.03403739246640971,0.5436060328431537,8043.82,10028.87,10302.01,10381.18,8190.09,8168.39,8560.74,8558.03,8258.5,8300.09,8275.01
2019-10-07,8190.09,0.04187010025217943,0.5660943538155873,8289.34,9702.25,10251.31,10303.12,8168.39,8560.74,8558.03,8258.5,8300.09,8275.01,8348.2
2019-10-08,8168.39,-0.0026530597865280273,0.5664110619952849,8292.44,8493.14,10187.82,10098.15,8560.74,8558.03,8258.5,8300.09,8275.01,8348.2,8159.29
2019-10-09,8560.74,0.04691480798625655,0.5979274513331269,8359.94,8430.05,10156.99,10158.33,8558.03,8258.5,8300.09,8275.01,8348.2,8159.29,7991.74
2019-10-10,8558.03,-0.00031661153489856035,0.5961095922831603,8223.96,8063.73,10244.29,10415.01,8258.5,8300.09,8275.01,8348.2,8159.29,7991.74,8070.58
2019-10-11,8258.5,-0.035627050501410414,0.6036396949203271,8137.13,8177.91,10168.59,10342.06,8300.09,8275.01,8348.2,8159.29,7991.74,8070.58,7947.01
2019-10-12,8300.09,0.005023385138249371,0.5943330705140931,8126.19,8198.81,9986.39,10335.02,8275.01,8348.2,8159.29,7991.74,8070.58,7947.01,7948.01
2019-10-13,8275.01,-0.003026228395646318,0.5945425537880807,7854.25,8043.82,10028.87,10302.01,8348.2,8159.29,7991.74,8070.58,7947.01,7948.01,8223.35
2019-10-14,8348.2,0.008805817040570997,0.5968150188498192,8190.09,8289.34,9702.25,10251.31,8159.29,7991.74,8070.58,7947.01,7948.01,8223.35,8197.27
2019-10-15,8159.29,-0.022888791375660317,0.5991355662697078,8168.39,8292.44,8493.14,10187.82,7991.74,8070.58,7947.01,7948.01,8223.35,8197.27,8020.0
2019-10-16,7991.74,-0.020748647101995987,0.6007297470677598,8560.74,8359.94,8430.05,10156.99,8070.58,7947.01,7948.01,8223.35,8197.27,8020.0,7466.62
2019-10-17,8070.58,0.00981684254235939,0.6040236706236128,8558.03,8223.96,8063.73,10244.29,7947.01,7948.01,8223.35,8197.27,8020.0,7466.62,7412.41
2019-10-18,7947.01,-0.015429593533155048,0.6043485822438951,8258.5,8137.13,8177.91,10168.59,7948.01,8223.35,8197.27,8020.0,7466.62,7412.41,8655.02
2019-10-19,7948.01,0.0001258255732071609,0.6021209124103069,8300.09,8126.19,8198.81,9986.39,8223.35,8197.27,8020.0,7466.62,7412.41,8655.02,9230.0
2019-10-20,8223.35,0.03405608575730634,0.6201332886297973,8275.01,7854.25,8043.82,10028.87,8197.27,8020.0,7466.62,7412.41,8655.02,9230.0,9529.93
2019-10-21,8197.27,-0.0031764966157445487,0.6189829714328412,8348.2,8190.09,8289.34,9702.25,8020.0,7466.62,7412.41,8655.02,9230.0,9529.93,9205.14
2019-10-22,8020.0,-0.021862750130075582,0.6199341469243973,8159.29,8168.39,8292.44,8493.14,7466.62,7412.41,8655.02,9230.0,9529.93,9205.14,9407.62
2019-10-23,7466.62,-0.07149600170507005,0.6534823425949222,7991.74,8560.74,8359.94,8430.05,7412.41,8655.02,9230.0,9529.93,9205.14,9407.62,9154.72
2019-10-24,7412.41,-0.0072867975758336145,0.4751284952776419,8070.58,8558.03,8223.96,8063.73,8655.02,9230.0,9529.93,9205.14,9407.62,9154.72,9140.85
2019-10-25,8655.02,0.1549838768309872,0.7313334977194658,7947.01,8258.5,8137.13,8177.91,9230.0,9529.93,9205.14,9407.62,9154.72,9140.85,9231.61
2019-10-26,9230.0,0.06431954908625395,0.7447897920502935,7948.01,8300.09,8126.19,8198.81,9529.93,9205.14,9407.62,9154.72,9140.85,9231.61,9289.52
2019-10-27,9529.93,0.031978323898770325,0.750285827132577,8223.35,8275.01,7854.25,8043.82,9205.14,9407.62,9154.72,9140.85,9231.61,9289.52,9194.71
2019-10-28,9205.14,-0.03467534871867234,0.763005950801595,8197.27,8348.2,8190.09,8289.34,9407.62,9154.72,9140.85,9231.61,9289.52,9194.71,9393.35
2019-10-29,9407.62,0.02175797548920506,0.7608447485063904,8020.0,8159.29,8168.39,8292.44,9154.72,9140.85,9231.61,9289.52,9194.71,9393.35,9308.66
2019-10-30,9154.72,-0.027250405905421708,0.7635491332169453,7466.62,7991.74,8560.74,8359.94,9140.85,9231.61,9289.52,9194.71,9393.35,9308.66,9339.05
2019-10-31,9140.85,-0.0015162143247956757,0.7636690642520438,7412.41,8070.58,8558.03,8223.96,9231.61,9289.52,9194.71,9393.35,9308.66,9339.05,9216.2
2019-11-01,9231.61,0.009880085552161256,0.763836112882549,8655.02,7947.01,8258.5,8137.13,9289.52,9194.71,9393.35,9308.66,9339.05,9216.2,8773.73
2019-11-02,9289.52,0.0062534185241681015,0.7605605538429439,9230.0,7948.01,8300.09,8126.19,9194.71,9393.35,9308.66,9339.05,9216.2,8773.73,8809.41
2019-11-03,9194.71,-0.010258564351078504,0.7604751661945267,9529.93,8223.35,8275.01,7854.25,9393.35,9308.66,9339.05,9216.2,8773.73,8809.41,9039.47
2019-11-04,9393.35,0.0213736734297728,0.7625638474998813,9205.14,8197.27,8348.2,8190.09,9308.66,9339.05,9216.2,8773.73,8809.41,9039.47,8733.27
2019-11-05,9308.66,-0.00905684243570516,0.7514353814223343,9407.62,8020.0,8159.29,8168.39,9339.05,9216.2,8773.73,8809.41,9039.47,8733.27,8821.94
2019-11-06,9339.05,0.003259384332363361,0.7400016719199278,9154.72,7466.62,7991.74,8560.74,9216.2,8773.73,8809.41,9039.47,8733.27,8821.94,8777.12
2019-11-07,9216.2,-0.013241728898575776,0.7421860542422203,9140.85,7412.41,8070.58,8558.03,8773.73,8809.41,9039.47,8733.27,8821.94,8777.12,8646.68
2019-11-08,8773.73,-0.04920077557405485,0.7479728048108136,9231.61,8655.02,7947.01,8258.5,8809.41,9039.47,8733.27,8821.94,8777.12,8646.68,8471.73
2019-11-09,8809.41,0.004058438819635005,0.7480448611837647,9289.52,9230.0,7948.01,8300.09,9039.47,8733.27,8821.94,8777.12,8646.68,8471.73,8491.02
2019-11-10,9039.47,0.025780076014260956,0.7408689852812597,9194.71,9529.93,8223.35,8275.01,8733.27,8821.94,8777.12,8646.68,8471.73,8491.02,8502.4
2019-11-11,8733.27,-0.034460674202544596,0.7522335821184978,9393.35,9205.14,8197.27,8348.2,8821.94,8777.12,8646.68,8471.73,8491.02,8502.4,8187.17
2019-11-12,8821.94,0.010101930316499606,0.7525900598351796,9308.66,9407.62,8020.0,8159.29,8777.12,8646.68,8471.73,8491.02,8502.4,8187.17,8133.64
2019-11-13,8777.12,-0.005093464866702945,0.7526006497540725,9339.05,9154.72,7466.62,7991.74,8646.68,8471.73,8491.02,8502.4,8187.17,8133.64,8098.01
2019-11-14,8646.68,-0.014972903375000525,0.7498509631878829,9216.2,9140.85,7412.41,8070.58,8471.73,8491.02,8502.4,8187.17,8133.64,8098.01,7627.74
2019-11-15,8471.73,-0.020440694136174855,0.7497344778061172,8773.73,9231.61,8655.02,7947.01,8491.02,8502.4,8187.17,8133.64,8098.01,7627.74,7268.23
2019-11-16,8491.02,0.0022743963467484214,0.7491990521158718,8809.41,9289.52,9230.0,7948.01,8502.4,8187.17,8133.64,8098.01,7627.74,7268.23,7311.57
2019-11-17,8502.4,0.0013393421337381934,0.7466544336534536,9039.47,9194.71,9529.93,8223.35,8187.17,8133.64,8098.01,7627.74,7268.23,7311.57,6903.28
2019-11-18,8187.17,-0.03778018177778056,0.759607292781194,8733.27,9393.35,9205.14,8197.27,8133.64,8098.01,7627.74,7268.23,7311.57,6903.28,7109.57
2019-11-19,8133.64,-0.00655974696730991,0.7505100908861372,8821.94,9308.66,9407.62,8020.0,8098.01,7627.74,7268.23,7311.57,6903.28,7109.57,7156.14
2019-11-20,8098.01,-0.004390195356251671,0.7505792399291885,8777.12,9339.05,9154.72,7466.62,7627.74,7268.23,7311.57,6903.28,7109.57,7156.14,7508.52
2019-11-21,7627.74,-0.059826750274931104,0.7755059943805593,8646.68,9216.2,9140.85,7412.41,7268.23,7311.57,6903.28,7109.57,7156.14,7508.52,7419.49
2019-11-22,7268.23,-0.04827880660424949,0.7531003573593279,8471.73,8773.73,9231.61,8655.02,7311.57,6903.28,7109.57,7156.14,7508.52,7419.49,7739.68
2019-11-23,7311.57,0.005945229379964158,0.7531017585646737,8491.02,8809.41,9289.52,9230.0,6903.28,7109.57,7156.14,7508.52,7419.49,7739.68,7541.89
2019-11-24,6903.28,-0.05746136400961847,0.5338744888134332,8502.4,9039.47,9194.71,9529.93,7109.57,7156.14,7508.52,7419.49,7739.68,7541.89,7390.89
2019-11-25,7109.57,0.029445102813370486,0.4865567200036471,8187.17,8733.27,9393.35,9205.14,7156.14,7508.52,7419.49,7739.68,7541.89,7390.89,7294.28
2019-11-26,7156.14,0.006528965670785273,0.46750148188045587,8133.64,8821.94,9308.66,9407.62,7508.52,7419.49,7739.68,7541.89,7390.89,7294.28,7292.71
2019-11-27,7508.52,0.04806764632518055,0.4995208918703562,8098.01,8777.12,9339.05,9154.72,7419.49,7739.68,7541.89,7390.89,7294.28,7292.71,7194.32
2019-11-28,7419.49,-0.011928054119097921,0.48899801364223294,7627.74,8646.68,9216.2,9140.85,7739.68,7541.89,7390.89,7294.28,7292.71,7194.32,7389.0
2019-11-29,7739.68,0.042250021414293196,0.513866036018047,7268.23,8471.73,8773.73,9231.61,7541.89,7390.89,7294.28,7292.71,7194.32,7389.0,7527.47
2019-11-30,7541.89,-0.025887529338627372,0.5184412634623619,7311.57,8491.02,8809.41,9289.52,7390.89,7294.28,7292.71,7194.32,7389.0,7527.47,7488.21
2019-12-01,7390.89,-0.02022465301285665,0.5171688842219303,6903.28,8502.4,9039.47,9194.71,7294.28,7292.71,7194.32,7389.0,7527.47,7488.21,7510.11
2019-12-02,7294.28,-0.013157681360598326,0.5151410253553051,7109.57,8187.17,8733.27,9393.35,7292.71,7194.32,7389.0,7527.47,7488.21,7510.11,7338.64
2019-12-03,7292.71,-0.0002152603115601392,0.5157922490662386,7156.14,8133.64,8821.94,9308.66,7194.32,7389.0,7527.47,7488.21,7510.11,7338.64,7224.13
2019-12-04,7194.32,-0.01358339325753926,0.5052758561073329,7508.52,8098.01,8777.12,9339.05,7389.0,7527.47,7488.21,7510.11,7338.64,7224.13,7210.0
2019-12-05,7389.0,0.026700582009980097,0.5202980304924291,7419.49,7627.74,8646.68,9216.2,7527.47,7488.21,7510.11,7338.64,7224.13,7210.0,7198.08
2019-12-06,7527.47,0.018566588172384903,0.5270513002863136,7739.68,7268.23,8471.73,8773.73,7488.21,7510.11,7338.64,7224.13,7210.0,7198.08,7258.48
2019-12-07,7488.21,-0.0052292123250598415,0.5266338503984959,7541.89,7311.57,8491.02,8809.41,7510.11,7338.64,7224.13,7210.0,7198.08,7258.48,7064.05
2019-12-08,7510.11,0.0029203291520898934,0.5048997616884916,7390.89,6903.28,8502.4,9039.47,7338.64,7224.13,7210.0,7198.08,7258.48,7064.05,7118.59
2019-12-09,7338.64,-0.023096573450634292,0.5075212835867827,7294.28,7109.57,8187.17,8733.27,7224.13,7210.0,7198.08,7258.48,7064.05,7118.59,6891.72
2019-12-10,7224.13,-0.015726727832204117,0.4952183558181047,7292.71,7156.14,8133.64,8821.94,7210.0,7198.08,7258.48,7064.05,7118.59,6891.72,6623.82
2019-12-11,7210.0,-0.0019578602262294424,0.48581212670776425,7194.32,7508.52,8098.01,8777.12,7198.08,7258.48,7064.05,7118.59,6891.72,6623.82,7277.83
2019-12-12,7198.08,-0.0016546275033925571,0.4825087646165652,7389.0,7419.49,7627.74,8646.68,7258.48,7064.05,7118.59,6891.72,6623.82,7277.83,7150.3
2019-12-13,7258.48,0.008356116731852428,0.48537290013908685,7527.47,7739.68,7268.23,8471.73,7064.05,7118.59,6891.72,6623.82,7277.83,7150.3,7187.83
2019-12-14,7064.05,-0.0271518991060132,0.48993918848929735,7488.21,7541.89,7311.57,8491.02,7118.59,6891.72,6623.82,7277.83,7150.3,7187.83,7132.75
2019-12-15,7118.59,0.007691130685450952,0.48986324082464255,7510.11,7390.89,6903.28,8502.4,6891.72,6623.82,7277.83,7150.3,7187.83,7132.75,7501.44
2019-12-16,6891.72,-0.032388981078060576,0.49753263046636154,7338.64,7294.28,7109.57,8187.17,6623.82,7277.83,7150.3,7187.83,7132.75,7501.44,7317.09
2019-12-17,6623.82,-0.039648448225997265,0.5093325040560908,7224.13,7292.71,7156.14,8133.64,7277.83,7150.3,7187.83,7132.75,7501.44,7317.09,7255.77
2019-12-18,7277.83,0.09416049805106408,0.6110519321459864,7210.0,7194.32,7508.52,8098.01,7150.3,7187.83,7132.75,7501.44,7317.09,7255.77,7204.63
2019-12-19,7150.3,-0.017678426984101332,0.6128834528920802,7198.08,7389.0,7419.49,7627.74,7187.83,7132.75,7501.44,7317.09,7255.77,7204.63,7202.0
2019-12-20,7187.83,0.005235004245315183,0.6137835697873102,7258.48,7527.47,7739.68,7268.23,7132.75,7501.44,7317.09,7255.77,7204.63,7202.0,7254.74
2019-12-21,7132.75,-0.007692463798028944,0.5800873597490643,7064.05,7488.21,7541.89,7311.57,7501.44,7317.09,7255.77,7204.63,7202.0,7254.74,7316.14
2019-12-22,7501.44,0.050398147797677026,0.5836126130235437,7118.59,7510.11,7390.89,6903.28,7317.09,7255.77,7204.63,7202.0,7254.74,7316.14,7388.24
2019-12-23,7317.09,-0.024882294163375403,0.5902283615677638,6891.72,7338.64,7294.28,7109.57,7255.77,7204.63,7202.0,7254.74,7316.14,7388.24,7246.0
2019-12-24,7255.77,-0.008415693543983837,0.5537719996381342,6623.82,7224.13,7292.71,7156.14,7204.63,7202.0,7254.74,7316.14,7388.24,7246.0,7195.23
2019-12-25,7204.63,-0.007073139499326842,0.5452954854895266,7277.83,7210.0,7194.32,7508.52,7202.0,7254.74,7316.14,7388.24,7246.0,7195.23,7200.85
2019-12-26,7202.0,-0.0003651096792540607,0.5448570637399643,7150.3,7198.08,7389.0,7419.49,7254.74,7316.14,7388.24,7246.0,7195.23,7200.85,6965.71
2019-12-27,7254.74,0.0072962831137449915,0.5176678244867796,7187.83,7258.48,7527.47,7739.68,7316.14,7388.24,7246.0,7195.23,7200.85,6965.71,7344.96
2019-12-28,7316.14,0.008427818145064376,0.517200771520564,7132.75,7064.05,7488.21,7541.89,7388.24,7246.0,7195.23,7200.85,6965.71,7344.96,7354.11
2019-12-29,7388.24,0.009806680434861516,0.4953952141056757,7501.44,7118.59,7510.11,7390.89,7246.0,7195.23,7200.85,6965.71,7344.96,7354.11,7358.75
2019-12-30,7246.0,-0.01943995444746896,0.4919065332497808,7317.09,6891.72,7338.64,7294.28,7195.23,7200.85,6965.71,7344.96,7354.11,7358.75,7758.0
2019-12-31,7195.23,-0.007031286000974238,0.4876639306524849,7255.77,6623.82,7224.13,7292.71,7200.85,6965.71,7344.96,7354.11,7358.75,7758.0,8145.28
2020-01-01,7200.85,0.000780768137645281,0.48567178180019527,7204.63,7277.83,7210.0,7194.32,6965.71,7344.96,7354.11,7358.75,7758.0,8145.28,8055.98
2020-01-02,6965.71,-0.033199534310396885,0.4989347607877027,7202.0,7150.3,7198.08,7389.0,7344.96,7354.11,7358.75,7758.0,8145.28,8055.98,7817.76
2020-01-03,7344.96,0.05301482343029991,0.53168680773964,7254.74,7187.83,7258.48,7527.47,7354.11,7358.75,7758.0,8145.28,8055.98,7817.76,8197.02
2020-01-04,7354.11,0.0012449768838231309,0.5233623596358563,7316.14,7132.75,7064.05,7488.21,7358.75,7758.0,8145.28,8055.98,7817.76,8197.02,8020.01
2020-01-05,7358.75,0.000630740747051131,0.519007011001152,7388.24,7501.44,7118.59,7510.11,7758.0,8145.28,8055.98,7817.76,8197.02,8020.01,8184.98
2020-01-06,7758.0,0.05283448765744147,0.5512243577887879,7246.0,7317.09,6891.72,7338.64,8145.28,8055.98,7817.76,8197.02,8020.01,8184.98,8110.34
2020-01-07,8145.28,0.04871404936371501,0.5756465286034882,7195.23,7255.77,6623.82,7224.13,8055.98,7817.76,8197.02,8020.01,8184.98,8110.34,8810.01
2020-01-08,8055.98,-0.011023945589959614,0.5703514546584841,7200.85,7204.63,7277.83,7210.0,7817.76,8197.02,8020.01,8184.98,8110.34,8810.01,8821.41
2020-01-09,7817.76,-0.03001660428030768,0.5784120748187805,6965.71,7202.0,7150.3,7198.08,8197.02,8020.01,8184.98,8110.34,8810.01,8821.41,8720.01
2020-01-10,8197.02,0.04737260507373657,0.5987220106663104,7344.96,7254.74,7187.83,7258.48,8020.01,8184.98,8110.34,8810.01,8821.41,8720.01,8913.28
2020-01-11,8020.01,-0.02183100482452105,0.6053374192744426,7354.11,7316.14,7132.75,7064.05,8184.98,8110.34,8810.01,8821.41,8720.01,8913.28,8915.96
2020-01-12,8184.98,0.02036109856547728,0.6079661629185783,7358.75,7388.24,7501.44,7118.59,8110.34,8810.01,8821.41,8720.01,8913.28,8915.96,8701.7
2020-01-13,8110.34,-0.009160976526190662,0.5995423240077687,7758.0,7246.0,7317.09,6891.72,8810.01,8821.41,8720.01,8913.28,8915.96,8701.7,8642.35
2020-01-14,8810.01,0.08274878422149841,0.6586550294739285,8145.28,7195.23,7255.77,6623.82,8821.41,8720.01,8913.28,8915.96,8701.7,8642.35,8736.03
2020-01-15,8821.41,0.001293146166175448,0.6435395527435601,8055.98,7200.85,7204.63,7277.83,8720.01,8913.28,8915.96,8701.7,8642.35,8736.03,8682.36
2020-01-16,8720.01,-0.011561336478177777,0.6244126407393966,7817.76,6965.71,7202.0,7150.3,8913.28,8915.96,8701.7,8642.35,8736.03,8682.36,8404.52
2020-01-17,8913.28,0.021921914733313886,0.5466481974731343,8197.02,7344.96,7254.74,7187.83,8915.96,8701.7,8642.35,8736.03,8682.36,8404.52,8439.0
2020-01-18,8915.96,0.0003006297542892932,0.5400909151185549,8020.01,7354.11,7316.14,7132.75,8701.7,8642.35,8736.03,8682.36,8404.52,8439.0,8340.58
2020-01-19,8701.7,-0.024324520325978746,0.5512779915964692,8184.98,7358.75,7388.24,7501.44,8642.35,8736.03,8682.36,8404.52,8439.0,8340.58,8615.0
2020-01-20,8642.35,-0.0068438722969167065,0.5510134072492173,8110.34,7758.0,7246.0,7317.09,8736.03,8682.36,8404.52,8439.0,8340.58,8615.0,8907.57
2020-01-21,8736.03,0.010781316488657582,0.5280467085182371,8810.01,8145.28,7195.23,7255.77,8682.36,8404.52,8439.0,8340.58,8615.0,8907.57,9374.21
2020-01-22,8682.36,-0.006162471944631271,0.5186314703684887,8821.41,8055.98,7200.85,7204.63,8404.52,8439.0,8340.58,8615.0,8907.57,9374.21,9301.53
2020-01-23,8404.52,-0.03252372475192156,0.5334957154259178,8720.01,7817.76,6965.71,7202.0,8439.0,8340.58,8615.0,8907.57,9374.21,9301.53,9513.21
2020-01-24,8439.0,0.004094161809795407,0.5317607342288765,8913.28,8197.02,7344.96,7254.74,8340.58,8615.0,8907.57,9374.21,9301.53,9513.21,9352.89
2020-01-25,8340.58,-0.01173105985876297,0.5347465383809121,8915.96,8020.01,7354.11,7316.14,8615.0,8907.57,9374.21,9301.53,9513.21,9352.89,9384.61
2020-01-26,8615.0,0.0323721116628264,0.5432509190481616,8701.7,8184.98,7358.75,7388.24,8907.57,9374.21,9301.53,9513.21,9352.89,9384.61,9331.51
2020-01-27,8907.57,0.03339660703325178,0.5517276949596984,8642.35,8110.34,7758.0,7246.0,9374.21,9301.53,9513.21,9352.89,9384.61,9331.51,9292.24
2020-01-28,9374.21,0.05106082462602789,0.5731325129215972,8736.03,8810.01,8145.28,7195.23,9301.53,9513.21,9352.89,9384.61,9331.51,9292.24,9197.02
2020-01-29,9301.53,-0.007783398882224428,0.567539730204392,8682.36,8821.41,8055.98,7200.85,9513.21,9352.89,9384.61,9331.51,9292.24,9197.02,9612.04
2020-01-30,9513.21,0.022502456278908796,0.5668313025187404,8404.52,8720.01,7817.76,6965.71,9352.89,9384.61,9331.51,9292.24,9197.02,9612.04,9772.0
2020-01-31,9352.89,-0.01699597258492471,0.5735491989203051,8439.0,8913.28,8197.02,7344.96,9384.61,9331.51,9292.24,9197.02,9612.04,9772.0,9813.73
2020-02-01,9384.61,0.003385727050131138,0.553752365073942,8340.58,8915.96,8020.01,7354.11,9331.51,9292.24,9197.02,9612.04,9772.0,9813.73,9895.05
2020-02-02,9331.51,-0.005674268221518584,0.5337657885682457,8615.0,8701.7,8184.98,7358.75,9292.24,9197.02,9612.04,9772.0,9813.73,9895.05,10151.75
2020-02-03,9292.24,-0.004217202035113095,0.5349718444720393,8907.57,8642.35,8110.34,7758.0,9197.02,9612.04,9772.0,9813.73,9895.05,10151.75,9851.83
2020-02-04,9197.02,-0.01030012470407638,0.5381640361726941,9374.21,8736.03,8810.01,8145.28,9612.04,9772.0,9813.73,9895.05,10151.75,9851.83,10223.08
2020-02-05,9612.04,0.04413696079004374,0.5297176586581831,9301.53,8682.36,8821.41,8055.98,9772.0,9813.73,9895.05,10151.75,9851.83,10223.08,10326.46
2020-02-06,9772.0,0.016504674065094656,0.5094288828288082,9513.21,8404.52,8720.01,7817.76,9813.73,9895.05,10151.75,9851.83,10223.08,10326.46,10229.63
2020-02-07,9813.73,0.00426127217580927,0.5057503720090442,9352.89,8439.0,8913.28,8197.02,9895.05,10151.75,9851.83,10223.08,10326.46,10229.63,10344.36
2020-02-08,9895.05,0.008252206527558531,0.488209381676879,9384.61,8340.58,8915.96,8020.01,10151.75,9851.83,10223.08,10326.46,10229.63,10344.36,9904.72
2020-02-09,10151.75,0.025611472320488028,0.47165949493426457,9331.51,8615.0,8701.7,8184.98,9851.83,10223.08,10326.46,10229.63,10344.36,9904.72,9917.27
2020-02-10,9851.83,-0.02998887968955256,0.4787686860380535,9292.24,8907.57,8642.35,8110.34,10223.08,10326.46,10229.63,10344.36,9904.72,9917.27,9706.0
2020-02-11,10223.08,0.03699068450599928,0.4880951393931663,9197.02,9374.21,8736.03,8810.01,10326.46,10229.63,10344.36,9904.72,9917.27,9706.0,10164.71
2020-02-12,10326.46,0.010061623972999353,0.4844723295936888,9612.04,9301.53,8682.36,8821.41,10229.63,10344.36,9904.72,9917.27,9706.0,10164.71,9593.79
2020-02-13,10229.63,-0.009421122032285924,0.40591458369913225,9772.0,9513.21,8404.52,8720.01,10344.36,9904.72,9917.27,9706.0,10164.71,9593.79,9596.42
2020-02-14,10344.36,0.011153032471666205,0.40624425563168,9813.73,9352.89,8439.0,8913.28,9904.72,9917.27,9706.0,10164.71,9593.79,9596.42,9677.05
2020-02-15,9904.72,-0.043430032448461935,0.43694889994934566,9895.05,9384.61,8340.58,8915.96,9917.27,9706.0,10164.71,9593.79,9596.42,9677.05,9650.86
2020-02-16,9917.27,0.0012662706092510477,0.43234809413004566,10151.75,9331.51,8615.0,8701.7,9706.0,10164.71,9593.79,9596.42,9677.05,9650.86,9936.4
2020-02-17,9706.0,-0.021533430825940978,0.4410388435437493,9851.83,9292.24,8907.57,8642.35,10164.71,9593.79,9596.42,9677.05,9650.86,9936.4,9656.13
2020-02-18,10164.71,0.04617766642322519,0.45475147614485184,10223.08,9197.02,9374.21,8736.03,9593.79,9596.42,9677.05,9650.86,9936.4,9656.13,9315.84
2020-02-19,9593.79,-0.05780590324636327,0.5038076272515122,10326.46,9612.04,9301.53,8682.36,9596.42,9677.05,9650.86,9936.4,9656.13,9315.84,8785.25
2020-02-20,9596.42,0.00027409809652581926,0.503224175426008,10229.63,9772.0,9513.21,8404.52,9677.05,9650.86,9936.4,9656.13,9315.84,8785.25,8823.21
2020-02-21,9677.05,0.008366990519610176,0.5023982053034826,10344.36,9813.73,9352.89,8439.0,9650.86,9936.4,9656.13,9315.84,8785.25,8823.21,8692.91
2020-02-22,9650.86,-0.002710072225020686,0.48589767890206037,9904.72,9895.05,9384.61,8340.58,9936.4,9656.13,9315.84,8785.25,8823.21,8692.91,8523.61
2020-02-23,9936.4,0.029157751478757078,0.4933705319097586,9917.27,10151.75,9331.51,8615.0,9656.13,9315.84,8785.25,8823.21,8692.91,8523.61,8531.88
2020-02-24,9656.13,-0.02861183519342414,0.504162667052392,9706.0,9851.83,9292.24,8907.57,9315.84,8785.25,8823.21,8692.91,8523.61,8531.88,8915.24
2020-02-25,9315.84,-0.03587676971484084,0.5134428205091741,10164.71,10223.08,9197.02,9374.21,8785.25,8823.21,8692.91,8523.61,8531.88,8915.24,8760.07
2020-02-26,8785.25,-0.05864199828916444,0.5434651194651942,9593.79,10326.46,9612.04,9301.53,8823.21,8692.91,8523.61,8531.88,8915.24,8760.07,8750.87
2020-02-27,8823.21,0.004311570552474216,0.5111889622605008,9596.42,10229.63,9772.0,9513.21,8692.91,8523.61,8531.88,8915.24,8760.07,8750.87,9054.68
2020-02-28,8692.91,-0.014877998499183857,0.5127923154179905,9677.05,10344.36,9813.73,9352.89,8523.61,8531.88,8915.24,8760.07,8750.87,9054.68,9131.88
2020-02-29,8523.61,-0.019667790863484216,0.5082429039786819,9650.86,9904.72,9895.05,9384.61,8531.88,8915.24,8760.07,8750.87,9054.68,9131.88,8886.66
2020-03-01,8531.88,0.0009697757904506052,0.5061693477913873,9936.4,9917.27,10151.75,9331.51,8915.24,8760.07,8750.87,9054.68,9131.88,8886.66,8033.31
2020-03-02,8915.24,0.043952436059954136,0.531802863850298,9656.13,9706.0,9851.83,9292.24,8760.07,8750.87,9054.68,9131.88,8886.66,8033.31,7929.87
2020-03-03,8760.07,-0.017558276088587222,0.5345263308284174,9315.84,10164.71,10223.08,9197.02,8750.87,9054.68,9131.88,8886.66,8033.31,7929.87,7894.56
2020-03-04,8750.87,-0.0010507717856942027,0.5344830607567771,8785.25,9593.79,10326.46,9612.04,9054.68,9131.88,8886.66,8033.31,7929.87,7894.56,7934.52
2020-03-05,9054.68,0.0341286271212737,0.5480934225464097,8823.21,9596.42,10229.63,9772.0,9131.88,8886.66,8033.31,7929.87,7894.56,7934.52,4800.0
2020-03-06,9131.88,0.008489836857210005,0.5251619679918413,8692.91,9677.05,10344.36,9813.73,8886.66,8033.31,7929.87,7894.56,7934.52,4800.0,5578.6
2020-03-07,8886.66,-0.027220312082118024,0.5282139976350534,8523.61,9650.86,9904.72,9895.05,8033.31,7929.87,7894.56,7934.52,4800.0,5578.6,5172.06
2020-03-08,8033.31,-0.10095462863465858,0.6277174528638789,8531.88,9936.4,9917.27,10151.75,7929.87,7894.56,7934.52,4800.0,5578.6,5172.06,5361.3
2020-03-09,7929.87,-0.012960005190206313,0.625726986969802,8915.24,9656.13,9706.0,9851.83,7894.56,7934.52,4800.0,5578.6,5172.06,5361.3,5028.97
2020-03-10,7894.56,-0.00446272739082808,0.6144612883865938,8760.07,9315.84,10164.71,10223.08,7934.52,4800.0,5578.6,5172.06,5361.3,5028.97,5312.64
2020-03-11,7934.52,0.0050489459763729885,0.6110993805286279,8750.87,8785.25,9593.79,10326.46,4800.0,5578.6,5172.06,5361.3,5028.97,5312.64,5393.04
2020-03-12,4800.0,-0.5026069427414592,1.8208568388236632,9054.68,8823.21,9596.42,10229.63,5578.6,5172.06,5361.3,5028.97,5312.64,5393.04,6162.37
2020-03-13,5578.6,0.15032193094234547,1.918169842054193,9131.88,8692.91,9677.05,10344.36,5172.06,5361.3,5028.97,5312.64,5393.04,6162.37,6208.36
2020-03-14,5172.06,-0.07566678708579554,1.9272392665873899,8886.66,8523.61,9650.86,9904.72,5361.3,5028.97,5312.64,5393.04,6162.37,6208.36,6186.98
2020-03-15,5361.3,0.03593542121832906,1.934648115777293,8033.31,8531.88,9936.4,9917.27,5028.97,5312.64,5393.04,6162.37,6208.36,6186.98,5816.19
2020-03-16,5028.97,-0.06399129121736558,1.9388518155308117,7929.87,8915.24,9656.13,9706.0,5312.64,5393.04,6162.37,6208.36,6186.98,5816.19,6467.31
2020-03-17,5312.64,0.054873695073120565,1.9560948462296495,7894.56,8760.07,9315.84,10164.71,5393.04,6162.37,6208.36,6186.98,5816.19,6467.31,6744.72
2020-03-18,5393.04,0.015020346505170423,1.9600752062444065,7934.52,8750.87,8785.25,9593.79,6162.37,6208.36,6186.98,5816.19,6467.31,6744.72,6677.43
2020-03-19,6162.37,0.13335221046196347,2.019571636218437,4800.0,9054.68,8823.21,9596.42,6208.36,6186.98,5816.19,6467.31,6744.72,6677.43,6737.36
2020-03-20,6208.36,0.007435327078688863,2.0156684021826274,5578.6,9131.88,8692.91,9677.05,6186.98,5816.19,6467.31,6744.72,6677.43,6737.36,6359.11
2020-03-21,6186.98,-0.0034496869311265673,2.0153665319093323,5172.06,8886.66,8523.61,9650.86,5816.19,6467.31,6744.72,6677.43,6737.36,6359.11,6236.65
2020-03-22,5816.19,-0.06180167576087353,2.0201445764509702,5361.3,8033.31,8531.88,9936.4,6467.31,6744.72,6677.43,6737.36,6359.11,6236.65,5881.42
2020-03-23,6467.31,0.1061148487906949,2.0649786427716843,5028.97,7929.87,8915.24,9656.13,6744.72,6677.43,6737.36,6359.11,6236.65,5881.42,6394.38
2020-03-24,6744.72,0.041999719577783305,2.068787609871039,5312.64,7894.56,8760.07,9315.84,6677.43,6737.36,6359.11,6236.65,5881.42,6394.38,6410.44
2020-03-25,6677.43,-0.01002679358492966,2.0680283001644524,5393.04,7934.52,8750.87,8785.25,6737.36,6359.11,6236.65,5881.42,6394.38,6410.44,6642.92
2020-03-26,6737.36,0.008934973816594624,2.0675039312579457,6162.37,4800.0,9054.68,8823.21,6359.11,6236.65,5881.42,6394.38,6410.44,6642.92,6794.09
2020-03-27,6359.11,-0.057779726345443316,2.067254980332334,6208.36,5578.6,9131.88,8692.91,6236.65,5881.42,6394.38,6410.44,6642.92,6794.09,6734.1
2020-03-28,6236.65,-0.019445251206402104,2.0667339255563317,6186.98,5172.06,8886.66,8523.61,5881.42,6394.38,6410.44,6642.92,6794.09,6734.1,6856.99
2020-03-29,5881.42,-0.058644949893034606,2.0732450887591662,5816.19,5361.3,8033.31,8531.88,6394.38,6410.44,6642.92,6794.09,6734.1,6856.99,6772.78
2020-03-30,6394.38,0.08362125023444582,2.1002075661807207,6467.31,5028.97,7929.87,8915.24,6410.44,6642.92,6794.09,6734.1,6856.99,6772.78,7329.9
2020-03-31,6410.44,0.002508431734471707,2.1003117059593444,6744.72,5312.64,7894.56,8760.07,6642.92,6794.09,6734.1,6856.99,6772.78,7329.9,7197.32
2020-04-01,6642.92,0.03562371453633789,2.0978418800613214,6677.43,5393.04,7934.52,8750.87,6794.09,6734.1,6856.99,6772.78,7329.9,7197.32,7361.28
2020-04-02,6794.09,0.02250149077446257,2.1006306340059044,6737.36,6162.37,4800.0,9054.68,6734.1,6856.99,6772.78,7329.9,7197.32,7361.28,7283.54
2020-04-03,6734.1,-0.008868945989810946,2.1004600161856746,6359.11,6208.36,5578.6,9131.88,6856.99,6772.78,7329.9,7197.32,7361.28,7283.54,6858.92
2020-04-04,6856.99,0.018084399293975692,2.09708222637779,6236.65,6186.98,5172.06,8886.66,6772.78,7329.9,7197.32,7361.28,7283.54,6858.92,6876.83
2020-04-05,6772.78,-0.012356932145710244,2.0961209777574483,5881.42,5816.19,5361.3,8033.31,7329.9,7197.32,7361.28,7283.54,6858.92,6876.83,6903.79
2020-04-06,7329.9,0.07905023544895948,2.117772194078092,6394.38,6467.31,5028.97,7929.87,7197.32,7361.28,7283.54,6858.92,6876.83,6903.79,6837.91
2020-04-07,7197.32,-0.018253138732796458,2.0907823576279183,6410.44,6744.72,5312.64,7894.56,7361.28,7283.54,6858.92,6876.83,6903.79,6837.91,6868.7
2020-04-08,7361.28,0.02252509615524215,2.092459430848535,6642.92,6677.43,5393.04,7934.52,7283.54,6858.92,6876.83,6903.79,6837.91,6868.7,6621.24
2020-04-09,7283.54,-0.010616822906183088,2.0926429206139825,6794.09,6737.36,6162.37,4800.0,6858.92,6876.83,6903.79,6837.91,6868.7,6621.24,7101.94
2020-04-10,6858.92,-0.060067012815594734,2.101919323712446,6734.1,6359.11,6208.36,5578.6,6876.83,6903.79,6837.91,6868.7,6621.24,7101.94,7027.55
2020-04-11,6876.83,0.002607795009356709,1.092414952060382,6856.99,6236.65,6186.98,5172.06,6903.79,6837.91,6868.7,6621.24,7101.94,7027.55,7248.6
2020-04-12,6903.79,0.003912746218315506,0.9717679063099278,6772.78,5881.42,5816.19,5361.3,6837.91,6868.7,6621.24,7101.94,7027.55,7248.6,7120.74
2020-04-13,6837.91,-0.009588406781744151,0.9272427579093998,7329.9,6394.38,6467.31,5028.97,6868.7,6621.24,7101.94,7027.55,7248.6,7120.74,6826.83
2020-04-14,6868.7,0.004492730411147657,0.922351104833745,7197.32,6410.44,6744.72,5312.64,6621.24,7101.94,7027.55,7248.6,7120.74,6826.83,6841.37
2020-04-15,6621.24,-0.03669219621182481,0.9000830179017095,7361.28,6642.92,6677.43,5393.04,7101.94,7027.55,7248.6,7120.74,6826.83,6841.37,7125.14
2020-04-16,7101.94,0.07008532257417706,0.911298907977563,7283.54,6794.09,6737.36,6162.37,7027.55,7248.6,7120.74,6826.83,6841.37,7125.14,7482.39
2020-04-17,7027.55,-0.01052984748182655,0.9137674546615517,6858.92,6734.1,6359.11,6208.36,7248.6,7120.74,6826.83,6841.37,7125.14,7482.39,7505.0
2020-04-18,7248.6,0.030970208092469646,0.8009801885586656,6876.83,6856.99,6236.65,6186.98,7120.74,6826.83,6841.37,7125.14,7482.39,7505.0,7538.67
2020-04-19,7120.74,-0.017796694163898973,0.8050030031648542,6903.79,6772.78,5881.42,5816.19,6826.83,6841.37,7125.14,7482.39,7505.0,7538.67,7693.1
2020-04-20,6826.83,-0.04215121560930678,0.821015541467248,6837.91,7329.9,6394.38,6467.31,6841.37,7125.14,7482.39,7505.0,7538.67,7693.1,7774.62
2020-04-21,6841.37,0.0021275669780452776,0.7868020291891925,6868.7,7197.32,6410.44,6744.72,7125.14,7482.39,7505.0,7538.67,7693.1,7774.62,7738.98
2020-04-22,7125.14,0.0406413711082043,0.7108032954325509,6621.24,7361.28,6642.92,6677.43,7482.39,7505.0,7538.67,7693.1,7774.62,7738.98,8778.57
2020-04-23,7482.39,0.048922884583249386,0.7159477367207622,7101.94,7283.54,6794.09,6737.36,7505.0,7538.67,7693.1,7774.62,7738.98,8778.57,8620.0
2020-04-24,7505.0,0.003017205417696101,0.7142989432758852,7027.55,6858.92,6734.1,6359.11,7538.67,7693.1,7774.62,7738.98,8778.57,8620.0,8826.96
2020-04-25,7538.67,0.004476308802495665,0.7140722199970405,7248.6,6876.83,6856.99,6236.65,7693.1,7774.62,7738.98,8778.57,8620.0,8826.96,8972.05
2020-04-26,7693.1,0.02027804933449806,0.6805431131375604,7120.74,6903.79,6772.78,5881.42,7774.62,7738.98,8778.57,8620.0,8826.96,8972.05,8894.16
2020-04-27,7774.62,0.010540759050406048,0.674247407183371,6826.83,6837.91,7329.9,6394.38,7738.98,8778.57,8620.0,8826.96,8972.05,8894.16,8871.96
2020-04-28,7738.98,-0.004594686301061086,0.6327448847397532,6841.37,6868.7,7197.32,6410.44,8778.57,8620.0,8826.96,8972.05,8894.16,8871.96,9021.83
2020-04-29,8778.57,0.12604362825102328,0.7083705419401466,7125.14,6621.24,7361.28,6642.92,8620.0,8826.96,8972.05,8894.16,8871.96,9021.83,9142.92
2020-04-30,8620.0,-0.018228439547185536,0.715000167820892,7482.39,7101.94,7283.54,6794.09,8826.96,8972.05,8894.16,8871.96,9021.83,9142.92,9986.4
2020-05-01,8826.96,0.023725589801303106,0.7107987307098719,7505.0,7027.55,6858.92,6734.1,8972.05,8894.16,8871.96,9021.83,9142.92,9986.4,9800.01
2020-05-02,8972.05,0.016303515058974757,0.7096970457853897,7538.67,7248.6,6876.83,6856.99,8894.16,8871.96,9021.83,9142.92,9986.4,9800.01,9539.4
2020-05-03,8894.16,-0.008719307953238976,0.7096491028876936,7693.1,7120.74,6903.79,6772.78,8871.96,9021.83,9142.92,9986.4,9800.01,9539.4,8722.77
2020-05-04,8871.96,-0.002499140111014321,0.7100644269935263,7774.62,6826.83,6837.91,7329.9,9021.83,9142.92,9986.4,9800.01,9539.4,8722.77,8561.52
2020-05-05,9021.83,0.01675145450840847,0.7065080697370472,7738.98,6841.37,6868.7,7197.32,9142.92,9986.4,9800.01,9539.4,8722.77,8561.52,8810.79
2020-05-06,9142.92,0.013332613300691144,0.6608629788127492,8778.57,7125.14,6621.24,7361.28,9986.4,9800.01,9539.4,8722.77,8561.52,8810.79,9309.37
2020-05-07,9986.4,0.08824435807397825,0.7113702354490159,8620.0,7482.39,7101.94,7283.54,9800.01,9539.4,8722.77,8561.52,8810.79,9309.37,9791.98
2020-05-08,9800.01,-0.018840761270535238,0.7174812462260255,8826.96,7505.0,7027.55,6858.92,9539.4,8722.77,8561.52,8810.79,9309.37,9791.98,9316.42
2020-05-09,9539.4,-0.026952815683587594,0.7254752348727954,8972.05,7538.67,7248.6,6876.83,8722.77,8561.52,8810.79,9309.37,9791.98,9316.42,9381.27
2020-05-10,8722.77,-0.08949374237266458,0.7668155246328373,8894.16,7693.1,7120.74,6903.79,8561.52,8810.79,9309.37,9791.98,9316.42,9381.27,9680.04
2020-05-11,8561.52,-0.018659103544510936,0.772270912614217,8871.96,7774.62,6826.83,6837.91,8810.79,9309.37,9791.98,9316.42,9381.27,9680.04,9733.93
2020-05-12,8810.79,0.028699362273097852,0.775732776253067,9021.83,7738.98,6841.37,6868.7,9309.37,9791.98,9316.42,9381.27,9680.04,9733.93,9775.53
2020-05-13,9309.37,0.05504431306987792,0.7897839641587576,9142.92,8778.57,7125.14,6621.24,9791.98,9316.42,9381.27,9680.04,9733.93,9775.53,9511.43
2020-05-14,9791.98,0.050542263457842476,0.8017761492193082,9986.4,8620.0,7482.39,7101.94,9316.42,9381.27,9680.04,9733.93,9775.53,9511.43,9068.65
2020-05-15,9316.42,-0.049785248551448925,0.8129695005860967,9800.01,8826.96,7505.0,7027.55,9381.27,9680.04,9733.93,9775.53,9511.43,9068.65,9170.0
2020-05-16,9381.27,0.006936713576645949,0.784935613804586,9539.4,8972.05,7538.67,7248.6,9680.04,9733.93,9775.53,9511.43,9068.65,9170.0,9179.15
2020-05-17,9680.04,0.03135088520193182,0.7852271900820371,8722.77,8894.16,7693.1,7120.74,9733.93,9775.53,9511.43,9068.65,9170.0,9179.15,8720.34
2020-05-18,9733.93,0.005551686585784176,0.7819567561816189,8561.52,8871.96,7774.62,6826.83,9775.53,9511.43,9068.65,9170.0,9179.15,8720.34,8900.35
2020-05-19,9775.53,0.004264604253293181,0.7759107372134705,8810.79,9021.83,7738.98,6841.37,9511.43,9068.65,9170.0,9179.15,8720.34,8900.35,8841.18
2020-05-20,9511.43,-0.02738809106362215,0.7649180311865867,9309.37,9142.92,8778.57,7125.14,9068.65,9170.0,9179.15,8720.34,8900.35,8841.18,9204.07
2020-05-21,9068.65,-0.04767082257525894,0.7914933548985051,9791.98,9986.4,8620.0,7482.39,9170.0,9179.15,8720.34,8900.35,8841.18,9204.07,9575.89
2020-05-22,9170.0,0.011113875556824242,0.7834822312229507,9316.42,9800.01,8826.96,7505.0,9179.15,8720.34,8900.35,8841.18,9204.07,9575.89,9427.07
2020-05-23,9179.15,0.0009973214844743207,0.770009753591501,9381.27,9539.4,8972.05,7538.67,8720.34,8900.35,8841.18,9204.07,9575.89,9427.07,9697.72
2020-05-24,8720.34,-0.051276379766393834,0.7962205764356018,9680.04,8722.77,8894.16,7693.1,8900.35,8841.18,9204.07,9575.89,9427.07,9697.72,9448.27
2020-05-25,8900.35,0.02043237382109617,0.7980308645503043,9733.93,8561.52,8871.96,7774.62,8841.18,9204.07,9575.89,9427.07,9697.72,9448.27,10200.77
2020-05-26,8841.18,-0.006670249903320307,0.7973002610676505,9775.53,8810.79,9021.83,7738.98,9204.07,9575.89,9427.07,9697.72,9448.27,10200.77,9518.04
2020-05-27,9204.07,0.040225425628930105,0.8067344990274441,9511.43,9309.37,9142.92,8778.57,9575.89,9427.07,9697.72,9448.27,10200.77,9518.04,9666.24
2020-05-28,9575.89,0.0396027036055747,0.8143806920500049,9068.65,9791.98,9986.4,8620.0,9427.07,9697.72,9448.27,10200.77,9518.04,9666.24,9789.06
2020-05-29,9427.07,-0.015663143272285802,0.695158890025792,9170.0,9316.42,9800.01,8826.96,9697.72,9448.27,10200.77,9518.04,9666.24,9789.06,9621.16
2020-05-30,9697.72,0.028305468467552164,0.6967470985539781,9179.15,9381.27,9539.4,8972.05,9448.27,10200.77,9518.04,9666.24,9789.06,9621.16,9666.3
2020-05-31,9448.27,-0.026059150370553428,0.7005712224122044,8720.34,9680.04,8722.77,8894.16,10200.77,9518.04,9666.24,9789.06,9621.16,9666.3,9746.99
2020-06-01,10200.77,0.07663155167361478,0.7459193043105664,8900.35,9733.93,8561.52,8871.96,9518.04,9666.24,9789.06,9621.16,9666.3,9746.99,9782.01
2020-06-02,9518.04,-0.06927426238341051,0.7879226044057859,8841.18,9775.53,8810.79,9021.83,9666.24,9789.06,9621.16,9666.3,9746.99,9782.01,9772.43
2020-06-03,9666.24,0.015450457159570928,0.7890448211973756,9204.07,9511.43,9309.37,9142.92,9789.06,9621.16,9666.3,9746.99,9782.01,9772.43,9885.0
2020-06-04,9789.06,0.01262603317612486,0.7882613889387974,9575.89,9068.65,9791.98,9986.4,9621.16,9666.3,9746.99,9782.01,9772.43,9885.0,9280.4
2020-06-05,9621.16,-0.017300596060589795,0.7903101262474821,9427.07,9170.0,9316.42,9800.01,9666.3,9746.99,9782.01,9772.43,9885.0,9280.4,9465.13
2020-06-06,9666.3,0.004680770035723853,0.7262929993455249,9697.72,9179.15,9381.27,9539.4,9746.99,9782.01,9772.43,9885.0,9280.4,9465.13,9473.34
2020-06-07,9746.99,0.008312909833360433,0.7241107937866268,9448.27,8720.34,9680.04,8722.77,9782.01,9772.43,9885.0,9280.4,9465.13,9473.34,9342.1
2020-06-08,9782.01,0.0035864650046320786,0.7177065973835082,10200.77,8900.35,9733.93,8561.52,9772.43,9885.0,9280.4,9465.13,9473.34,9342.1,9426.02
2020-06-09,9772.43,-0.000979828700433323,0.6396546306365,9518.04,8841.18,9775.53,8810.79,9885.0,9280.4,9465.13,9473.34,9342.1,9426.02,9525.59
2020-06-10,9885.0,0.011453300920539622,0.6349611040404929,9666.24,9204.07,9511.43,9309.37,9280.4,9465.13,9473.34,9342.1,9426.02,9525.59,9465.14
2020-06-11,9280.4,-0.06311380730512214,0.671178992715277,9789.06,9575.89,9068.65,9791.98,9465.13,9473.34,9342.1,9426.02,9525.59,9465.14,9386.32
2020-06-12,9465.13,0.019709870061973344,0.6467239216938871,9621.16,9427.07,9170.0,9316.42,9473.34,9342.1,9426.02,9525.59,9465.14,9386.32,9310.23
2020-06-13,9473.34,0.0008670183509335627,0.6211005761341818,9666.3,9697.72,9179.15,9381.27,9342.1,9426.02,9525.59,9465.14,9386.32,9310.23,9358.95
2020-06-14,9342.1,-0.013950471361775322,0.597892606847339,9746.99,9448.27,8720.34,9680.04,9426.02,9525.59,9465.14,9386.32,9310.23,9358.95,9294.69
2020-06-15,9426.02,0.008942883921489994,0.598222540706132,9782.01,10200.77,8900.35,9733.93,9525.59,9465.14,9386.32,9310.23,9358.95,9294.69,9685.69
2020-06-16,9525.59,0.010507911061560557,0.5888889445956017,9772.43,9518.04,8841.18,9775.53,9465.14,9386.32,9310.23,9358.95,9294.69,9685.69,9624.89
2020-06-17,9465.14,-0.006366285463241823,0.588805524741577,9885.0,9666.24,9204.07,9511.43,9386.32,9310.23,9358.95,9294.69,9685.69,9624.89,9296.49
2020-06-18,9386.32,-0.008362265766844552,0.589049736585788,9280.4,9789.06,9575.89,9068.65,9310.23,9358.95,9294.69,9685.69,9624.89,9296.49,9249.49
2020-06-19,9310.23,-0.008139514519042584,0.5821281660479143,9465.13,9621.16,9427.07,9170.0,9358.95,9294.69,9685.69,9624.89,9296.49,9249.49,9162.21
2020-06-20,9358.95,0.005219309107220791,0.5571257075783399,9473.34,9666.3,9697.72,9179.15,9294.69,9685.69,9624.89,9296.49,9249.49,9162.21,9012.0
2020-06-21,9294.69,-0.006889835356610858,0.5565715670281716,9342.1,9746.99,9448.27,8720.34,9685.69,9624.89,9296.49,9249.49,9162.21,9012.0,9116.35
2020-06-22,9685.69,0.04120626916014081,0.5744530057591823,9426.02,9782.01,10200.77,8900.35,9624.89,9296.49,9249.49,9162.21,9012.0,9116.35,9192.56
2020-06-23,9624.89,-0.006297086976149205,0.5427032198797032,9525.59,9772.43,9518.04,8841.18,9296.49,9249.49,9162.21,9012.0,9116.35,9192.56,9138.55
2020-06-24,9296.49,-0.03471554197335148,0.5547357588988068,9465.14,9885.0,9666.24,9204.07,9249.49,9162.21,9012.0,9116.35,9192.56,9138.55,9232.0
2020-06-25,9249.49,-0.0050684946945599284,0.5544686701364061,9386.32,9280.4,9789.06,9575.89,9162.21,9012.0,9116.35,9192.56,9138.55,9232.0,9086.54
2020-06-26,9162.21,-0.009480998907668087,0.5376316326419776,9310.23,9465.13,9621.16,9427.07,9012.0,9116.35,9192.56,9138.55,9232.0,9086.54,9058.26
2020-06-27,9012.0,-0.016530393391535187,0.520778726511889,9358.95,9473.34,9666.3,9697.72,9116.35,9192.56,9138.55,9232.0,9086.54,9058.26,9135.46
2020-06-28,9116.35,0.011512482108878288,0.52044680857466,9294.69,9342.1,9746.99,9448.27,9192.56,9138.55,9232.0,9086.54,9058.26,9135.46,9069.41
2020-06-29,9192.56,0.008324956553215883,0.5108069227940644,9685.69,9426.02,9782.01,10200.77,9138.55,9232.0,9086.54,9058.26,9135.46,9069.41,9344.2
2020-06-30,9138.55,-0.0058927316772564384,0.5035358289784426,9624.89,9525.59,9772.43,9518.04,9232.0,9086.54,9058.26,9135.46,9069.41,9344.2,9257.39
2020-07-01,9232.0,0.01017398021090804,0.4209850624962994,9296.49,9465.14,9885.0,9666.24,9086.54,9058.26,9135.46,9069.41,9344.2,9257.39,9436.06
2020-07-02,9086.54,-0.01588151210121853,0.35110859444042347,9249.49,9386.32,9280.4,9789.06,9058.26,9135.46,9069.41,9344.2,9257.39,9436.06,9232.43
2020-07-03,9058.26,-0.0031171490343047835,0.34572756271983984,9162.21,9310.23,9465.13,9621.16,9135.46,9069.41,9344.2,9257.39,9436.06,9232.43,9288.34
2020-07-04,9135.46,0.008486495706433785,0.34379460796043476,9012.0,9358.95,9473.34,9666.3,9069.41,9344.2,9257.39,9436.06,9232.43,9288.34,9234.03
2020-07-05,9069.41,-0.007256331939539371,0.340044594634565,9116.35,9294.69,9342.1,9746.99,9344.2,9257.39,9436.06,9232.43,9288.34,9234.03,9302.75
2020-07-06,9344.2,0.029848617569280738,0.35714079427863743,9192.56,9685.69,9426.02,9782.01,9257.39,9436.06,9232.43,9288.34,9234.03,9302.75,9242.62
2020-07-07,9257.39,-0.009333678488988535,0.3565723135820961,9138.55,9624.89,9525.59,9772.43,9436.06,9232.43,9288.34,9234.03,9302.75,9242.62,9255.85
2020-07-08,9436.06,0.01911636867434222,0.3635268181797502,9232.0,9296.49,9465.14,9885.0,9232.43,9288.34,9234.03,9302.75,9242.62,9255.85,9197.6
2020-07-09,9232.43,-0.021816234347635674,0.37056495111884313,9086.54,9249.49,9386.32,9280.4,9288.34,9234.03,9302.75,9242.62,9255.85,9197.6,9133.72
2020-07-10,9288.34,0.006037564295295626,0.3685858518777097,9058.26,9162.21,9310.23,9465.13,9234.03,9302.75,9242.62,9255.85,9197.6,9133.72,9154.32
2020-07-11,9234.03,-0.005864277156991474,0.2962578831989687,9135.46,9012.0,9358.95,9473.34,9302.75,9242.62,9255.85,9197.6,9133.72,9154.32,9170.28
2020-07-12,9302.75,0.00741448243121315,0.28888765158752716,9069.41,9116.35,9294.69,9342.1,9242.62,9255.85,9197.6,9133.72,9154.32,9170.28,9208.99
2020-07-13,9242.62,-0.006484660129130597,0.2895625218605167,9344.2,9192.56,9685.69,9426.02,9255.85,9197.6,9133.72,9154.32,9170.28,9208.99,9160.78
2020-07-14,9255.85,0.0014303888111533642,0.2857300972694185,9257.39,9138.55,9624.89,9525.59,9197.6,9133.72,9154.32,9170.28,9208.99,9160.78,9390.0
2020-07-15,9197.6,-0.006313203598260291,0.2844650526085182,9436.06,9232.0,9296.49,9465.14,9133.72,9154.32,9170.28,9208.99,9160.78,9390.0,9518.16
2020-07-16,9133.72,-0.006969520861188566,0.2822305890830103,9232.43,9086.54,9249.49,9386.32,9154.32,9170.28,9208.99,9160.78,9390.0,9518.16,9603.27
2020-07-17,9154.32,0.0022528394199239758,0.2819228907755904,9288.34,9058.26,9162.21,9310.23,9170.28,9208.99,9160.78,9390.0,9518.16,9603.27,9537.8
2020-07-18,9170.28,0.0017419211372258878,0.2808537646622606,9234.03,9135.46,9012.0,9358.95,9208.99,9160.78,9390.0,9518.16,9603.27,9537.8,9700.42
2020-07-19,9208.99,0.004212360691051645,0.28008148120858906,9302.75,9069.41,9116.35,9294.69,9160.78,9390.0,9518.16,9603.27,9537.8,9700.42,9931.54
2020-07-20,9160.78,-0.005248852945236642,0.2798348041020268,9242.62,9344.2,9192.56,9685.69,9390.0,9518.16,9603.27,9537.8,9700.42,9931.54,11029.96
2020-07-21,9390.0,0.02471396532100174,0.292482401538355,9255.85,9257.39,9138.55,9624.89,9518.16,9603.27,9537.8,9700.42,9931.54,11029.96,10906.27
2020-07-22,9518.16,0.013556259591711564,0.2576898547665991,9197.6,9436.06,9232.0,9296.49,9603.27,9537.8,9700.42,9931.54,11029.96,10906.27,11100.53
2020-07-23,9603.27,0.008902112662382592,0.2588976695458384,9133.72,9232.43,9086.54,9249.49,9537.8,9700.42,9931.54,11029.96,10906.27,11100.53,11099.61
2020-07-24,9537.8,-0.006840814574633343,0.2284187086970468,9154.32,9288.34,9058.26,9162.21,9700.42,9931.54,11029.96,10906.27,11100.53,11099.61,11335.46
2020-07-25,9700.42,0.01690633264140375,0.23403869691610604,9170.28,9234.03,9135.46,9012.0,9931.54,11029.96,10906.27,11100.53,11099.61,11335.46,11801.17
2020-07-26,9931.54,0.023546368090711377,0.24257814292074426,9208.99,9302.75,9069.41,9116.35,11029.96,10906.27,11100.53,11099.61,11335.46,11801.17,11071.35
2020-07-27,11029.96,0.10489965515383327,0.42367601519236664,9160.78,9242.62,9344.2,9192.56,10906.27,11100.53,11099.61,11335.46,11801.17,11071.35,11219.81
2020-07-28,10906.27,-0.011277353573673094,0.4278783490259652,9390.0,9255.85,9257.39,9138.55,11100.53,11099.61,11335.46,11801.17,11071.35,11219.81,11191.97
2020-07-29,11100.53,0.017655001714241426,0.4297566210658601,9518.16,9197.6,9436.06,9232.0,11099.61,11335.46,11801.17,11071.35,11219.81,11191.97,11744.91
2020-07-30,11099.61,-8.288236024881114e-05,0.4281591144479137,9603.27,9133.72,9232.43,9086.54,11335.46,11801.17,11071.35,11219.81,11191.97,11744.91,11762.46
2020-07-31,11335.46,0.02102589283746785,0.431001192486198,9537.8,9154.32,9288.34,9058.26,11801.17,11071.35,11219.81,11191.97,11744.91,11762.46,11594.23
2020-08-01,11801.17,0.04026281369533566,0.43817660492348454,9700.42,9170.28,9234.03,9135.46,11071.35,11219.81,11191.97,11744.91,11762.46,11594.23,11761.41
2020-08-02,11071.35,-0.06383798859409126,0.5049163180897036,9931.54,9208.99,9302.75,9069.41,11219.81,11191.97,11744.91,11762.46,11594.23,11761.41,11681.68
2020-08-03,11219.81,0.013320275400209495,0.5054141151586036,11029.96,9160.78,9242.62,9344.2,11191.97,11744.91,11762.46,11594.23,11761.41,11681.68,11892.92
2020-08-04,11191.97,-0.002484409031295822,0.504009865082039,10906.27,9390.0,9255.85,9257.39,11744.91,11762.46,11594.23,11761.41,11681.68,11892.92,11392.08
2020-08-05,11744.91,0.04822339837274129,0.5183605794695799,11100.53,9518.16,9197.6,9436.06,11762.46,11594.23,11761.41,11681.68,11892.92,11392.08,11564.33
2020-08-06,11762.46,0.0014931490218287942,0.5152696145414553,11099.61,9603.27,9133.72,9232.43,11594.23,11761.41,11681.68,11892.92,11392.08,11564.33,11780.0
2020-08-07,11594.23,-0.01440554370016026,0.519403571534886,11335.46,9537.8,9154.32,9288.34,11761.41,11681.68,11892.92,11392.08,11564.33,11780.0,11760.54
2020-08-08,11761.41,0.014316272674542746,0.5094869805848985,11801.17,9700.42,9170.28,9234.03,11681.68,11892.92,11392.08,11564.33,11780.0,11760.54,11852.4
2020-08-09,11681.68,-0.006802030569309808,0.5120933789889922,11071.35,9931.54,9208.99,9302.75,11892.92,11392.08,11564.33,11780.0,11760.54,11852.4,11911.0
2020-08-10,11892.92,0.01792146240338923,0.5109170298644538,11219.81,11029.96,9160.78,9242.62,11392.08,11564.33,11780.0,11760.54,11852.4,11911.0,12281.13
2020-08-11,11392.08,-0.04302488795968553,0.5415583328696874,11191.97,10906.27,9390.0,9255.85,11564.33,11780.0,11760.54,11852.4,11911.0,12281.13,11945.01
2020-08-12,11564.33,0.01500698346852347,0.5401326131814653,11744.91,11100.53,9518.16,9197.6,11780.0,11760.54,11852.4,11911.0,12281.13,11945.01,11754.59
2020-08-13,11780.0,0.01847781763804461,0.5410058283736526,11762.46,11099.61,9603.27,9133.72,11760.54,11852.4,11911.0,12281.13,11945.01,11754.59,11853.55
2020-08-14,11760.54,-0.001653318439828755,0.5396925668244178,11594.23,11335.46,9537.8,9154.32,11852.4,11911.0,12281.13,11945.01,11754.59,11853.55,11531.34
2020-08-15,11852.4,0.007780518936332989,0.5369218964734855,11761.41,11801.17,9700.42,9170.28,11911.0,12281.13,11945.01,11754.59,11853.55,11531.34,11662.96
2020-08-16,11911.0,0.004931964178818936,0.5365991521705485,11681.68,11071.35,9931.54,9208.99,12281.13,11945.01,11754.59,11853.55,11531.34,11662.96,11648.13
2020-08-17,12281.13,0.03060159513066791,0.5412606183029278,11892.92,11219.81,11029.96,9160.78,11945.01,11754.59,11853.55,11531.34,11662.96,11648.13,11748.2
2020-08-18,11945.01,-0.027750320081645123,0.5566303183236321,11392.08,11191.97,10906.27,9390.0,11754.59,11853.55,11531.34,11662.96,11648.13,11748.2,11318.42
2020-08-19,11754.59,-0.01606981533902176,0.5612963583658386,11564.33,11744.91,11100.53,9518.16,11853.55,11531.34,11662.96,11648.13,11748.2,11318.42,11461.43
2020-08-20,11853.55,0.008383598166900236,0.558171240985925,11780.0,11762.46,11099.61,9603.27,11531.34,11662.96,11648.13,11748.2,11318.42,11461.43,11330.38
2020-08-21,11531.34,-0.02755885468727366,0.571077625945082,11760.54,11594.23,11335.46,9537.8,11662.96,11648.13,11748.2,11318.42,11461.43,11330.38,11526.91
2020-08-22,11662.96,0.011349461965321588,0.5712765922381732,11852.4,11761.41,11801.17,9700.42,11648.13,11748.2,11318.42,11461.43,11330.38,11526.91,11465.84
2020-08-23,11648.13,-0.001272355947377651,0.5699714086166241,11911.0,11681.68,11071.35,9931.54,11748.2,11318.42,11461.43,11330.38,11526.91,11465.84,11711.16
2020-08-24,11748.2,0.008554385259456227,0.5688255423615924,12281.13,11892.92,11219.81,11029.96,11318.42,11461.43,11330.38,11526.91,11465.84,11711.16,11649.51
2020-08-25,11318.42,-0.03726855030411857,0.5850536374234387,11945.01,11392.08,11191.97,10906.27,11461.43,11330.38,11526.91,11465.84,11711.16,11649.51,11921.97
2020-08-26,11461.43,0.01255599829022591,0.460787339544245,11754.59,11564.33,11744.91,11100.53,11330.38,11526.91,11465.84,11711.16,11649.51,11921.97,11388.54
2020-08-27,11330.38,-0.011499871598155137,0.46086430457874406,11853.55,11780.0,11762.46,11099.61,11526.91,11465.84,11711.16,11649.51,11921.97,11388.54,10140.85
2020-08-28,11526.91,0.017196688078947187,0.4606619699057367,11531.34,11760.54,11594.23,11335.46,11465.84,11711.16,11649.51,11921.97,11388.54,10140.85,10446.25
2020-08-29,11465.84,-0.005312121743530515,0.46121409139885244,11662.96,11852.4,11761.41,11801.17,11711.16,11649.51,11921.97,11388.54,10140.85,10446.25,10166.69
2020-08-30,11711.16,0.02117005324622385,0.46129281849181125,11648.13,11911.0,11681.68,11071.35,11649.51,11921.97,11388.54,10140.85,10446.25,10166.69,10256.2
2020-08-31,11649.51,-0.005278114294061569,0.4394475225139549,11748.2,12281.13,11892.92,11219.81,11921.97,11388.54,10140.85,10446.25,10166.69,10256.2,10373.44
2020-09-01,11921.97,0.023118797396930114,0.3825181898751056,11318.42,11945.01,11392.08,11191.97,11388.54,10140.85,10446.25,10166.69,10256.2,10373.44,10126.65
2020-09-02,11388.54,-0.04577532981158565,0.415530025440345,11461.43,11754.59,11564.33,11744.91,10140.85,10446.25,10166.69,10256.2,10373.44,10126.65,10219.2
2020-09-03,10140.85,-0.11603576554688845,0.5814332661809435,11330.38,11853.55,11780.0,11762.46,10446.25,10166.69,10256.2,10373.44,10126.65,10219.2,10336.87
2020-09-04,10446.25,0.02967124125373026,0.564089070161822,11526.91,11531.34,11760.54,11594.23,10166.69,10256.2,10373.44,10126.65,10219.2,10336.87,10387.89
2020-09-05,10166.69,-0.027126372308919018,0.5694491394854294,11465.84,11662.96,11852.4,11761.41,10256.2,10373.44,10126.65,10219.2,10336.87,10387.89,10440.92
2020-09-06,10256.2,0.008765710743617944,0.5702954771230407,11711.16,11648.13,11911.0,11681.68,10373.44,10126.65,10219.2,10336.87,10387.89,10440.92,10332.83
2020-09-07,10373.44,0.011366292597355596,0.5691890549486054,11649.51,11748.2,12281.13,11892.92,10126.65,10219.2,10336.87,10387.89,10440.92,10332.83,10671.77
2020-09-08,10126.65,-0.0240781306870189,0.573363079249919,11921.97,11318.42,11945.01,11392.08,10219.2,10336.87,10387.89,10440.92,10332.83,10671.77,10785.31
2020-09-09,10219.2,0.009097741146643187,0.5697843765268691,11388.54,11461.43,11754.59,11564.33,10336.87,10387.89,10440.92,10332.83,10671.77,10785.31,10954.01
2020-09-10,10336.87,0.011448811499434249,0.555601410519468,10140.85,11330.38,11853.55,11780.0,10387.89,10440.92,10332.83,10671.77,10785.31,10954.01,10939.99
2020-09-11,10387.89,0.004923589278497632,0.552538188461384,10446.25,11526.91,11531.34,11760.54,10440.92,10332.83,10671.77,10785.31,10954.01,10939.99,10933.39
2020-09-12,10440.92,0.00509199657416824,0.5477657472138334,10166.69,11465.84,11662.96,11852.4,10332.83,10671.77,10785.31,10954.01,10939.99,10933.39,11080.65
2020-09-13,10332.83,-0.010406496224025646,0.5481400478011955,10256.2,11711.16,11648.13,11911.0,10671.77,10785.31,10954.01,10939.99,10933.39,11080.65,10920.28
2020-09-14,10671.77,0.03227573226362602,0.5614403796346051,10373.44,11649.51,11748.2,12281.13,10785.31,10954.01,10939.99,10933.39,11080.65,10920.28,10417.22
2020-09-15,10785.31,0.010583085836546963,0.5628525314189864,10126.65,11921.97,11318.42,11945.01,10954.01,10939.99,10933.39,11080.65,10920.28,10417.22,10529.61
2020-09-16,10954.01,0.015520576216204314,0.5538020400792016,10219.2,11388.54,11461.43,11754.59,10939.99,10933.39,11080.65,10920.28,10417.22,10529.61,10241.46
2020-09-17,10939.99,-0.0012807163530045075,0.5470565976309699,10336.87,10140.85,11330.38,11853.55,10933.39,11080.65,10920.28,10417.22,10529.61,10241.46,10736.32
2020-09-18,10933.39,-0.0006034732812486935,0.5450371316514657,10387.89,10446.25,11526.91,11531.34,11080.65,10920.28,10417.22,10529.61,10241.46,10736.32,10686.67
2020-09-19,11080.65,0.013378934222998818,0.5465590771101314,10440.92,10166.69,11465.84,11662.96,10920.28,10417.22,10529.61,10241.46,10736.32,10686.67,10728.6
2020-09-20,10920.28,-0.014578732844710519,0.5408386757902962,10332.83,10256.2,11711.16,11648.13,10417.22,10529.61,10241.46,10736.32,10686.67,10728.6,10774.25
2020-09-21,10417.22,-0.047161404910191086,0.5610437264132262,10671.77,10373.44,11649.51,11748.2,10529.61,10241.46,10736.32,10686.67,10728.6,10774.25,10696.12
2020-09-22,10529.61,0.010731082319475616,0.5632728573195072,10785.31,10126.65,11921.97,11318.42,10241.46,10736.32,10686.67,10728.6,10774.25,10696.12,10840.48
2020-09-23,10241.46,-0.027747100849892316,0.5678181924322012,10954.01,10219.2,11388.54,11461.43,10736.32,10686.67,10728.6,10774.25,10696.12,10840.48,10776.59
2020-09-24,10736.32,0.047188198471375946,0.5828346295354564,10939.99,10336.87,10140.85,11330.38,10686.67,10728.6,10774.25,10696.12,10840.48,10776.59,10619.13
2020-09-25,10686.67,-0.00463521561603508,0.5806003455998695,10933.39,10387.89,10446.25,11526.91,10728.6,10774.25,10696.12,10840.48,10776.59,10619.13,10570.4
2020-09-26,10728.6,0.0039159023986676655,0.5800266382201176,11080.65,10440.92,10166.69,11465.84,10774.25,10696.12,10840.48,10776.59,10619.13,10570.4,10542.06
2020-09-27,10774.25,0.004245955171710726,0.5764306773552073,10920.28,10332.83,10256.2,11711.16,10696.12,10840.48,10776.59,10619.13,10570.4,10542.06,10666.63
2020-09-28,10696.12,-0.007277969114733297,0.5766028376124902,10417.22,10671.77,10373.44,11649.51,10840.48,10776.59,10619.13,10570.4,10542.06,10666.63,10792.21
2020-09-29,10840.48,0.013406216589902006,0.5732487651270203,10529.61,10785.31,10126.65,11921.97,10776.59,10619.13,10570.4,10542.06,10666.63,10792.21,10599.66
2020-09-30,10776.59,-0.005911086565506154,0.5732905795651213,10241.46,10954.01,10219.2,11388.54,10619.13,10570.4,10542.06,10666.63,10792.21,10599.66,10666.39
2020-10-01,10619.13,-0.014719097354311225,0.5670875835530578,10736.32,10939.99,10336.87,10140.85,10570.4,10542.06,10666.63,10792.21,10599.66,10666.39,10925.57
2020-10-02,10570.4,-0.004599449436267366,0.5465973778482021,10686.67,10933.39,10387.89,10446.25,10542.06,10666.63,10792.21,10599.66,10666.39,10925.57,11050.64
2020-10-03,10542.06,-0.0026846721814158783,0.3620704391170148,10728.6,11080.65,10440.92,10166.69,10666.63,10792.21,10599.66,10666.39,10925.57,11050.64,11293.22
2020-10-04,10666.63,0.011747206689254342,0.34957110115105905,10774.25,10920.28,10332.83,10256.2,10792.21,10599.66,10666.39,10925.57,11050.64,11293.22,11369.02
2020-10-05,10792.21,0.011704400948838524,0.33667480685210754,10696.12,10417.22,10671.77,10373.44,10599.66,10666.39,10925.57,11050.64,11293.22,11369.02,11528.25
2020-10-06,10599.66,-0.018002652442652742,0.3427862767157753,10840.48,10529.61,10785.31,10126.65,10666.39,10925.57,11050.64,11293.22,11369.02,11528.25,11420.56
2020-10-07,10666.39,0.006275751163339584,0.34132377628858396,10776.59,10241.46,10954.01,10219.2,10925.57,11050.64,11293.22,11369.02,11528.25,11420.56,11417.89
2020-10-08,10925.57,0.0240082372384519,0.3381802132538138,10619.13,10736.32,10939.99,10336.87,11050.64,11293.22,11369.02,11528.25,11420.56,11417.89,11505.12
2020-10-09,11050.64,0.011382431304897278,0.3388318388179068,10570.4,10686.67,10933.39,10387.89,11293.22,11369.02,11528.25,11420.56,11417.89,11505.12,11319.32
2020-10-10,11293.22,0.02171420080767896,0.3440549304440101,10542.06,10728.6,11080.65,10440.92,11369.02,11528.25,11420.56,11417.89,11505.12,11319.32,11360.2
2020-10-11,11369.02,0.006689566668831729,0.344237555203555,10666.63,10774.25,10920.28,10332.83,11528.25,11420.56,11417.89,11505.12,11319.32,11360.2,11503.14
2020-10-12,11528.25,0.013908432475919988,0.3462768008924245,10792.21,10696.12,10417.22,10671.77,11420.56,11417.89,11505.12,11319.32,11360.2,11503.14,11751.47
2020-10-13,11420.56,-0.009385304987830363,0.3457859386585544,10599.66,10840.48,10529.61,10785.31,11417.89,11505.12,11319.32,11360.2,11503.14,11751.47,11909.99
2020-10-14,11417.89,-0.00023381621889088832,0.3297637111607727,10666.39,10776.59,10241.46,10954.01,11505.12,11319.32,11360.2,11503.14,11751.47,11909.99,12780.96
2020-10-15,11505.12,0.007610730096360131,0.32898070128929086,10925.57,10619.13,10736.32,10939.99,11319.32,11360.2,11503.14,11751.47,11909.99,12780.96,12968.52
2020-10-16,11319.32,-0.016281153381309317,0.3314097479735874,11050.64,10570.4,10686.67,10933.39,11360.2,11503.14,11751.47,11909.99,12780.96,12968.52,12923.07
2020-10-17,11360.2,0.003605018472487021,0.33140737456198854,11293.22,10542.06,10728.6,11080.65,11503.14,11751.47,11909.99,12780.96,12968.52,12923.07,13111.73
2020-10-18,11503.14,0.012504022806047878,0.33362780021348026,11369.02,10666.63,10774.25,10920.28,11751.47,11909.99,12780.96,12968.52,12923.07,13111.73,13028.83
2020-10-19,11751.47,0.021358297570117018,0.33827406151310324,11528.25,10792.21,10696.12,10417.22,11909.99,12780.96,12968.52,12923.07,13111.73,13028.83,13052.19
2020-10-20,11909.99,0.013399204588298025,0.3351204676384585,11420.56,10599.66,10840.48,10529.61,12780.96,12968.52,12923.07,13111.73,13028.83,13052.19,13636.17
2020-10-21,12780.96,0.07057901976281855,0.3641723112284372,11417.89,10666.39,10776.59,10241.46,12968.52,12923.07,13111.73,13028.83,13052.19,13636.17,13266.4
2020-10-22,12968.52,0.014568318834834563,0.36493661625229845,11505.12,10925.57,10619.13,10736.32,12923.07,13111.73,13028.83,13052.19,13636.17,13266.4,13455.7
2020-10-23,12923.07,-0.0035107961066538486,0.3451964277227287,11319.32,11050.64,10570.4,10686.67,13111.73,13028.83,13052.19,13636.17,13266.4,13455.7,13560.1
2020-10-24,13111.73,0.014493163177937982,0.31576904189732713,11360.2,11293.22,10542.06,10728.6,13028.83,13052.19,13636.17,13266.4,13455.7,13560.1,13791.0
2020-10-25,13028.83,-0.006342655085969485,0.31659301593812106,11503.14,11369.02,10666.63,10774.25,13052.19,13636.17,13266.4,13455.7,13560.1,13791.0,13761.5
2020-10-26,13052.19,0.0017913414618498272,0.3169067686629571,11751.47,11528.25,10792.21,10696.12,13636.17,13266.4,13455.7,13560.1,13791.0,13761.5,13549.37
2020-10-27,13636.17,0.04376988541595295,0.34228465707765965,11909.99,11420.56,10599.66,10840.48,13266.4,13455.7,13560.1,13791.0,13761.5,13549.37,14023.53
2020-10-28,13266.4,-0.027491298279312352,0.36031700930528804,12780.96,11417.89,10666.39,10776.59,13455.7,13560.1,13791.0,13761.5,13549.37,14023.53,14144.01
2020-10-29,13455.7,0.01416828517726635,0.3604925531783213,12968.52,11505.12,10925.57,10619.13,13560.1,13791.0,13761.5,13549.37,14023.53,14144.01,15590.02
2020-10-30,13560.1,0.007728849021307219,0.357372981343755,12923.07,11319.32,11050.64,10570.4,13791.0,13761.5,13549.37,14023.53,14144.01,15590.02,15579.92
2020-10-31,13791.0,0.016884548375875077,0.3493781771432968,13111.73,11360.2,11293.22,10542.06,13761.5,13549.37,14023.53,14144.01,15590.02,15579.92,14818.3
2020-11-01,13761.5,-0.0021413673004317957,0.34830298325221587,13028.83,11503.14,11369.02,10666.63,13549.37,14023.53,14144.01,15590.02,15579.92,14818.3,15475.1
2020-11-02,13549.37,-0.015534786411904644,0.35642243431819615,13052.19,11751.47,11528.25,10792.21,14023.53,14144.01,15590.02,15579.92,14818.3,15475.1,15328.41
2020-11-03,14023.53,0.03439658130142223,0.36770420927253245,13636.17,11909.99,11420.56,10599.66,14144.01,15590.02,15579.92,14818.3,15475.1,15328.41,15297.21
2020-11-04,14144.01,0.00855457982732576,0.36758975164576757,13266.4,12780.96,11417.89,10666.39,15590.02,15579.92,14818.3,15475.1,15328.41,15297.21,15684.24
2020-11-05,15590.02,0.09733975303388694,0.46748268190042946,13455.7,12968.52,11505.12,10925.57,15579.92,14818.3,15475.1,15328.41,15297.21,15684.24,16291.86
2020-11-06,15579.92,-0.0006480603012701369,0.4693303023460288,13560.1,12923.07,11319.32,11050.64,14818.3,15475.1,15328.41,15297.21,15684.24,16291.86,16320.7
2020-11-07,14818.3,-0.050120002204518566,0.5156492583764956,13791.0,13111.73,11360.2,11293.22,15475.1,15328.41,15297.21,15684.24,16291.86,16320.7,16070.45
2020-11-08,15475.1,0.04336937714861154,0.5285149985936997,13761.5,13028.83,11503.14,11369.02,15328.41,15297.21,15684.24,16291.86,16320.7,16070.45,15957.0
2020-11-09,15328.41,-0.009524311280312406,0.5319328446680736,13549.37,13052.19,11751.47,11528.25,15297.21,15684.24,16291.86,16320.7,16070.45,15957.0,16713.57
2020-11-10,15297.21,-0.0020375104761155144,0.5335229548437317,14023.53,13636.17,11909.99,11420.56,15684.24,16291.86,16320.7,16070.45,15957.0,16713.57,17659.38
2020-11-11,15684.24,0.024985927702935035,0.535965975379801,14144.01,13266.4,12780.96,11417.89,16291.86,16320.7,16070.45,15957.0,16713.57,17659.38,17776.12
2020-11-12,16291.86,0.03800921004285134,0.5395822796543881,15590.02,13455.7,12968.52,11505.12,16320.7,16070.45,15957.0,16713.57,17659.38,17776.12,17802.82
2020-11-13,16320.7,0.0017686441983009846,0.5390632026057963,15579.92,13560.1,12923.07,11319.32,16070.45,15957.0,16713.57,17659.38,17776.12,17802.82,18655.67
2020-11-14,16070.45,-0.015452058926512477,0.5473166388300164,14818.3,13791.0,13111.73,11360.2,15957.0,16713.57,17659.38,17776.12,17802.82,18655.67,18703.8
2020-11-15,15957.0,-0.007084577418178802,0.5424358053584863,15475.1,13761.5,13028.83,11503.14,16713.57,17659.38,17776.12,17802.82,18655.67,18703.8,18414.43
2020-11-16,16713.57,0.04632335988450774,0.5549839596996822,15328.41,13549.37,13052.19,11751.47,17659.38,17776.12,17802.82,18655.67,18703.8,18414.43,18368.0
2020-11-17,17659.38,0.055046122658961215,0.5741382238955584,15297.21,14023.53,13636.17,11909.99,17776.12,17802.82,18655.67,18703.8,18414.43,18368.0,19160.01
2020-11-18,17776.12,0.006588896577796588,0.5741603958287409,15684.24,14144.01,13266.4,12780.96,17802.82,18655.67,18703.8,18414.43,18368.0,19160.01,18719.11
2020-11-19,17802.82,0.00150088816654907,0.575761595408544,16291.86,15590.02,13455.7,12968.52,18655.67,18703.8,18414.43,18368.0,19160.01,18719.11,17149.47
2020-11-20,18655.67,0.04679324961628493,0.551496857580897,16320.7,15579.92,13560.1,12923.07,18703.8,18414.43,18368.0,19160.01,18719.11,17149.47,17139.52
2020-11-21,18703.8,0.0025765904402387323,0.5525451645166959,16070.45,14818.3,13791.0,13111.73,18414.43,18368.0,19160.01,18719.11,17149.47,17139.52,17719.85
2020-11-22,18414.43,-0.0155921153820781,0.5584459995970291,15957.0,15475.1,13761.5,13028.83,18368.0,19160.01,18719.11,17149.47,17139.52,17719.85,18184.99
2020-11-23,18368.0,-0.002524576253394546,0.5605653157717964,16713.57,15328.41,13549.37,13052.19,19160.01,18719.11,17149.47,17139.52,17719.85,18184.99,19695.87
2020-11-24,19160.01,0.04221527432609045,0.5669508334176475,17659.38,15297.21,14023.53,13636.17,18719.11,17149.47,17139.52,17719.85,18184.99,19695.87,18764.96
2020-11-25,18719.11,-0.023280367279034576,0.5797100742977292,17776.12,15684.24,14144.01,13266.4,17149.47,17139.52,17719.85,18184.99,19695.87,18764.96,19204.09
2020-11-26,17149.47,-0.08757765783988204,0.664069497178293,17802.82,16291.86,15590.02,13455.7,17139.52,17719.85,18184.99,19695.87,18764.96,19204.09,19421.9
2020-11-27,17139.52,-0.000580361234278455,0.6526867829358268,18655.67,16320.7,15579.92,13560.1,17719.85,18184.99,19695.87,18764.96,19204.09,19421.9,18650.52
2020-11-28,17719.85,0.03329857201976857,0.6581517619281047,18703.8,16070.45,14818.3,13791.0,18184.99,19695.87,18764.96,19204.09,19421.9,18650.52,19147.66
2020-11-29,18184.99,0.02591104840521473,0.6606992976207465,18414.43,15957.0,15475.1,13761.5,19695.87,18764.96,19204.09,19421.9,18650.52,19147.66,19359.4
2020-11-30,19695.87,0.07981244056034183,0.7042393745505395,18368.0,16713.57,15328.41,13549.37,18764.96,19204.09,19421.9,18650.52,19147.66,19359.4,19166.9
2020-12-01,18764.96,-0.0484176681386951,0.7337172351106008,19160.01,17659.38,15297.21,14023.53,19204.09,19421.9,18650.52,19147.66,19359.4,19166.9,18324.11
2020-12-02,19204.09,0.023131976224671752,0.7289372027988137,18719.11,17776.12,15684.24,14144.01,19421.9,18650.52,19147.66,19359.4,19166.9,18324.11,18541.28
2020-12-03,19421.9,0.011278018177224554,0.7242933529166907,17149.47,17802.82,16291.86,15590.02,18650.52,19147.66,19359.4,19166.9,18324.11,18541.28,18254.63
2020-12-04,18650.52,-0.04052726761991646,0.746159159551198,17139.52,18655.67,16320.7,15579.92,19147.66,19359.4,19166.9,18324.11,18541.28,18254.63,18036.53
2020-12-05,19147.66,0.02630648721030668,0.6786582797811525,17719.85,18703.8,16070.45,14818.3,19359.4,19166.9,18324.11,18541.28,18254.63,18036.53,18808.69
2020-12-06,19359.4,0.01099757468367193,0.6782540695274076,18184.99,18414.43,15957.0,15475.1,19166.9,18324.11,18541.28,18254.63,18036.53,18808.69,19174.99
2020-12-07,19166.9,-0.009993256658502918,0.6493692152767157,19695.87,18368.0,16713.57,15328.41,18324.11,18541.28,18254.63,18036.53,18808.69,19174.99,19273.14
2020-12-08,18324.11,-0.044967153911558415,0.6627639708354244,18764.96,19160.01,17659.38,15297.21,18541.28,18254.63,18036.53,18808.69,19174.99,19273.14,19426.43
2020-12-09,18541.28,0.011781918605685223,0.660794959544543,19204.09,18719.11,17776.12,15684.24,18254.63,18036.53,18808.69,19174.99,19273.14,19426.43,21335.52
2020-12-10,18254.63,-0.015580851185682042,0.6646342633682045,19421.9,17149.47,17802.82,16291.86,18036.53,18808.69,19174.99,19273.14,19426.43,21335.52,22797.16
2020-12-11,18036.53,-0.01201960068239654,0.6637869676449702,18650.52,17139.52,18655.67,16320.7,18808.69,19174.99,19273.14,19426.43,21335.52,22797.16,23107.39
2020-12-12,18808.69,0.041919851281025024,0.6663950015034701,19147.66,17719.85,18703.8,16070.45,19174.99,19273.14,19426.43,21335.52,22797.16,23107.39,23821.61
2020-12-13,19174.99,0.019287828659587614,0.6681951662317911,19359.4,18184.99,18414.43,15957.0,19273.14,19426.43,21335.52,22797.16,23107.39,23821.61,23455.52
2020-12-14,19273.14,0.005105590997883581,0.6639655494084098,19166.9,19695.87,18368.0,16713.57,19426.43,21335.52,22797.16,23107.39,23821.61,23455.52,22719.71
2020-12-15,19426.43,0.007922093279086292,0.6622881897496234,18324.11,18764.96,19160.01,17659.38,21335.52,22797.16,23107.39,23821.61,23455.52,22719.71,23810.79
2020-12-16,21335.52,0.09373877942102818,0.7165483252525926,18541.28,19204.09,18719.11,17776.12,22797.16,23107.39,23821.61,23455.52,22719.71,23810.79,23232.76
2020-12-17,22797.16,0.06626267735967427,0.7267850378998888,18254.63,19421.9,17149.47,17802.82,23107.39,23821.61,23455.52,22719.71,23810.79,23232.76,23729.2
2020-12-18,23107.39,0.013516512987803837,0.7269559688971862,18036.53,18650.52,17139.52,18655.67,23821.61,23455.52,22719.71,23810.79,23232.76,23729.2,24712.47
2020-12-19,23821.61,0.030440672117046565,0.7303278559153973,18808.69,19147.66,17719.85,18703.8,23455.52,22719.71,23810.79,23232.76,23729.2,24712.47,26493.39
2020-12-20,23455.52,-0.015487290255670515,0.7227938790650069,19174.99,19359.4,18184.99,18414.43,22719.71,23810.79,23232.76,23729.2,24712.47,26493.39,26281.66
2020-12-21,22719.71,-0.03187303196066846,0.7356996215763305,19273.14,19166.9,19695.87,18368.0,23810.79,23232.76,23729.2,24712.47,26493.39,26281.66,27079.41
2020-12-22,23810.79,0.046906009597780754,0.7443433843332014,19426.43,18324.11,18764.96,19160.01,23232.76,23729.2,24712.47,26493.39,26281.66,27079.41,27385.0
2020-12-23,23232.76,-0.02457548767882941,0.7524091792765887,21335.52,18541.28,19204.09,18719.11,23729.2,24712.47,26493.39,26281.66,27079.41,27385.0,28875.54
2020-12-24,23729.2,0.02114300567337218,0.7438304165245962,22797.16,18254.63,19421.9,17149.47,24712.47,26493.39,26281.66,27079.41,27385.0,28875.54,28923.63
2020-12-25,24712.47,0.04060161725614667,0.7443345626253107,23107.39,18036.53,18650.52,17139.52,26493.39,26281.66,27079.41,27385.0,28875.54,28923.63,29331.69
2020-12-26,26493.39,0.06958729338063542,0.6866252886614871,23821.61,18808.69,19147.66,17719.85,26281.66,27079.41,27385.0,28875.54,28923.63,29331.69,32178.33
2020-12-27,26281.66,-0.008023910388927925,0.6891687658070819,23455.52,19174.99,19359.4,18184.99,27079.41,27385.0,28875.54,28923.63,29331.69,32178.33,33000.05
2020-12-28,27079.41,0.02990230298266988,0.6880882033396645,22719.71,19273.14,19166.9,19695.87,27385.0,28875.54,28923.63,29331.69,32178.33,33000.05,31988.71
2020-12-29,27385.0,0.011221757725855123,0.686830941672585,23810.79,19426.43,18324.11,18764.96,28875.54,28923.63,29331.69,32178.33,33000.05,31988.71,33949.53
2020-12-30,28875.54,0.05299945173010715,0.6601706923489611,23232.76,21335.52,18541.28,19204.09,28923.63,29331.69,32178.33,33000.05,31988.71,33949.53,36769.36
2020-12-31,28923.63,0.0016640381201618827,0.6238791481971238,23729.2,22797.16,18254.63,19421.9,29331.69,32178.33,33000.05,31988.71,33949.53,36769.36,39432.28
2021-01-01,29331.69,0.014009593427538712,0.6230871858301739,24712.47,23107.39,18036.53,18650.52,32178.33,33000.05,31988.71,33949.53,36769.36,39432.28,40582.81
2021-01-02,32178.33,0.09262474311680098,0.680391233018133,26493.39,23821.61,18808.69,19147.66,33000.05,31988.71,33949.53,36769.36,39432.28,40582.81,40088.22
2021-01-03,33000.05,0.025215831986554423,0.6485349916904222,26281.66,23455.52,19174.99,19359.4,31988.71,33949.53,36769.36,39432.28,40582.81,40088.22,38150.02
2021-01-04,31988.71,-0.031126048570094073,0.6709670930217729,27079.41,22719.71,19273.14,19166.9,33949.53,36769.36,39432.28,40582.81,40088.22,38150.02,35404.47
2021-01-05,33949.53,0.059491981974053296,0.6865505667818221,27385.0,23810.79,19426.43,18324.11,36769.36,39432.28,40582.81,40088.22,38150.02,35404.47,34051.24
2021-01-06,36769.36,0.07978987964728743,0.7103002091260502,28875.54,23232.76,21335.52,18541.28,39432.28,40582.81,40088.22,38150.02,35404.47,34051.24,37371.38
2021-01-07,39432.28,0.06991988054158309,0.6872175609390246,28923.63,23729.2,22797.16,18254.63,40582.81,40088.22,38150.02,35404.47,34051.24,37371.38,39144.5
2021-01-08,40582.81,0.028759807724559636,0.6854872495689426,29331.69,24712.47,23107.39,18036.53,40088.22,38150.02,35404.47,34051.24,37371.38,39144.5,36742.22
2021-01-09,40088.22,-0.012262052365310671,0.6830400489215327,32178.33,26493.39,23821.61,18808.69,38150.02,35404.47,34051.24,37371.38,39144.5,36742.22,35994.98
2021-01-10,38150.02,-0.04955624359220215,0.7209859093673502,33000.05,26281.66,23455.52,19174.99,35404.47,34051.24,37371.38,39144.5,36742.22,35994.98,35828.61
2021-01-11,35404.47,-0.07468819862209011,0.7971861904213056,31988.71,27079.41,22719.71,19273.14,34051.24,37371.38,39144.5,36742.22,35994.98,35828.61,36631.27
2021-01-12,34051.24,-0.03897163438842312,0.8242788324533397,33949.53,27385.0,23810.79,19426.43,37371.38,39144.5,36742.22,35994.98,35828.61,36631.27,35891.49
2021-01-13,37371.38,0.09303872186648503,0.8616505755116707,36769.36,28875.54,23232.76,21335.52,39144.5,36742.22,35994.98,35828.61,36631.27,35891.49,35468.23
2021-01-14,39144.5,0.04635475642223115,0.8641310344233784,39432.28,28923.63,23729.2,22797.16,36742.22,35994.98,35828.61,36631.27,35891.49,35468.23,30850.13
2021-01-15,36742.22,-0.06333342468810564,0.8766993795570283,40582.81,29331.69,24712.47,23107.39,35994.98,35828.61,36631.27,35891.49,35468.23,30850.13,32945.17
2021-01-16,35994.98,-0.020547018278436267,0.8689554768050849,40088.22,32178.33,26493.39,23821.61,35828.61,36631.27,35891.49,35468.23,30850.13,32945.17,32078.0
2021-01-17,35828.61,-0.004632748030488363,0.8717062061964779,38150.02,33000.05,26281.66,23455.52,36631.27,35891.49,35468.23,30850.13,32945.17,32078.0,32259.9
2021-01-18,36631.27,0.02215551096647076,0.8702915129335967,35404.47,31988.71,27079.41,22719.71,35891.49,35468.23,30850.13,32945.17,32078.0,32259.9,32254.2
2021-01-19,35891.49,-0.020402027184059653,0.8725776502104308,34051.24,33949.53,27385.0,23810.79,35468.23,30850.13,32945.17,32078.0,32259.9,32254.2,32467.77
2021-01-20,35468.23,-0.011862853824953393,0.8620129656515452,37371.38,36769.36,28875.54,23232.76,30850.13,32945.17,32078.0,32259.9,32254.2,32467.77,30366.15
2021-01-21,30850.13,-0.13949640193442464,1.0076604299835465,39144.5,39432.28,28923.63,23729.2,32945.17,32078.0,32259.9,32254.2,32467.77,30366.15,33364.86
2021-01-22,32945.17,0.06570370018688361,1.0193494044488922,36742.22,40582.81,29331.69,24712.47,32078.0,32259.9,32254.2,32467.77,30366.15,33364.86,34252.2
2021-01-23,32078.0,-0.02667422755262735,1.0273543077097487,35994.98,40088.22,32178.33,26493.39,32259.9,32254.2,32467.77,30366.15,33364.86,34252.2,34262.88
2021-01-24,32259.9,0.005654535963060998,1.0214884341719623,35828.61,38150.02,33000.05,26281.66,32254.2,32467.77,30366.15,33364.86,34252.2,34262.88,33092.98
2021-01-25,32254.2,-0.00017670555784965065,0.9980235633231634,36631.27,35404.47,31988.71,27079.41,32467.77,30366.15,33364.86,34252.2,34262.88,33092.98,33526.37
2021-01-26,32467.77,0.006599637655448867,0.9966368173111061,35891.49,34051.24,33949.53,27385.0,30366.15,33364.86,34252.2,34262.88,33092.98,33526.37,35466.24
2021-01-27,30366.15,-0.06691940379282074,1.0254921653167393,35468.23,37371.38,36769.36,28875.54,33364.86,34252.2,34262.88,33092.98,33526.37,35466.24,37618.87
2021-01-28,33364.86,0.09417474914995402,1.0727601720090123,30850.13,39144.5,39432.28,28923.63,34252.2,34262.88,33092.98,33526.37,35466.24,37618.87,36936.66
2021-01-29,34252.2,0.026247545889008964,1.062198066816082,32945.17,36742.22,40582.81,29331.69,34262.88,33092.98,33526.37,35466.24,37618.87,36936.66,38290.24
2021-01-30,34262.88,0.00031175618817061364,1.062273076910873,32078.0,35994.98,40088.22,32178.33,33092.98,33526.37,35466.24,37618.87,36936.66,38290.24,39186.94
2021-01-31,33092.98,-0.03474137711240443,1.071017003097733,32259.9,35828.61,38150.02,33000.05,33526.37,35466.24,37618.87,36936.66,38290.24,39186.94,38795.69
2021-02-01,33526.37,0.013011118061134976,1.0230481062115404,32254.2,36631.27,35404.47,31988.71,35466.24,37618.87,36936.66,38290.24,39186.94,38795.69,46374.87
2021-02-02,35466.24,0.056248964732994594,1.037773601382962,32467.77,35891.49,34051.24,33949.53,37618.87,36936.66,38290.24,39186.94,38795.69,46374.87,46420.42
2021-02-03,37618.87,0.05892452811562625,1.0486338080806894,30366.15,35468.23,37371.38,36769.36,36936.66,38290.24,39186.94,38795.69,46374.87,46420.42,44807.58
2021-02-04,36936.66,-0.018301232416527882,1.0331242294563523,33364.86,30850.13,39144.5,39432.28,38290.24,39186.94,38795.69,46374.87,46420.42,44807.58,47969.51
2021-02-05,38290.24,0.03599047963365647,1.0029027886113773,34252.2,32945.17,36742.22,40582.81,39186.94,38795.69,46374.87,46420.42,44807.58,47969.51,47287.6
2021-02-06,39186.94,0.023148494595260992,0.9755510608264288,34262.88,32078.0,35994.98,40088.22,38795.69,46374.87,46420.42,44807.58,47969.51,47287.6,47153.69
2021-02-07,38795.69,-0.010034370035014157,0.9704237266947676,33092.98,32259.9,35828.61,38150.02,46374.87,46420.42,44807.58,47969.51,47287.6,47153.69,48577.79
2021-02-08,46374.87,0.1784485597042829,1.1543705106354056,33526.37,32254.2,36631.27,35404.47,46420.42,44807.58,47969.51,47287.6,47153.69,48577.79,47911.1
2021-02-09,46420.42,0.0009817309404045217,1.137727986266404,35466.24,32467.77,35891.49,34051.24,44807.58,47969.51,47287.6,47153.69,48577.79,47911.1,49133.45
2021-02-10,44807.58,-0.03536212709216373,1.1103289453168652,37618.87,30366.15,35468.23,37371.38,47969.51,47287.6,47153.69,48577.79,47911.1,49133.45,52119.71
2021-02-11,47969.51,0.06818827920686066,1.116350998307999,36936.66,33364.86,30850.13,39144.5,47287.6,47153.69,48577.79,47911.1,49133.45,52119.71,51552.6
2021-02-12,47287.6,-0.01431749606359439,1.07977127048506,38290.24,34252.2,32945.17,36742.22,47153.69,48577.79,47911.1,49133.45,52119.71,51552.6,55906.0
2021-02-13,47153.69,-0.0028358377938660748,1.0712894164634732,39186.94,34262.88,32078.0,35994.98,48577.79,47911.1,49133.45,52119.71,51552.6,55906.0,55841.19
2021-02-14,48577.79,0.029754163680420775,1.0440993572302768,38795.69,33092.98,32259.9,35828.61,47911.1,49133.45,52119.71,51552.6,55906.0,55841.19,57408.57
2021-02-15,47911.1,-0.013819220219635515,1.0419395746017845,46374.87,33526.37,32254.2,36631.27,49133.45,52119.71,51552.6,55906.0,55841.19,57408.57,54087.67
2021-02-16,49133.45,0.025192855227892837,1.0420298941415593,46420.42,35466.24,32467.77,35891.49,52119.71,51552.6,55906.0,55841.19,57408.57,54087.67,48891.0
2021-02-17,52119.71,0.05900312258279128,1.0550507155210909,44807.58,37618.87,30366.15,35468.23,51552.6,55906.0,55841.19,57408.57,54087.67,48891.0,49676.2
2021-02-18,51552.6,-0.010940542497739106,1.0519327224405235,47969.51,36936.66,33364.86,30850.13,55906.0,55841.19,57408.57,54087.67,48891.0,49676.2,47073.73
2021-02-19,55906.0,0.0810690632665145,1.07501215271652,47287.6,38290.24,34252.2,32945.17,55841.19,57408.57,54087.67,48891.0,49676.2,47073.73,46276.87
2021-02-20,55841.19,-0.001159939811759115,0.9219018003627711,47153.69,39186.94,34262.88,32078.0,57408.57,54087.67,48891.0,49676.2,47073.73,46276.87,46106.43
2021-02-21,57408.57,0.027681826201509746,0.9074895126518849,48577.79,38795.69,33092.98,32259.9,54087.67,48891.0,49676.2,47073.73,46276.87,46106.43,45135.66
2021-02-22,54087.67,-0.05958734671550698,0.9349618419441534,47911.1,46374.87,33526.37,32254.2,48891.0,49676.2,47073.73,46276.87,46106.43,45135.66,49587.03
2021-02-23,48891.0,-0.10101291813933688,1.0218423579061167,49133.45,46420.42,35466.24,32467.77,49676.2,47073.73,46276.87,46106.43,45135.66,49587.03,48440.65
2021-02-24,49676.2,0.015932614704777116,1.0206015750858206,52119.71,44807.58,37618.87,30366.15,47073.73,46276.87,46106.43,45135.66,49587.03,48440.65,50349.37
2021-02-25,47073.73,-0.053810849213675946,1.0477998726818705,51552.6,47969.51,36936.66,33364.86,46276.87,46106.43,45135.66,49587.03,48440.65,50349.37,48374.09
2021-02-26,46276.87,-0.017072827721116277,1.014204337501629,55906.0,47287.6,38290.24,34252.2,46106.43,45135.66,49587.03,48440.65,50349.37,48374.09,48751.71
2021-02-27,46106.43,-0.0036898485630648403,0.973516705485861,55841.19,47153.69,39186.94,34262.88,45135.66,49587.03,48440.65,50349.37,48374.09,48751.71,48882.2
2021-02-28,45135.66,-0.02127979822740345,0.9781177646430941,57408.57,48577.79,38795.69,33092.98,49587.03,48440.65,50349.37,48374.09,48751.71,48882.2,50971.75
2021-03-01,49587.03,0.09405668615894246,1.0211112495483319,54087.67,47911.1,46374.87,33526.37,48440.65,50349.37,48374.09,48751.71,48882.2,50971.75,52375.17
2021-03-02,48440.65,-0.023389970343295822,1.0152772284287277,48891.0,49133.45,46420.42,35466.24,50349.37,48374.09,48751.71,48882.2,50971.75,52375.17,54884.5
2021-03-03,50349.37,0.03864676941605752,1.0193056452410316,49676.2,52119.71,44807.58,37618.87,48374.09,48751.71,48882.2,50971.75,52375.17,54884.5,55851.59
2021-03-04,48374.09,-0.04002176686968146,1.0238566770580175,47073.73,51552.6,47969.51,36936.66,48751.71,48882.2,50971.75,52375.17,54884.5,55851.59,57773.16
2021-03-05,48751.71,0.007775933948251446,1.0087449208474373,46276.87,55906.0,47287.6,38290.24,48882.2,50971.75,52375.17,54884.5,55851.59,57773.16,57221.72
2021-03-06,48882.2,0.002673048282055846,1.0043375046364589,46106.43,55841.19,47153.69,39186.94,50971.75,52375.17,54884.5,55851.59,57773.16,57221.72,61188.39
2021-03-07,50971.75,0.04185823565066163,1.0065034077546733,45135.66,57408.57,48577.79,38795.69,52375.17,54884.5,55851.59,57773.16,57221.72,61188.39,58968.31
2021-03-08,52375.17,0.02716106637595351,1.0072834551366634,49587.03,54087.67,47911.1,46374.87,54884.5,55851.59,57773.16,57221.72,61188.39,58968.31,55605.2
2021-03-09,54884.5,0.04679835308017754,1.012782752178947,48440.65,48891.0,49133.45,46420.42,55851.59,57773.16,57221.72,61188.39,58968.31,55605.2,56900.75
2021-03-10,55851.59,0.017467017083068827,0.8153304294301966,50349.37,49676.2,52119.71,44807.58,57773.16,57221.72,61188.39,58968.31,55605.2,56900.75,58912.97
2021-03-11,57773.16,0.03382631374464177,0.820716761058403,48374.09,47073.73,51552.6,47969.51,57221.72,61188.39,58968.31,55605.2,56900.75,58912.97,57648.16
2021-03-12,57221.72,-0.009590761378339105,0.8086935224380551,48751.71,46276.87,55906.0,47287.6,61188.39,58968.31,55605.2,56900.75,58912.97,57648.16,58030.01
2021-03-13,61188.39,0.06702391904951818,0.8076150417371336,48882.2,46106.43,55841.19,47153.69,58968.31,55605.2,56900.75,58912.97,57648.16,58030.01,58102.28
2021-03-14,58968.31,-0.03695728467773086,0.819305398357972,50971.75,45135.66,57408.57,48577.79,55605.2,56900.75,58912.97,57648.16,58030.01,58102.28,57351.56
2021-03-15,55605.2,-0.05872345889857389,0.8506494852675196,52375.17,49587.03,54087.67,47911.1,56900.75,58912.97,57648.16,58030.01,58102.28,57351.56,54083.25
2021-03-16,56900.75,0.023031800001562738,0.8485572178840589,54884.5,48440.65,48891.0,49133.45,58912.97,57648.16,58030.01,58102.28,57351.56,54083.25,54340.89
2021-03-17,58912.97,0.03475274808665303,0.851711094562834,55851.59,50349.37,49676.2,52119.71,57648.16,58030.01,58102.28,57351.56,54083.25,54340.89,52303.65
2021-03-18,57648.16,-0.02170294068462528,0.8547299599232313,57773.16,48374.09,47073.73,51552.6,58030.01,58102.28,57351.56,54083.25,54340.89,52303.65,51293.78
2021-03-19,58030.01,0.006601961060385554,0.8325681170078449,57221.72,48751.71,46276.87,55906.0,58102.28,57351.56,54083.25,54340.89,52303.65,51293.78,55025.59
2021-03-20,58102.28,0.001244615245755456,0.8309765906451088,61188.39,48882.2,46106.43,55841.19,57351.56,54083.25,54340.89,52303.65,51293.78,55025.59,55817.14
2021-03-21,57351.56,-0.013004861172545526,0.7846398905682994,58968.31,50971.75,45135.66,57408.57,54083.25,54340.89,52303.65,51293.78,55025.59,55817.14,55777.63
2021-03-22,54083.25,-0.05867551851751849,0.8116766412762892,55605.2,52375.17,49587.03,54087.67,54340.89,52303.65,51293.78,55025.59,55817.14,55777.63,57635.47
2021-03-23,54340.89,0.004752456139708097,0.8053711195603485,56900.75,54884.5,48440.65,48891.0,52303.65,51293.78,55025.59,55817.14,55777.63,57635.47,58746.57
2021-03-24,52303.65,-0.038210823911918046,0.7893689975777175,58912.97,55851.59,50349.37,49676.2,51293.78,55025.59,55817.14,55777.63,57635.47,58746.57,58740.55
2021-03-25,51293.78,-0.019496661048352345,0.7063775437787844,57648.16,57773.16,48374.09,47073.73,55025.59,55817.14,55777.63,57635.47,58746.57,58740.55,58720.44
2021-03-26,55025.59,0.07022885249165932,0.7445992172725809,58030.01,57221.72,48751.71,46276.87,55817.14,55777.63,57635.47,58746.57,58740.55,58720.44,58950.01
2021-03-27,55817.14,0.014282640925523643,0.716074066220976,58102.28,61188.39,48882.2,46106.43,55777.63,57635.47,58746.57,58740.55,58720.44,58950.01,57051.94
2021-03-28,55777.63,-0.0007080977298643483,0.7117921248972845,57351.56,58968.31,50971.75,45135.66,57635.47,58746.57,58740.55,58720.44,58950.01,57051.94,58202.01
2021-03-29,57635.47,0.0327652838371849,0.7167421723250776,54083.25,55605.2,52375.17,49587.03,58746.57,58740.55,58720.44,58950.01,57051.94,58202.01,59129.99
2021-03-30,58746.57,0.019094591554397786,0.7101859422413299,54340.89,56900.75,54884.5,48440.65,58740.55,58720.44,58950.01,57051.94,58202.01,59129.99,57991.15
2021-03-31,58740.55,-0.00010247931867370034,0.640407537424585,52303.65,58912.97,55851.59,50349.37,58720.44,58950.01,57051.94,58202.01,59129.99,57991.15,55953.45
2021-04-01,58720.44,-0.00034241155632151754,0.6322488694522036,51293.78,57648.16,57773.16,48374.09,58950.01,57051.94,58202.01,59129.99,57991.15,55953.45,58077.52
2021-04-02,58950.01,0.003901919152452414,0.6214788511145918,55025.59,58030.01,57221.72,48751.71,57051.94,58202.01,59129.99,57991.15,55953.45,58077.52,58142.54
2021-04-03,57051.94,-0.03272771563018565,0.6152801986967129,55817.14,58102.28,61188.39,48882.2,58202.01,59129.99,57991.15,55953.45,58077.52,58142.54,59769.13
2021-04-04,58202.01,0.019957809235045493,0.6173112382115847,55777.63,57351.56,58968.31,50971.75,59129.99,57991.15,55953.45,58077.52,58142.54,59769.13,60002.43
2021-04-05,59129.99,0.015818350490323988,0.6181470505271998,57635.47,54083.25,55605.2,52375.17,57991.15,55953.45,58077.52,58142.54,59769.13,60002.43,59860.0
2021-04-06,57991.15,-0.019447828016770405,0.6107596092737555,58746.57,54340.89,56900.75,54884.5,55953.45,58077.52,58142.54,59769.13,60002.43,59860.0,63575.0
2021-04-07,55953.45,-0.035770317641772804,0.6204817912130668,58740.55,52303.65,58912.97,55851.59,58077.52,58142.54,59769.13,60002.43,59860.0,63575.0,62959.53
2021-04-08,58077.52,0.03725857482507307,0.6126955156161265,58720.44,51293.78,57648.16,57773.16,58142.54,59769.13,60002.43,59860.0,63575.0,62959.53,63159.98
2021-04-09,58142.54,0.001118911946587532,0.6101107290589031,58950.01,55025.59,58030.01,57221.72,59769.13,60002.43,59860.0,63575.0,62959.53,63159.98,61334.8
2021-04-10,59769.13,0.027591725106052453,0.6063081959719913,57051.94,55817.14,58102.28,61188.39,60002.43,59860.0,63575.0,62959.53,63159.98,61334.8,60006.66
2021-04-11,60002.43,0.003895754468994307,0.6051299605020017,58202.01,55777.63,57351.56,58968.31,59860.0,63575.0,62959.53,63159.98,61334.8,60006.66,56150.01
2021-04-12,59860.0,-0.0023765589774449635,0.5571858446532549,59129.99,57635.47,54083.25,55605.2,63575.0,62959.53,63159.98,61334.8,60006.66,56150.01,55633.14
2021-04-13,63575.0,0.060211808883630515,0.5802796331606493,57991.15,58746.57,54340.89,56900.75,62959.53,63159.98,61334.8,60006.66,56150.01,55633.14,56425.0
2021-04-14,62959.53,-0.009728172284078391,0.5389000316126963,55953.45,58740.55,52303.65,58912.97,63159.98,61334.8,60006.66,56150.01,55633.14,56425.0,53787.63
2021-04-15,63159.98,0.0031787337071748686,0.5345724955555108,58077.52,58720.44,51293.78,57648.16,61334.8,60006.66,56150.01,55633.14,56425.0,53787.63,51690.96
2021-04-16,61334.8,-0.02932349103283781,0.5341139430046973,58142.54,58950.01,55025.59,58030.01,60006.66,56150.01,55633.14,56425.0,53787.63,51690.96,51125.14
2021-04-17,60006.66,-0.021891825636385424,0.5342169165047246,59769.13,57051.94,55817.14,58102.28,56150.01,55633.14,56425.0,53787.63,51690.96,51125.14,50047.84
2021-04-18,56150.01,-0.06642869678323018,0.5836083317022086,60002.43,58202.01,55777.63,57351.56,55633.14,56425.0,53787.63,51690.96,51125.14,50047.84,49066.77
2021-04-19,55633.14,-0.00924779241999631,0.5842255119338486,59860.0,59129.99,57635.47,54083.25,56425.0,53787.63,51690.96,51125.14,50047.84,49066.77,54001.39
2021-04-20,56425.0,0.014133255844769198,0.5851365145395144,63575.0,57991.15,58746.57,54340.89,53787.63,51690.96,51125.14,50047.84,49066.77,54001.39,55011.97
2021-04-21,53787.63,-0.0478688076233732,0.5727056461317108,62959.53,55953.45,58740.55,52303.65,51690.96,51125.14,50047.84,49066.77,54001.39,55011.97,54846.22
2021-04-22,51690.96,-0.03976060378705051,0.5887011924300791,63159.98,58077.52,58720.44,51293.78,51125.14,50047.84,49066.77,54001.39,55011.97,54846.22,53555.0
2021-04-23,51125.14,-0.011006558547651292,0.5749328990999586,61334.8,58142.54,58950.01,55025.59,50047.84,49066.77,54001.39,55011.97,54846.22,53555.0,57694.27
2021-04-24,50047.84,-0.02129700475873513,0.5757051464130503,60006.66,59769.13,57051.94,55817.14,49066.77,54001.39,55011.97,54846.22,53555.0,57694.27,57800.37
2021-04-25,49066.77,-0.019797324384079943,0.5186861079024592,56150.01,60002.43,58202.01,55777.63,54001.39,55011.97,54846.22,53555.0,57694.27,57800.37,56578.21
2021-04-26,54001.39,0.09582776337101846,0.6221728162687501,55633.14,59860.0,59129.99,57635.47,55011.97,54846.22,53555.0,57694.27,57800.37,56578.21,57169.39
2021-04-27,55011.97,0.018541010943021647,0.6259378173209345,56425.0,63575.0,57991.15,58746.57,54846.22,53555.0,57694.27,57800.37,56578.21,57169.39,53200.01
2021-04-28,54846.22,-0.003017528793609669,0.6143683513422539,53787.63,62959.53,55953.45,58740.55,53555.0,57694.27,57800.37,56578.21,57169.39,53200.01,57436.11
2021-04-29,53555.0,-0.023824105906546798,0.6143647891629689,51690.96,63159.98,58077.52,58720.44,57694.27,57800.37,56578.21,57169.39,53200.01,57436.11,56393.68
2021-04-30,57694.27,0.07444869860711945,0.6713124389287142,51125.14,61334.8,58142.54,58950.01,57800.37,56578.21,57169.39,53200.01,57436.11,56393.68,57314.75
2021-05-01,57800.37,0.001837315218213768,0.6713659808337415,50047.84,60006.66,59769.13,57051.94,56578.21,57169.39,53200.01,57436.11,56393.68,57314.75,58862.05
2021-05-02,56578.21,-0.02137124828966742,0.6750453905808661,49066.77,56150.01,60002.43,58202.01,57169.39,53200.01,57436.11,56393.68,57314.75,58862.05,58240.84
2021-05-03,57169.39,0.01039468653491475,0.6665364391834518,54001.39,55633.14,59860.0,59129.99,53200.01,57436.11,56393.68,57314.75,58862.05,58240.84,55816.14
2021-05-04,53200.01,-0.07196003096966748,0.7078460291189679,55011.97,56425.0,63575.0,57991.15,57436.11,56393.68,57314.75,58862.05,58240.84,55816.14,56670.02
2021-05-05,57436.11,0.07661461528794215,0.7581613140130053,54846.22,53787.63,62959.53,55953.45,56393.68,57314.75,58862.05,58240.84,55816.14,56670.02,49631.32
2021-05-06,56393.68,-0.018316104117848727,0.7578243381227274,53555.0,51690.96,63159.98,58077.52,57314.75,58862.05,58240.84,55816.14,56670.02,49631.32,49670.97
2021-05-07,57314.75,0.016200912209963583,0.7493876905212731,57694.27,51125.14,61334.8,58142.54,58862.05,58240.84,55816.14,56670.02,49631.32,49670.97,49841.45
2021-05-08,58862.05,0.02663856290765698,0.7437794984837799,57800.37,50047.84,60006.66,59769.13,58240.84,55816.14,56670.02,49631.32,49670.97,49841.45,46762.99
2021-05-09,58240.84,-0.010609743743877945,0.7447706419151073,56578.21,49066.77,56150.01,60002.43,55816.14,56670.02,49631.32,49670.97,49841.45,46762.99,46431.5
2021-05-10,55816.14,-0.04252375198618774,0.7522615830516827,57169.39,54001.39,55633.14,59860.0,56670.02,49631.32,49670.97,49841.45,46762.99,46431.5,43538.04
2021-05-11,56670.02,0.01518224822672772,0.7544548832956436,53200.01,55011.97,56425.0,63575.0,49631.32,49670.97,49841.45,46762.99,46431.5,43538.04,42849.78
2021-05-12,49631.32,-0.13262323703978,0.8815594640119656,57436.11,54846.22,53787.63,62959.53,49670.97,49841.45,46762.99,46431.5,43538.04,42849.78,36690.09
2021-05-13,49670.97,0.0007985717571492955,0.8489415018339372,56393.68,53555.0,51690.96,63159.98,49841.45,46762.99,46431.5,43538.04,42849.78,36690.09,40526.64
2021-05-14,49841.45,0.0034263093346637553,0.8498881107409001,57314.75,57694.27,51125.14,61334.8,46762.99,46431.5,43538.04,42849.78,36690.09,40526.64,37252.01
2021-05-15,46762.99,-0.06375488905286,0.8708271205933802,58862.05,57800.37,50047.84,60006.66,46431.5,43538.04,42849.78,36690.09,40526.64,37252.01,37449.73
2021-05-16,46431.5,-0.007113969892819319,0.8680719402451907,58240.84,56578.21,49066.77,56150.01,43538.04,42849.78,36690.09,40526.64,37252.01,37449.73,34655.25
2021-05-17,43538.04,-0.06434306949225864,0.8882300585377397,55816.14,57169.39,54001.39,55633.14,42849.78,36690.09,40526.64,37252.01,37449.73,34655.25,38796.29
2021-05-18,42849.78,-0.0159345278743997,0.8655237636299979,56670.02,53200.01,55011.97,56425.0,36690.09,40526.64,37252.01,37449.73,34655.25,38796.29,38324.72
2021-05-19,36690.09,-0.15519381949293082,1.0045669306359104,49631.32,57436.11,54846.22,53787.63,40526.64,37252.01,37449.73,34655.25,38796.29,38324.72,39241.91
2021-05-20,40526.64,0.0994528443006428,1.0760465024534462,49670.97,56393.68,53555.0,51690.96,37252.01,37449.73,34655.25,38796.29,38324.72,39241.91,38529.98
2021-05-21,37252.01,-0.084253632547951,1.098963971337751,49841.45,57314.75,57694.27,51125.14,37449.73,34655.25,38796.29,38324.72,39241.91,38529.98,35663.49
2021-05-22,37449.73,0.005293597223083863,1.0959982431393547,46762.99,58862.05,57800.37,50047.84,34655.25,38796.29,38324.72,39241.91,38529.98,35663.49,34605.15
2021-05-23,34655.25,-0.07755027101425602,1.1205038124719622,46431.5,58240.84,56578.21,49066.77,38796.29,38324.72,39241.91,38529.98,35663.49,34605.15,35641.27
2021-05-24,38796.29,0.11287539419061506,1.2026642305996318,43538.04,55816.14,57169.39,54001.39,38324.72,39241.91,38529.98,35663.49,34605.15,35641.27,37253.81
2021-05-25,38324.72,-0.012229504705664857,1.2020581198756641,42849.78,56670.02,53200.01,55011.97,39241.91,38529.98,35663.49,34605.15,35641.27,37253.81,36693.09
2021-05-26,39241.91,0.02365018953907607,1.1485882801168874,36690.09,49631.32,57436.11,54846.22,38529.98,35663.49,34605.15,35641.27,37253.81,36693.09,37568.68
2021-05-27,38529.98,-0.018308668772305418,1.1439868774022275,40526.64,49670.97,56393.68,53555.0,35663.49,34605.15,35641.27,37253.81,36693.09,37568.68,39246.79
2021-05-28,35663.49,-0.07730916315521141,1.1658906151585717,37252.01,49841.45,57314.75,57694.27,34605.15,35641.27,37253.81,36693.09,37568.68,39246.79,36829.0
2021-05-29,34605.15,-0.030124961488519942,1.1667420954586125,37449.73,46762.99,58862.05,57800.37,35641.27,37253.81,36693.09,37568.68,39246.79,36829.0,35513.2
2021-05-30,35641.27,0.02950172116854018,1.1336505379796928,34655.25,46431.5,58240.84,56578.21,37253.81,36693.09,37568.68,39246.79,36829.0,35513.2,35796.31
2021-05-31,37253.81,0.04424998538763259,1.1515866670932544,38796.29,43538.04,55816.14,57169.39,36693.09,37568.68,39246.79,36829.0,35513.2,35796.31,33552.79
2021-06-01,36693.09,-0.015165767520091036,1.1513336229553464,38324.72,42849.78,56670.02,53200.01,37568.68,39246.79,36829.0,35513.2,35796.31,33552.79,33380.81
2021-06-02,37568.68,0.02358227059865497,1.1558232692532546,39241.91,36690.09,49631.32,57436.11,39246.79,36829.0,35513.2,35796.31,33552.79,33380.81,37388.05
2021-06-03,39246.79,0.04369893289158691,1.153221746915638,38529.98,40526.64,49670.97,56393.68,36829.0,35513.2,35796.31,33552.79,33380.81,37388.05,36675.72
2021-06-04,36829.0,-0.06358407913456297,1.1237867186226143,35663.49,37252.01,49841.45,57314.75,35513.2,35796.31,33552.79,33380.81,37388.05,36675.72,37331.98
2021-06-05,35513.2,-0.03638111995464031,1.126259364058661,34605.15,37449.73,46762.99,58862.05,35796.31,33552.79,33380.81,37388.05,36675.72,37331.98,35546.11
2021-06-06,35796.31,0.007940357113332096,1.1237064553646199,35641.27,34655.25,46431.5,58240.84,33552.79,33380.81,37388.05,36675.72,37331.98,35546.11,39020.57
2021-06-07,33552.79,-0.06472479604498639,1.1255775374594181,37253.81,38796.29,43538.04,55816.14,33380.81,37388.05,36675.72,37331.98,35546.11,39020.57,40516.29
2021-06-08,33380.81,-0.005138835456786614,1.1262362322196369,36693.09,38324.72,42849.78,56670.02,37388.05,36675.72,37331.98,35546.11,39020.57,40516.29,40144.04
2021-06-09,37388.05,0.11336995068009252,1.2124471973812596,37568.68,39241.91,36690.09,49631.32,36675.72,37331.98,35546.11,39020.57,40516.29,40144.04,38349.01
2021-06-10,36675.72,-0.019236178908744933,1.2081866027713009,39246.79,38529.98,40526.64,49670.97,37331.98,35546.11,39020.57,40516.29,40144.04,38349.01,38092.97
2021-06-11,37331.98,0.01773537623175507,1.1347724221218816,36829.0,35663.49,37252.01,49841.45,35546.11,39020.57,40516.29,40144.04,38349.01,38092.97,35819.84
2021-06-12,35546.11,-0.04901960505525715,1.1423655203307945,35513.2,34605.15,37449.73,46762.99,39020.57,40516.29,40144.04,38349.01,38092.97,35819.84,35483.72
2021-06-13,39020.57,0.09325821606697823,1.198394418957876,35796.31,35641.27,34655.25,46431.5,40516.29,40144.04,38349.01,38092.97,35819.84,35483.72,35600.16
2021-06-14,40516.29,0.03761517248338315,1.1913462282639025,33552.79,37253.81,38796.29,43538.04,40144.04,38349.01,38092.97,35819.84,35483.72,35600.16,31608.93
2021-06-15,40144.04,-0.009230129428558456,1.1914212809828415,33380.81,36693.09,38324.72,42849.78,38349.01,38092.97,35819.84,35483.72,35600.16,31608.93,32509.56
2021-06-16,38349.01,-0.04574527341953061,1.1814572149681792,37388.05,37568.68,39241.91,36690.09,38092.97,35819.84,35483.72,35600.16,31608.93,32509.56,33678.07
2021-06-17,38092.97,-0.006698961944875928,1.180744628554125,36675.72,39246.79,38529.98,40526.64,35819.84,35483.72,35600.16,31608.93,32509.56,33678.07,34663.09
2021-06-18,35819.84,-0.06152782082782359,1.0696878930325047,37331.98,36829.0,35663.49,37252.01,35483.72,35600.16,31608.93,32509.56,33678.07,34663.09,31584.45
2021-06-19,35483.72,-0.00942793009744289,1.0068245540936733,35546.11,35513.2,34605.15,37449.73,35600.16,31608.93,32509.56,33678.07,34663.09,31584.45,32283.65
2021-06-20,35600.16,0.0032761324830971688,0.9648993766559103,39020.57,35796.31,35641.27,34655.25,31608.93,32509.56,33678.07,34663.09,31584.45,32283.65,34700.34
2021-06-21,31608.93,-0.11891045662276035,1.0475897632400908,40516.29,33552.79,37253.81,38796.29,32509.56,33678.07,34663.09,31584.45,32283.65,34700.34,34494.89
2021-06-22,32509.56,0.028094524319938106,1.0208000559270718,40144.04,33380.81,36693.09,38324.72,33678.07,34663.09,31584.45,32283.65,34700.34,34494.89,35911.73
2021-06-23,33678.07,0.0353126837670968,0.9437610509744625,38349.01,37388.05,37568.68,39241.91,34663.09,31584.45,32283.65,34700.34,34494.89,35911.73,35045.0
2021-06-24,34663.09,0.028828548379449724,0.9504891025060079,38092.97,36675.72,39246.79,38529.98,31584.45,32283.65,34700.34,34494.89,35911.73,35045.0,33504.69
2021-06-25,31584.45,-0.09301052120369376,0.9948531186379419,35819.84,37331.98,36829.0,35663.49,32283.65,34700.34,34494.89,35911.73,35045.0,33504.69,33786.55
2021-06-26,32283.65,0.021895999249812816,0.9990961161634977,35483.72,35546.11,35513.2,34605.15,34700.34,34494.89,35911.73,35045.0,33504.69,33786.55,34669.13
2021-06-27,34700.34,0.07218857505595316,1.0006842459534944,35600.16,39020.57,35796.31,35641.27,34494.89,35911.73,35045.0,33504.69,33786.55,34669.13,35286.51
2021-06-28,34494.89,-0.005938288050668354,0.9953395581658133,31608.93,40516.29,33552.79,37253.81,35911.73,35045.0,33504.69,33786.55,34669.13,35286.51,33690.14
2021-06-29,35911.73,0.04025278594807432,1.0000599842651012,32509.56,40144.04,33380.81,36693.09,35045.0,33504.69,33786.55,34669.13,35286.51,33690.14,34220.01
2021-06-30,35045.0,-0.024431033120821895,0.9906787873942398,33678.07,38349.01,37388.05,37568.68,33504.69,33786.55,34669.13,35286.51,33690.14,34220.01,33862.12
2021-07-01,33504.69,-0.04494752092035272,1.0010383578780084,34663.09,38092.97,36675.72,39246.79,33786.55,34669.13,35286.51,33690.14,34220.01,33862.12,32875.71
2021-07-02,33786.55,0.008377365268202767,0.997348918504376,31584.45,35819.84,37331.98,36829.0,34669.13,35286.51,33690.14,34220.01,33862.12,32875.71,33815.81
2021-07-03,34669.13,0.025786871340954098,0.9885900423679159,32283.65,35483.72,35546.11,35513.2,35286.51,33690.14,34220.01,33862.12,32875.71,33815.81,33502.87
2021-07-04,35286.51,0.017651072284598005,0.9674871376963767,34700.34,35600.16,39020.57,35796.31,33690.14,34220.01,33862.12,32875.71,33815.81,33502.87,34258.99
2021-07-05,33690.14,-0.04629552498009569,0.9726001136381,34494.89,31608.93,40516.29,33552.79,34220.01,33862.12,32875.71,33815.81,33502.87,34258.99,33086.63
2021-07-06,34220.01,0.01560534774517823,0.9739285385486242,35911.73,32509.56,40144.04,33380.81,33862.12,32875.71,33815.81,33502.87,34258.99,33086.63,32729.77
2021-07-07,33862.12,-0.010513575195606917,0.9476371466418401,35045.0,33678.07,38349.01,37388.05,32875.71,33815.81,33502.87,34258.99,33086.63,32729.77,32820.02
2021-07-08,32875.71,-0.029562898272273284,0.9532163939290996,33504.69,34663.09,38092.97,36675.72,33815.81,33502.87,34258.99,33086.63,32729.77,32820.02,31880.0
2021-07-09,33815.81,0.028194357383748637,0.8675977263626804,33786.55,31584.45,35819.84,37331.98,33502.87,34258.99,33086.63,32729.77,32820.02,31880.0,31383.87
2021-07-10,33502.87,-0.009297337803434783,0.8659979922570757,34669.13,32283.65,35483.72,35546.11,34258.99,33086.63,32729.77,32820.02,31880.0,31383.87,31520.07
2021-07-11,34258.99,0.022317905214544593,0.8675262372051061,35286.51,34700.34,35600.16,39020.57,33086.63,32729.77,32820.02,31880.0,31383.87,31520.07,31778.56
2021-07-12,33086.63,-0.034819738727865,0.859393218501909,33690.14,34494.89,31608.93,40516.29,32729.77,32820.02,31880.0,31383.87,31520.07,31778.56,30839.65
2021-07-13,32729.77,-0.01084421199366593,0.7872506168365884,34220.01,35911.73,32509.56,40144.04,32820.02,31880.0,31383.87,31520.07,31778.56,30839.65,29790.35
2021-07-14,32820.02,0.002753633750060858,0.7722682821986243,33862.12,35045.0,33678.07,38349.01,31880.0,31383.87,31520.07,31778.56,30839.65,29790.35,32144.51
2021-07-15,31880.0,-0.029059841124266395,0.7760699510960314,32875.71,33504.69,34663.09,38092.97,31383.87,31520.07,31778.56,30839.65,29790.35,32144.51,32287.83
2021-07-16,31383.87,-0.015684787261425026,0.7645111941643044,33815.81,33786.55,31584.45,35819.84,31520.07,31778.56,30839.65,29790.35,32144.51,32287.83,33634.09
2021-07-17,31520.07,0.004330419138805793,0.7654753187528898,33502.87,34669.13,32283.65,35483.72,31778.56,30839.65,29790.35,32144.51,32287.83,33634.09,34258.14
2021-07-18,31778.56,0.008167362765899914,0.7403940090419657,34258.99,35286.51,34700.34,35600.16,30839.65,29790.35,32144.51,32287.83,33634.09,34258.14,35381.02
2021-07-19,30839.65,-0.029990648832101084,0.7457494452947853,33086.63,33690.14,34494.89,31608.93,29790.35,32144.51,32287.83,33634.09,34258.14,35381.02,37237.6
2021-07-20,29790.35,-0.03461668416799106,0.7523476529999852,32729.77,34220.01,35911.73,32509.56,32144.51,32287.83,33634.09,34258.14,35381.02,37237.6,39457.87
2021-07-21,32144.51,0.07605715848404894,0.6885260968285533,32820.02,33862.12,35045.0,33678.07,32287.83,33634.09,34258.14,35381.02,37237.6,39457.87,40019.56
2021-07-22,32287.83,0.0044487049941116285,0.6815289767528016,31880.0,32875.71,33504.69,34663.09,33634.09,34258.14,35381.02,37237.6,39457.87,40019.56,40016.48
2021-07-23,33634.09,0.040849756917323884,0.6854257783372953,31383.87,33815.81,33786.55,31584.45,34258.14,35381.02,37237.6,39457.87,40019.56,40016.48,42206.37
2021-07-24,34258.14,0.01838406474345351,0.6808413012095907,31520.07,33502.87,34669.13,32283.65,35381.02,37237.6,39457.87,40019.56,40016.48,42206.37,41461.83
2021-07-25,35381.02,0.03225131745929758,0.6020016245807626,31778.56,34258.99,35286.51,34700.34,37237.6,39457.87,40019.56,40016.48,42206.37,41461.83,39845.44
2021-07-26,37237.6,0.05114348533727734,0.6214083480621113,30839.65,33086.63,33690.14,34494.89,39457.87,40019.56,40016.48,42206.37,41461.83,39845.44,39147.82
2021-07-27,39457.87,0.05791451692422995,0.6036545753533474,29790.35,32729.77,34220.01,35911.73,40019.56,40016.48,42206.37,41461.83,39845.44,39147.82,38207.05
2021-07-28,40019.56,0.014134814167452743,0.6034372844480794,32144.51,32820.02,33862.12,35045.0,40016.48,42206.37,41461.83,39845.44,39147.82,38207.05,39723.18
2021-07-29,40016.48,-7.696532715802908e-05,0.5899899561172834,32287.83,31880.0,32875.71,33504.69,42206.37,41461.83,39845.44,39147.82,38207.05,39723.18,40862.46
2021-07-30,42206.37,0.05327978825254109,0.6055691877697855,33634.09,31383.87,33815.81,33786.55,41461.83,39845.44,39147.82,38207.05,39723.18,40862.46,42836.87
2021-07-31,41461.83,-0.017797912555153794,0.5837192946685236,34258.14,31520.07,33502.87,34669.13,39845.44,39147.82,38207.05,39723.18,40862.46,42836.87,44572.54
2021-08-01,39845.44,-0.03976527538307319,0.6061209598987566,35381.02,31778.56,34258.99,35286.51,39147.82,38207.05,39723.18,40862.46,42836.87,44572.54,43794.37
2021-08-02,39147.82,-0.017663231962589804,0.6067631873006537,37237.6,30839.65,33086.63,33690.14,38207.05,39723.18,40862.46,42836.87,44572.54,43794.37,46253.4
2021-08-03,38207.05,-0.024324684058787516,0.6125580021105319,39457.87,29790.35,32729.77,34220.01,39723.18,40862.46,42836.87,44572.54,43794.37,46253.4,45584.99
2021-08-04,39723.18,0.03891484283709042,0.5988155022535212,40019.56,32144.51,32820.02,33862.12,40862.46,42836.87,44572.54,43794.37,46253.4,45584.99,45511.0
2021-08-05,40862.46,0.028276896761954197,0.6031250259837532,40016.48,32287.83,31880.0,32875.71,42836.87,44572.54,43794.37,46253.4,45584.99,45511.0,44399.0
2021-08-06,42836.87,0.04718738719477047,0.6167720950881638,42206.37,33634.09,31383.87,33815.81,44572.54,43794.37,46253.4,45584.99,45511.0,44399.0,47800.0
2021-08-07,44572.54,0.03971879398871793,0.6112141567705809,41461.83,34258.14,31520.07,33502.87,43794.37,46253.4,45584.99,45511.0,44399.0,47800.0,47068.51
2021-08-08,43794.37,-0.01761270403291667,0.6150617486791171,39845.44,35381.02,31778.56,34258.99,46253.4,45584.99,45511.0,44399.0,47800.0,47068.51,46973.82
2021-08-09,46253.4,0.05462970446216788,0.6318154526613006,39147.82,37237.6,30839.65,33086.63,45584.99,45511.0,44399.0,47800.0,47068.51,46973.82,45901.29
2021-08-10,45584.99,-0.01455647910352678,0.6363934469132975,38207.05,39457.87,29790.35,32729.77,45511.0,44399.0,47800.0,47068.51,46973.82,45901.29,44695.95
2021-08-11,45511.0,-0.0016244406865866849,0.617537079487619,39723.18,40019.56,32144.51,32820.02,44399.0,47800.0,47068.51,46973.82,45901.29,44695.95,44705.29
2021-08-12,44399.0,-0.02473710831782772,0.625467345321942,40862.46,40016.48,32287.83,31880.0,47800.0,47068.51,46973.82,45901.29,44695.95,44705.29,46760.62
2021-08-13,47800.0,0.07380869283538957,0.6628586840348942,42836.87,42206.37,33634.09,31383.87,47068.51,46973.82,45901.29,44695.95,44705.29,46760.62,49322.47
2021-08-14,47068.51,-0.015421439567330678,0.6537319349525234,44572.54,41461.83,34258.14,31520.07,46973.82,45901.29,44695.95,44705.29,46760.62,49322.47,48821.87
2021-08-15,46973.82,-0.002013774690601655,0.6478983598102103,43794.37,39845.44,35381.02,31778.56,45901.29,44695.95,44705.29,46760.62,49322.47,48821.87,49239.22
2021-08-16,45901.29,-0.023097203992741226,0.6597094872160136,46253.4,39147.82,37237.6,30839.65,44695.95,44705.29,46760.62,49322.47,48821.87,49239.22,49488.85
2021-08-17,44695.95,-0.02661032775885209,0.6736099389169292,45584.99,38207.05,39457.87,29790.35,44705.29,46760.62,49322.47,48821.87,49239.22,49488.85,47674.01
2021-08-18,44705.29,0.00020894564849409231,0.6583346695350017,45511.0,39723.18,40019.56,32144.51,46760.62,49322.47,48821.87,49239.22,49488.85,47674.01,48973.32
2021-08-19,46760.62,0.0449495565754806,0.6452193090761106,44399.0,40862.46,40016.48,32287.83,49322.47,48821.87,49239.22,49488.85,47674.01,48973.32,46843.87
2021-08-20,49322.47,0.05333836243326847,0.6226445602996142,47800.0,42836.87,42206.37,33634.09,48821.87,49239.22,49488.85,47674.01,48973.32,46843.87,49069.9
2021-08-21,48821.87,-0.010201389940111036,0.6276303616663482,47068.51,44572.54,41461.83,34258.14,49239.22,49488.85,47674.01,48973.32,46843.87,49069.9,48895.35
2021-08-22,49239.22,0.008512092205915797,0.6201693285726656,46973.82,43794.37,39845.44,35381.02,49488.85,47674.01,48973.32,46843.87,49069.9,48895.35,48767.83
2021-08-23,49488.85,0.005056931265299252,0.6203755000442576,45901.29,46253.4,39147.82,37237.6,47674.01,48973.32,46843.87,49069.9,48895.35,48767.83,46982.91
2021-08-24,47674.01,-0.03736100600577641,0.639370220446182,44695.95,45584.99,38207.05,39457.87,48973.32,46843.87,49069.9,48895.35,48767.83,46982.91,47100.89
2021-08-25,48973.32,0.026889274355853948,0.6251363784418698,44705.29,45511.0,39723.18,40019.56,46843.87,49069.9,48895.35,48767.83,46982.91,47100.89,48810.52
2021-08-26,46843.87,-0.044455503018913885,0.6265696827978983,46760.62,44399.0,40862.46,40016.48,49069.9,48895.35,48767.83,46982.91,47100.89,48810.52,49246.64
2021-08-27,49069.9,0.04642565518730656,0.6419625983625685,49322.47,47800.0,42836.87,42206.37,48895.35,48767.83,46982.91,47100.89,48810.52,49246.64,49999.14
2021-08-28,48895.35,-0.0035635122599486395,0.6425473312330463,48821.87,47068.51,44572.54,41461.83,48767.83,46982.91,47100.89,48810.52,49246.64,49999.14,49915.64
2021-08-29,48767.83,-0.002611425769036323,0.6207344003306949,49239.22,46973.82,43794.37,39845.44,46982.91,47100.89,48810.52,49246.64,49999.14,49915.64,51756.88
2021-08-30,46982.91,-0.03728695560163383,0.6332667449486845,49488.85,45901.29,46253.4,39147.82,47100.89,48810.52,49246.64,49999.14,49915.64,51756.88,52663.9
2021-08-31,47100.89,0.0025079782457921107,0.613204463859093,47674.01,44695.95,45584.99,38207.05,48810.52,49246.64,49999.14,49915.64,51756.88,52663.9,46863.73
2021-09-01,48810.52,0.03565396658703159,0.6159676224913088,48973.32,44705.29,45511.0,39723.18,49246.64,49999.14,49915.64,51756.88,52663.9,46863.73,46048.31
2021-09-02,49246.64,0.008895278543618722,0.6052708459980812,46843.87,46760.62,44399.0,40862.46,49999.14,49915.64,51756.88,52663.9,46863.73,46048.31,46395.14
2021-09-03,49999.14,0.015164663339698799,0.5958260430284508,49069.9,49322.47,47800.0,42836.87,49915.64,51756.88,52663.9,46863.73,46048.31,46395.14,44850.91
2021-09-04,49915.64,-0.0016714247769793876,0.5919335238805843,48895.35,48821.87,47068.51,44572.54,51756.88,52663.9,46863.73,46048.31,46395.14,44850.91,45173.69
2021-09-05,51756.88,0.036222989665486205,0.5836654383116991,48767.83,49239.22,46973.82,43794.37,52663.9,46863.73,46048.31,46395.14,44850.91,45173.69,46025.24
2021-09-06,52663.9,0.017372841164721087,0.5726652676014774,46982.91,49488.85,45901.29,46253.4,46863.73,46048.31,46395.14,44850.91,45173.69,46025.24,44940.73
2021-09-07,46863.73,-0.11668618261666851,0.710746044066465,47100.89,47674.01,44695.95,45584.99,46048.31,46395.14,44850.91,45173.69,46025.24,44940.73,47111.52
2021-09-08,46048.31,-0.017552965928858206,0.6880350939410931,48810.52,48973.32,44705.29,45511.0,46395.14,44850.91,45173.69,46025.24,44940.73,47111.52,48121.41
2021-09-09,46395.14,0.007503649579212201,0.6865217677872665,49246.64,46843.87,46760.62,44399.0,44850.91,45173.69,46025.24,44940.73,47111.52,48121.41,47737.82
2021-09-10,44850.91,-0.03385083421309653,0.6969518185759858,49999.14,49069.9,49322.47,47800.0,45173.69,46025.24,44940.73,47111.52,48121.41,47737.82,47299.98
2021-09-11,45173.69,0.007170959564001218,0.6918462728680068,49915.64,48895.35,48821.87,47068.51,46025.24,44940.73,47111.52,48121.41,47737.82,47299.98,48292.74
2021-09-12,46025.24,0.018675103944809108,0.643428006087106,51756.88,48767.83,49239.22,46973.82,44940.73,47111.52,48121.41,47737.82,47299.98,48292.74,47241.75
2021-09-13,44940.73,-0.023845431156868976,0.6464253259420625,52663.9,46982.91,49488.85,45901.29,47111.52,48121.41,47737.82,47299.98,48292.74,47241.75,43015.62
2021-09-14,47111.52,0.047173046597374216,0.6683688393743585,46863.73,47100.89,47674.01,44695.95,48121.41,47737.82,47299.98,48292.74,47241.75,43015.62,40734.38
2021-09-15,48121.41,0.021209635319469546,0.6668822036227219,46048.31,48810.52,48973.32,44705.29,47737.82,47299.98,48292.74,47241.75,43015.62,40734.38,43543.61
2021-09-16,47737.82,-0.00800323656818104,0.66010826222859,46395.14,49246.64,46843.87,46760.62,47299.98,48292.74,47241.75,43015.62,40734.38,43543.61,44865.26
2021-09-17,47299.98,-0.009214083189828333,0.6612822851297709,44850.91,49999.14,49069.9,49322.47,48292.74,47241.75,43015.62,40734.38,43543.61,44865.26,42810.57
2021-09-18,48292.74,0.02077136613693967,0.64667915957401,45173.69,49915.64,48895.35,48821.87,47241.75,43015.62,40734.38,43543.61,44865.26,42810.57,42670.64
2021-09-19,47241.75,-0.0220032032815168,0.6230060867803957,46025.24,51756.88,48767.83,49239.22,43015.62,40734.38,43543.61,44865.26,42810.57,42670.64,43160.9
2021-09-20,43015.62,-0.09371472997414354,0.7010121945001873,44940.73,52663.9,46982.91,49488.85,40734.38,43543.61,44865.26,42810.57,42670.64,43160.9,42147.35
2021-09-21,40734.38,-0.054490852225822076,0.7207766843522686,47111.52,46863.73,47100.89,47674.01,43543.61,44865.26,42810.57,42670.64,43160.9,42147.35,41026.54
2021-09-22,43543.61,0.06669051131367976,0.7637986491300874,48121.41,46048.31,48810.52,48973.32,44865.26,42810.57,42670.64,43160.9,42147.35,41026.54,41524.28
2021-09-23,44865.26,0.029900811262542855,0.7631499995921699,47737.82,46395.14,49246.64,46843.87,42810.57,42670.64,43160.9,42147.35,41026.54,41524.28,43824.1
2021-09-24,42810.57,-0.04687874118217047,0.7713078154952085,47299.98,44850.91,49999.14,49069.9,42670.64,43160.9,42147.35,41026.54,41524.28,43824.1,48141.61
2021-09-25,42670.64,-0.00327393879868255,0.7577020559658428,48292.74,45173.69,49915.64,48895.35,43160.9,42147.35,41026.54,41524.28,43824.1,48141.61,47634.9
2021-09-26,43160.9,0.011423896898211428,0.7384937310935692,47241.75,46025.24,51756.88,48767.83,42147.35,41026.54,41524.28,43824.1,48141.61,47634.9,48200.01
2021-09-27,42147.35,-0.023763181042317418,0.7416026635433719,43015.62,44940.73,52663.9,46982.91,41026.54,41524.28,43824.1,48141.61,47634.9,48200.01,49224.94
2021-09-28,41026.54,-0.026952637413386934,0.7454864671992865,40734.38,47111.52,46863.73,47100.89,41524.28,43824.1,48141.61,47634.9,48200.01,49224.94,51471.99
2021-09-29,41524.28,0.012059142038448096,0.739064926635025,43543.61,48121.41,46048.31,48810.52,43824.1,48141.61,47634.9,48200.01,49224.94,51471.99,55315.0
2021-09-30,43824.1,0.053905577976211407,0.7661129345810935,44865.26,47737.82,46395.14,49246.64,48141.61,47634.9,48200.01,49224.94,51471.99,55315.0,53785.22
2021-10-01,48141.61,0.09396298154418624,0.8271366658681257,42810.57,47299.98,44850.91,49999.14,47634.9,48200.01,49224.94,51471.99,55315.0,53785.22,53951.43
2021-10-02,47634.9,-0.01058119005719298,0.8271539680145998,42670.64,48292.74,45173.69,49915.64,48200.01,49224.94,51471.99,55315.0,53785.22,53951.43,54949.72
2021-10-03,48200.01,0.01179354266560912,0.8264024250465479,43160.9,47241.75,46025.24,51756.88,49224.94,51471.99,55315.0,53785.22,53951.43,54949.72,54659.0
2021-10-04,49224.94,0.02104117710619458,0.8300361960075487,42147.35,43015.62,44940.73,52663.9,51471.99,55315.0,53785.22,53951.43,54949.72,54659.0,57471.35
2021-10-05,51471.99,0.04463737058465869,0.8352199044668125,41026.54,40734.38,47111.52,46863.73,55315.0,53785.22,53951.43,54949.72,54659.0,57471.35,55996.93
2021-10-06,55315.0,0.07200634327060802,0.8706622454249289,41524.28,43543.61,48121.41,46048.31,53785.22,53951.43,54949.72,54659.0,57471.35,55996.93,57367.0
2021-10-07,53785.22,-0.02804541125150523,0.7678759322675383,43824.1,44865.26,47737.82,46395.14,53951.43,54949.72,54659.0,57471.35,55996.93,57367.0,57347.94
2021-10-08,53951.43,0.00308548914159256,0.763748082584596,48141.61,42810.57,47299.98,44850.91,54949.72,54659.0,57471.35,55996.93,57367.0,57347.94,61672.42
2021-10-09,54949.72,0.018334387918285084,0.7650782000011559,47634.9,42670.64,48292.74,45173.69,54659.0,57471.35,55996.93,57367.0,57347.94,61672.42,60875.57
2021-10-10,54659.0,-0.005304699876692706,0.7529152309449799,48200.01,43160.9,47241.75,46025.24,57471.35,55996.93,57367.0,57347.94,61672.42,60875.57,61528.33
2021-10-11,57471.35,0.05017267734198954,0.7681182505519795,49224.94,42147.35,43015.62,44940.73,55996.93,57367.0,57347.94,61672.42,60875.57,61528.33,62009.84
2021-10-12,55996.93,-0.02598969495671528,0.7760825661505159,51471.99,41026.54,40734.38,47111.52,57367.0,57347.94,61672.42,60875.57,61528.33,62009.84,64280.59
2021-10-13,57367.0,0.024172357303921338,0.7704758862585694,55315.0,41524.28,43543.61,48121.41,57347.94,61672.42,60875.57,61528.33,62009.84,64280.59,66001.41
2021-10-14,57347.94,-0.00033230196825961595,0.757898838330393,53785.22,43824.1,44865.26,47737.82,61672.42,60875.57,61528.33,62009.84,64280.59,66001.41,62193.15
2021-10-15,61672.42,0.07269990621610015,0.79098874854983,53951.43,48141.61,42810.57,47299.98,60875.57,61528.33,62009.84,64280.59,66001.41,62193.15,60688.22
2021-10-16,60875.57,-0.013004884546981205,0.7924748994612393,54949.72,47634.9,42670.64,48292.74,61528.33,62009.84,64280.59,66001.41,62193.15,60688.22,61286.75
2021-10-17,61528.33,0.010665774343540647,0.7900371226197601,54659.0,48200.01,43160.9,47241.75,62009.84,64280.59,66001.41,62193.15,60688.22,61286.75,60852.22
2021-10-18,62009.84,0.007795362977312687,0.7888510141908354,57471.35,49224.94,42147.35,43015.62,64280.59,66001.41,62193.15,60688.22,61286.75,60852.22,63078.78
2021-10-19,64280.59,0.035964637291379095,0.7867031543115078,55996.93,51471.99,41026.54,40734.38,66001.41,62193.15,60688.22,61286.75,60852.22,63078.78,60328.81
2021-10-20,66001.41,0.0264183860137485,0.6928555837028331,57367.0,55315.0,41524.28,43543.61,62193.15,60688.22,61286.75,60852.22,63078.78,60328.81,58413.44
2021-10-21,62193.15,-0.05943124037142096,0.6992117507697097,57347.94,53785.22,43824.1,44865.26,60688.22,61286.75,60852.22,63078.78,60328.81,58413.44,60575.89
2021-10-22,60688.22,-0.024495255024330125,0.6850983402687065,61672.42,53951.43,48141.61,42810.57,61286.75,60852.22,63078.78,60328.81,58413.44,60575.89,62253.71
2021-10-23,61286.75,0.009814059457965237,0.6817223345814307,60875.57,54949.72,47634.9,42670.64,60852.22,63078.78,60328.81,58413.44,60575.89,62253.71,61859.19
2021-10-24,60852.22,-0.007115367573461971,0.6531868985471241,61528.33,54659.0,48200.01,43160.9,63078.78,60328.81,58413.44,60575.89,62253.71,61859.19,61299.8
2021-10-25,63078.78,0.03593611946449075,0.6561685990372826,62009.84,57471.35,49224.94,42147.35,60328.81,58413.44,60575.89,62253.71,61859.19,61299.8,60911.11
2021-10-26,60328.81,-0.044574653976376374,0.6862744800541285,64280.59,55996.93,51471.99,41026.54,58413.44,60575.89,62253.71,61859.19,61299.8,60911.11,63219.99
2021-10-27,58413.44,-0.03226376706842764,0.6923331783675606,66001.41,57367.0,55315.0,41524.28,60575.89,62253.71,61859.19,61299.8,60911.11,63219.99,62896.48
2021-10-28,60575.89,0.03635095878154798,0.6839562589710968,62193.15,57347.94,53785.22,43824.1,62253.71,61859.19,61299.8,60911.11,63219.99,62896.48,61395.01
2021-10-29,62253.71,0.027321172837900806,0.6857643955945424,60688.22,61672.42,53951.43,48141.61,61859.19,61299.8,60911.11,63219.99,62896.48,61395.01,60937.12
2021-10-30,61859.19,-0.006357458874696461,0.6731721522455014,61286.75,60875.57,54949.72,47634.9,61299.8,60911.11,63219.99,62896.48,61395.01,60937.12,61470.61
2021-10-31,61299.8,-0.009084092793678443,0.6069782978618259,60852.22,61528.33,54659.0,48200.01,60911.11,63219.99,62896.48,61395.01,60937.12,61470.61,63273.59
2021-11-01,60911.11,-0.006360992003154558,0.6055242726364255,63078.78,62009.84,57471.35,49224.94,63219.99,62896.48,61395.01,60937.12,61470.61,63273.59,67525.83
2021-11-02,63219.99,0.03720496031871912,0.6138550479879868,60328.81,64280.59,55996.93,51471.99,62896.48,61395.01,60937.12,61470.61,63273.59,67525.83,66947.66
2021-11-03,62896.48,-0.005130348313391929,0.6142039795377268,58413.44,66001.41,57367.0,55315.0,61395.01,60937.12,61470.61,63273.59,67525.83,66947.66,64882.43
2021-11-04,61395.01,-0.024161638804099172,0.6096547556554539,60575.89,62193.15,57347.94,53785.22,60937.12,61470.61,63273.59,67525.83,66947.66,64882.43,64774.26
2021-11-05,60937.12,-0.007486048650989339,0.562346391644344,62253.71,60688.22,61672.42,53951.43,61470.61,63273.59,67525.83,66947.66,64882.43,64774.26,64122.23
2021-11-06,61470.61,0.008716661568431403,0.5511236556403551,61859.19,61286.75,60875.57,54949.72,63273.59,67525.83,66947.66,64882.43,64774.26,64122.23,64380.0
2021-11-07,63273.59,0.02890884809094554,0.5576399227651591,61299.8,60852.22,61528.33,54659.0,67525.83,66947.66,64882.43,64774.26,64122.23,64380.0,65519.1
2021-11-08,67525.83,0.06504216884637133,0.5939826557266679,60911.11,63078.78,62009.84,57471.35,66947.66,64882.43,64774.26,64122.23,64380.0,65519.1,63606.74
2021-11-09,66947.66,-0.008599071276880508,0.5949428798267711,63219.99,60328.81,64280.59,55996.93,64882.43,64774.26,64122.23,64380.0,65519.1,63606.74,60058.87
2021-11-10,64882.43,-0.03133425720348249,0.5879742380482442,62896.48,58413.44,66001.41,57367.0,64774.26,64122.23,64380.0,65519.1,63606.74,60058.87,60344.87
2021-11-11,64774.26,-0.0016685606442103456,0.5783803500913904,61395.01,60575.89,62193.15,57347.94,64122.23,64380.0,65519.1,63606.74,60058.87,60344.87,56891.62
2021-11-12,64122.23,-0.010117196545531833,0.576328179870942,60937.12,62253.71,60688.22,61672.42,64380.0,65519.1,63606.74,60058.87,60344.87,56891.62,58052.24
2021-11-13,64380.0,0.004011920193832118,0.5761437837752369,61470.61,61859.19,61286.75,60875.57,65519.1,63606.74,60058.87,60344.87,56891.62,58052.24,59707.51
2021-11-14,65519.1,0.01753867731607232,0.5228466999955879,63273.59,61299.8,60852.22,61528.33,63606.74,60058.87,60344.87,56891.62,58052.24,59707.51,58622.02
2021-11-15,63606.74,-0.029622263612827583,0.5319886445892184,67525.83,60911.11,63078.78,62009.84,60058.87,60344.87,56891.62,58052.24,59707.51,58622.02,56247.18
2021-11-16,60058.87,-0.057394191714532264,0.568861324646407,66947.66,63219.99,60328.81,64280.59,60344.87,56891.62,58052.24,59707.51,58622.02,56247.18,57541.27
2021-11-17,60344.87,0.004750691928607092,0.5683808476090332,64882.43,62896.48,58413.44,66001.41,56891.62,58052.24,59707.51,58622.02,56247.18,57541.27,57138.29
2021-11-18,56891.62,-0.058927885424531284,0.586973388725815,64774.26,61395.01,60575.89,62193.15,58052.24,59707.51,58622.02,56247.18,57541.27,57138.29,58960.36
2021-11-19,58052.24,0.020195240460608506,0.5832948134385286,64122.23,60937.12,62253.71,60688.22,59707.51,58622.02,56247.18,57541.27,57138.29,58960.36,53726.53
2021-11-20,59707.51,0.028114513307780045,0.5585136591277275,64380.0,61470.61,61859.19,61286.75,58622.02,56247.18,57541.27,57138.29,58960.36,53726.53,54721.03
2021-11-21,58622.02,-0.018347414213866074,0.5557130302491404,65519.1,63273.59,61299.8,60852.22,56247.18,57541.27,57138.29,58960.36,53726.53,54721.03,57274.88
2021-11-22,56247.18,-0.0413544874234942,0.5714402030303043,63606.74,67525.83,60911.11,63078.78,57541.27,57138.29,58960.36,53726.53,54721.03,57274.88,57776.25
2021-11-23,57541.27,0.022746522987712518,0.5780958139615451,60058.87,66947.66,63219.99,60328.81,57138.29,58960.36,53726.53,54721.03,57274.88,57776.25,56950.56
2021-11-24,57138.29,-0.007027959623695437,0.5619352661239382,60344.87,64882.43,62896.48,58413.44,58960.36,53726.53,54721.03,57274.88,57776.25,56950.56,57184.07
2021-11-25,58960.36,0.0313908838384089,0.5541205422373198,56891.62,64774.26,61395.01,60575.89,53726.53,54721.03,57274.88,57776.25,56950.56,57184.07,56480.34
2021-11-26,53726.53,-0.09295843321180253,0.6324513769896787,58052.24,64122.23,60937.12,62253.71,54721.03,57274.88,57776.25,56950.56,57184.07,56480.34,53601.05
2021-11-27,54721.03,0.0183411757514558,0.6214478326051767,59707.51,64380.0,61470.61,61859.19,57274.88,57776.25,56950.56,57184.07,56480.34,53601.05,49152.47
2021-11-28,57274.88,0.04561403694585218,0.6359321392940114,58622.02,65519.1,63273.59,61299.8,57776.25,56950.56,57184.07,56480.34,53601.05,49152.47,49396.33
2021-11-29,57776.25,0.008715658399547181,0.6370368894749987,56247.18,63606.74,67525.83,60911.11,56950.56,57184.07,56480.34,53601.05,49152.47,49396.33,50441.92
2021-11-30,56950.56,-0.014394268550105557,0.6380196692406684,57541.27,60058.87,66947.66,63219.99,57184.07,56480.34,53601.05,49152.47,49396.33,50441.92,50588.95
2021-12-01,57184.07,0.004091840063051094,0.6382555860931582,57138.29,60344.87,64882.43,62896.48,56480.34,53601.05,49152.47,49396.33,50441.92,50588.95,50471.19
2021-12-02,56480.34,-0.012382750098007033,0.6230725140977895,58960.36,56891.62,64774.26,61395.01,53601.05,49152.47,49396.33,50441.92,50588.95,50471.19,47545.59
2021-12-03,53601.05,-0.05232395555977342,0.6457152613063339,53726.53,58052.24,64122.23,60937.12,49152.47,49396.33,50441.92,50588.95,50471.19,47545.59,47140.54
2021-12-04,49152.47,-0.08664155778315352,0.7028943160833775,54721.03,59707.51,64380.0,61470.61,49396.33,50441.92,50588.95,50471.19,47545.59,47140.54,49389.99
2021-12-05,49396.33,0.004949030282182365,0.7042151798553933,57274.88,58622.02,65519.1,63273.59,50441.92,50588.95,50471.19,47545.59,47140.54,49389.99,50053.9
2021-12-06,50441.92,0.020946445463868552,0.7089265393033802,57776.25,56247.18,63606.74,67525.83,50588.95,50471.19,47545.59,47140.54,49389.99,50053.9,46702.75
2021-12-07,50588.95,0.0029105975984963822,0.6982605379819388,56950.56,57541.27,60058.87,66947.66,50471.19,47545.59,47140.54,49389.99,50053.9,46702.75,48343.28
2021-12-08,50471.19,-0.002330494560926045,0.6479491453192171,57184.07,57138.29,60344.87,64882.43,47545.59,47140.54,49389.99,50053.9,46702.75,48343.28,48864.98
2021-12-09,47545.59,-0.05971363822672122,0.6709730108976734,56480.34,58960.36,56891.62,64774.26,47140.54,49389.99,50053.9,46702.75,48343.28,48864.98,47632.38
2021-12-10,47140.54,-0.008555687528783013,0.6671519517748945,53601.05,53726.53,58052.24,64122.23,49389.99,50053.9,46702.75,48343.28,48864.98,47632.38,46131.2
2021-12-11,49389.99,0.0466144194002914,0.695966211049789,49152.47,54721.03,59707.51,64380.0,50053.9,46702.75,48343.28,48864.98,47632.38,46131.2,46834.48
2021-12-12,50053.9,0.013352652721007085,0.7003096466953628,49396.33,57274.88,58622.02,65519.1,46702.75,48343.28,48864.98,47632.38,46131.2,46834.48,46681.23
2021-12-13,46702.75,-0.06929737535263912,0.7301923112038963,50441.92,57776.25,56247.18,63606.74,48343.28,48864.98,47632.38,46131.2,46834.48,46681.23,46914.16
2021-12-14,48343.28,0.034524176232671906,0.7407866630308814,50588.95,56950.56,57541.27,60058.87,48864.98,47632.38,46131.2,46834.48,46681.23,46914.16,48889.88
2021-12-15,48864.98,0.010733758816394861,0.7407982939229313,50471.19,57184.07,57138.29,60344.87,47632.38,46131.2,46834.48,46681.23,46914.16,48889.88,48588.16
2021-12-16,47632.38,-0.025548202428183887,0.7226042829426099,47545.59,56480.34,58960.36,56891.62,46131.2,46834.48,46681.23,46914.16,48889.88,48588.16,50838.81
2021-12-17,46131.2,-0.03202327139996514,0.7259887644855637,47140.54,53601.05,53726.53,58052.24,46834.48,46681.23,46914.16,48889.88,48588.16,50838.81,50820.0
2021-12-18,46834.48,0.015130173120065147,0.7075482530559102,49389.99,49152.47,54721.03,59707.51,46681.23,46914.16,48889.88,48588.16,50838.81,50820.0,50399.66
2021-12-19,46681.23,-0.0032775271061218484,0.7011162399376639,50053.9,49396.33,57274.88,58622.02,46914.16,48889.88,48588.16,50838.81,50820.0,50399.66,50775.49
2021-12-20,46914.16,0.00497739217481098,0.6909923950699034,46702.75,50441.92,57776.25,56247.18,48889.88,48588.16,50838.81,50820.0,50399.66,50775.49,50701.44
2021-12-21,48889.88,0.041250873237454126,0.710787834150128,48343.28,50588.95,56950.56,57541.27,48588.16,50838.81,50820.0,50399.66,50775.49,50701.44,47543.74
2021-12-22,48588.16,-0.0061905422711137255,0.6992957000633148,48864.98,50471.19,57184.07,57138.29,50838.81,50820.0,50399.66,50775.49,50701.44,47543.74,46464.66
2021-12-23,50838.81,0.04528015945422746,0.7147463258392919,47632.38,47545.59,56480.34,58960.36,50820.0,50399.66,50775.49,50701.44,47543.74,46464.66,47120.87
2021-12-24,50820.0,-0.0003700613889668522,0.7147836197696946,46131.2,47140.54,53601.05,53726.53,50399.66,50775.49,50701.44,47543.74,46464.66,47120.87,46216.93
2021-12-25,50399.66,-0.008305548869195585,0.7034324419883538,46834.48,49389.99,49152.47,54721.03,50775.49,50701.44,47543.74,46464.66,47120.87,46216.93,47722.65
2021-12-26,50775.49,0.007429328815574095,0.6290768575752829,46681.23,50053.9,49396.33,57274.88,50701.44,47543.74,46464.66,47120.87,46216.93,47722.65,47286.18
2021-12-27,50701.44,-0.0014594452777345129,0.6248419280897358,46914.16,46702.75,50441.92,57776.25,47543.74,46464.66,47120.87,46216.93,47722.65,47286.18,46446.1
2021-12-28,47543.74,-0.06430418312979821,0.6357506569700534,48889.88,48343.28,50588.95,56950.56,46464.66,47120.87,46216.93,47722.65,47286.18,46446.1,45832.01
2021-12-29,46464.66,-0.02295810578396181,0.6359928188018632,48588.16,48864.98,50471.19,57184.07,47120.87,46216.93,47722.65,47286.18,46446.1,45832.01,43451.13
2021-12-30,47120.87,0.01402397902343454,0.6396961237339942,50838.81,47632.38,47545.59,56480.34,46216.93,47722.65,47286.18,46446.1,45832.01,43451.13,43082.31
2021-12-31,46216.93,-0.019369821492674983,0.6401263791777343,50820.0,46131.2,47140.54,53601.05,47722.65,47286.18,46446.1,45832.01,43451.13,43082.31,41566.48
2022-01-01,47722.65,0.03205994678177879,0.6541255243046507,50399.66,46834.48,49389.99,49152.47,47286.18,46446.1,45832.01,43451.13,43082.31,41566.48,41679.74
2022-01-02,47286.18,-0.009188052743592882,0.6322989039564698,50775.49,46681.23,50053.9,49396.33,46446.1,45832.01,43451.13,43082.31,41566.48,41679.74,41864.62
2022-01-03,46446.1,-0.01792557472959721,0.560901975596089,50701.44,46914.16,46702.75,50441.92,45832.01,43451.13,43082.31,41566.48,41679.74,41864.62,41822.49
2022-01-04,45832.01,-0.013309745191831738,0.5617159860037161,47543.74,48889.88,48343.28,50588.95,43451.13,43082.31,41566.48,41679.74,41864.62,41822.49,42729.29
2022-01-05,43451.13,-0.0533458970167032,0.5820962149846856,46464.66,48588.16,48864.98,50471.19,43082.31,41566.48,41679.74,41864.62,41822.49,42729.29,43902.66
2022-01-06,43082.31,-0.00852438625717462,0.5815132679699259,47120.87,50838.81,47632.38,47545.59,41566.48,41679.74,41864.62,41822.49,42729.29,43902.66,42560.11
2022-01-07,41566.48,-0.03581839879060997,0.5909764089595756,46216.93,50820.0,46131.2,47140.54,41679.74,41864.62,41822.49,42729.29,43902.66,42560.11,43059.96
2022-01-08,41679.74,0.0027210861918856148,0.5594648720990769,47722.65,50399.66,46834.48,49389.99,41864.62,41822.49,42729.29,43902.66,42560.11,43059.96,43084.29
2022-01-09,41864.62,0.00442591939892638,0.5600801321415018,47286.18,50775.49,46681.23,50053.9,41822.49,42729.29,43902.66,42560.11,43059.96,43084.29,43071.66
2022-01-10,41822.49,-0.0010068457032168852,0.5297733019703631,46446.1,50701.44,46914.16,46702.75,42729.29,43902.66,42560.11,43059.96,43084.29,43071.66,42201.62
2022-01-11,42729.29,0.02145040043967803,0.5341436227210428,45832.01,47543.74,48889.88,48343.28,43902.66,42560.11,43059.96,43084.29,43071.66,42201.62,42352.12
2022-01-12,43902.66,0.027090276943410884,0.49295426359171773,43451.13,46464.66,48588.16,48864.98,42560.11,43059.96,43084.29,43071.66,42201.62,42352.12,41660.01
2022-01-13,42560.11,-0.03105748088409937,0.4847016522500461,43082.31,47120.87,50838.81,47632.38,43059.96,43084.29,43071.66,42201.62,42352.12,41660.01,40680.91
2022-01-14,43059.96,0.011676133382902501,0.48507923845894,41566.48,46216.93,50820.0,46131.2,43084.29,43071.66,42201.62,42352.12,41660.01,40680.91,36445.31
2022-01-15,43084.29,0.0005648665034966843,0.4791405580240145,41679.74,47722.65,50399.66,46834.48,43071.66,42201.62,42352.12,41660.01,40680.91,36445.31,35071.42
2022-01-16,43071.66,-0.0002931892710942959,0.467887998622845,41864.62,47286.18,50775.49,46681.23,42201.62,42352.12,41660.01,40680.91,36445.31,35071.42,36244.55
2022-01-17,42201.62,-0.020406631301085873,0.4676570562569664,41822.49,46446.1,50701.44,46914.16,42352.12,41660.01,40680.91,36445.31,35071.42,36244.55,36660.35
2022-01-18,42352.12,0.0035598699462948903,0.4683005354980772,42729.29,45832.01,47543.74,48889.88,41660.01,40680.91,36445.31,35071.42,36244.55,36660.35,36958.32
2022-01-19,41660.01,-0.016476803005825883,0.4695374684166219,43902.66,43451.13,46464.66,48588.16,40680.91,36445.31,35071.42,36244.55,36660.35,36958.32,36809.34
2022-01-20,40680.91,-0.023782735226194826,0.44487232799089566,42560.11,43082.31,47120.87,50838.81,36445.31,35071.42,36244.55,36660.35,36958.32,36809.34,37160.1
2022-01-21,36445.31,-0.109946159879111,0.5736324263400828,43059.96,41566.48,46216.93,50820.0,35071.42,36244.55,36660.35,36958.32,36809.34,37160.1,37716.56
2022-01-22,35071.42,-0.038426226985850784,0.5465308179108562,43084.29,41679.74,47722.65,50399.66,36244.55,36660.35,36958.32,36809.34,37160.1,37716.56,38166.84
2022-01-23,36244.55,0.032902471390134344,0.5676447603762058,43071.66,41864.62,47286.18,50775.49,36660.35,36958.32,36809.34,37160.1,37716.56,38166.84,37881.76
2022-01-24,36660.35,0.011406764386201865,0.5730772912380139,42201.62,41822.49,46446.1,50701.44,36958.32,36809.34,37160.1,37716.56,38166.84,37881.76,38466.9
2022-01-25,36958.32,0.008095001638556682,0.5733456587022647,42352.12,42729.29,45832.01,47543.74,36809.34,37160.1,37716.56,38166.84,37881.76,38466.9,38694.59
2022-01-26,36809.34,-0.004039173875103207,0.5728991711792112,41660.01,43902.66,43451.13,46464.66,37160.1,37716.56,38166.84,37881.76,38466.9,38694.59,36896.36
2022-01-27,37160.1,0.009483987687842301,0.5429936016861768,40680.91,42560.11,43082.31,47120.87,37716.56,38166.84,37881.76,38466.9,38694.59,36896.36,37311.61
2022-01-28,37716.56,0.014863650295472364,0.5460849468592099,36445.31,43059.96,41566.48,46216.93,38166.84,37881.76,38466.9,38694.59,36896.36,37311.61,41574.25
2022-01-29,38166.84,0.011867820497437117,0.5450933743152357,35071.42,43084.29,41679.74,47722.65,37881.76,38466.9,38694.59,36896.36,37311.61,41574.25,41382.59
2022-01-30,37881.76,-0.007497346048860223,0.5432792812051727,36244.55,43071.66,41864.62,47286.18,38466.9,38694.59,36896.36,37311.61,41574.25,41382.59,42380.87
2022-01-31,38466.9,0.015328401493649993,0.5312847870994873,36660.35,42201.62,41822.49,46446.1,38694.59,36896.36,37311.61,41574.25,41382.59,42380.87,43839.99
2022-02-01,38694.59,0.005901665736712944,0.5331732885885139,36958.32,42352.12,42729.29,45832.01,36896.36,37311.61,41574.25,41382.59,42380.87,43839.99,44042.99
2022-02-02,36896.36,-0.04758689578779582,0.5507916548260365,36809.34,41660.01,43902.66,43451.13,37311.61,41574.25,41382.59,42380.87,43839.99,44042.99,44372.72
2022-02-03,37311.61,0.01119163707773322,0.5542549828414457,37160.1,40680.91,42560.11,43082.31,41574.25,41382.59,42380.87,43839.99,44042.99,44372.72,43495.44
2022-02-04,41574.25,0.108176446956934,0.6599974162787934,37716.56,36445.31,43059.96,41566.48,41382.59,42380.87,43839.99,44042.99,44372.72,43495.44,42373.73
2022-02-05,41382.59,-0.004620724246786973,0.6596127491054502,38166.84,35071.42,43084.29,41679.74,42380.87,43839.99,44042.99,44372.72,43495.44,42373.73,42217.87
2022-02-06,42380.87,0.02383682019847353,0.6531574266428258,37881.76,36244.55,43071.66,41864.62,43839.99,44042.99,44372.72,43495.44,42373.73,42217.87,42053.66
2022-02-07,43839.99,0.033849333356895696,0.6633469022141489,38466.9,36660.35,42201.62,41822.49,44042.99,44372.72,43495.44,42373.73,42217.87,42053.66,42535.94
2022-02-08,44042.99,0.004619787837026135,0.6633573313615404,38694.59,36958.32,42352.12,42729.29,44372.72,43495.44,42373.73,42217.87,42053.66,42535.94,44544.86
2022-02-09,44372.72,0.007458663819307352,0.6635811950400269,36896.36,36809.34,41660.01,43902.66,43495.44,42373.73,42217.87,42053.66,42535.94,44544.86,43873.56
2022-02-10,43495.44,-0.019968761180241705,0.6640067617788528,37311.61,37160.1,40680.91,42560.11,42373.73,42217.87,42053.66,42535.94,44544.86,43873.56,40515.7
2022-02-11,42373.73,-0.02612751026362113,0.6632235539883762,41574.25,37716.56,36445.31,43059.96,42217.87,42053.66,42535.94,44544.86,43873.56,40515.7,39974.44
2022-02-12,42217.87,-0.0036850036261710803,0.6545196190118324,41382.59,38166.84,35071.42,43084.29,42053.66,42535.94,44544.86,43873.56,40515.7,39974.44,40079.17
2022-02-13,42053.66,-0.003897169253580327,0.6531951723098425,42380.87,37881.76,36244.55,43071.66,42535.94,44544.86,43873.56,40515.7,39974.44,40079.17,38386.89
2022-02-14,42535.94,0.011402943760908854,0.6545702653026093,43839.99,38466.9,36660.35,42201.62,44544.86,43873.56,40515.7,39974.44,40079.17,38386.89,37008.16
2022-02-15,44544.86,0.046147405647282806,0.674432223796081,44042.99,38694.59,36958.32,42352.12,43873.56,40515.7,39974.44,40079.17,38386.89,37008.16,38230.33
2022-02-16,43873.56,-0.015184910543850608,0.6725777987396174,44372.72,36896.36,36809.34,41660.01,40515.7,39974.44,40079.17,38386.89,37008.16,38230.33,37250.01
2022-02-17,40515.7,-0.07962230741964704,0.7292483992357377,43495.44,37311.61,37160.1,40680.91,39974.44,40079.17,38386.89,37008.16,38230.33,37250.01,38327.21
2022-02-18,39974.44,-0.013449303448535153,0.7285407781804805,42373.73,41574.25,37716.56,36445.31,40079.17,38386.89,37008.16,38230.33,37250.01,38327.21,39219.17
2022-02-19,40079.17,0.0026164981129269994,0.724127975898796,42217.87,41382.59,38166.84,35071.42,38386.89,37008.16,38230.33,37250.01,38327.21,39219.17,39116.72
2022-02-20,38386.89,-0.04314075292804987,0.6281757059929743,42053.66,42380.87,37881.76,36244.55,37008.16,38230.33,37250.01,38327.21,39219.17,39116.72,37699.07
2022-02-21,37008.16,-0.03657756618202442,0.6267197240512945,42535.94,43839.99,38466.9,36660.35,38230.33,37250.01,38327.21,39219.17,39116.72,37699.07,43160.0
2022-02-22,38230.33,0.032490750766217165,0.6264640796900006,44544.86,44042.99,38694.59,36958.32,37250.01,38327.21,39219.17,39116.72,37699.07,43160.0,44421.2
2022-02-23,37250.01,-0.025976966353583753,0.6327714053776557,43873.56,44372.72,36896.36,36809.34,38327.21,39219.17,39116.72,37699.07,43160.0,44421.2,43892.98
2022-02-24,38327.21,0.028507874523143458,0.6398090084542556,40515.7,43495.44,37311.61,37160.1,39219.17,39116.72,37699.07,43160.0,44421.2,43892.98,42454.0
2022-02-25,39219.17,0.02300557006710982,0.6439560353865975,39974.44,42373.73,41574.25,37716.56,39116.72,37699.07,43160.0,44421.2,43892.98,42454.0,39148.66
2022-02-26,39116.72,-0.0026156608014754846,0.6435959926820962,40079.17,42217.87,41382.59,38166.84,37699.07,43160.0,44421.2,43892.98,42454.0,39148.66,39397.96
2022-02-27,37699.07,-0.03691457135600522,0.6555080676874033,38386.89,42053.66,42380.87,37881.76,43160.0,44421.2,43892.98,42454.0,39148.66,39397.96,38420.81
2022-02-28,43160.0,0.1352787146752529,0.8074083207676377,37008.16,42535.94,43839.99,38466.9,44421.2,43892.98,42454.0,39148.66,39397.96,38420.81,37988.0
2022-03-01,44421.2,0.028802692569624658,0.8107678778137224,38230.33,44544.86,44042.99,38694.59,43892.98,42454.0,39148.66,39397.96,38420.81,37988.0,38730.63
2022-03-02,43892.98,-0.01196243454904842,0.8121099342084707,37250.01,43873.56,44372.72,36896.36,42454.0,39148.66,39397.96,38420.81,37988.0,38730.63,41941.71
2022-03-03,42454.0,-0.033333261588257904,0.8226585689925285,38327.21,40515.7,43495.44,37311.61,39148.66,39397.96,38420.81,37988.0,38730.63,41941.71,39422.0
2022-03-04,39148.66,-0.0810549423019875,0.8562064986254563,39219.17,39974.44,42373.73,41574.25,39397.96,38420.81,37988.0,38730.63,41941.71,39422.0,38729.57
2022-03-05,39397.96,0.006347843793420254,0.8557168081737263,39116.72,40079.17,42217.87,41382.59,38420.81,37988.0,38730.63,41941.71,39422.0,38729.57,38807.36
2022-03-06,38420.81,-0.025114798426121913,0.7691137301883505,37699.07,38386.89,42053.66,42380.87,37988.0,38730.63,41941.71,39422.0,38729.57,38807.36,37777.34
2022-03-07,37988.0,-0.011328919506856962,0.7696880458441477,43160.0,37008.16,42535.94,43839.99,38730.63,41941.71,39422.0,38729.57,38807.36,37777.34,39671.37
2022-03-08,38730.63,0.019360439473765596,0.7678906431046941,44421.2,38230.33,44544.86,44042.99,41941.71,39422.0,38729.57,38807.36,37777.34,39671.37,39280.33
2022-03-09,41941.71,0.07965003732031377,0.8109653396365941,43892.98,37250.01,43873.56,44372.72,39422.0,38729.57,38807.36,37777.34,39671.37,39280.33,41114.0
2022-03-10,39422.0,-0.06195676107004793,0.837482944698266,42454.0,38327.21,40515.7,43495.44,38729.57,38807.36,37777.34,39671.37,39280.33,41114.0,40917.9
2022-03-11,38729.57,-0.017720645144228633,0.8378675468065225,39148.66,39219.17,39974.44,42373.73,38807.36,37777.34,39671.37,39280.33,41114.0,40917.9,41757.51
2022-03-12,38807.36,0.002006528401358036,0.8362771283654712,39397.96,39116.72,40079.17,42217.87,37777.34,39671.37,39280.33,41114.0,40917.9,41757.51,42201.13
2022-03-13,37777.34,-0.026900467390317852,0.8365411558075337,38420.81,37699.07,38386.89,42053.66,39671.37,39280.33,41114.0,40917.9,41757.51,42201.13,41262.11
2022-03-14,39671.37,0.04892031687140569,0.8565387310714839,37988.0,43160.0,37008.16,42535.94,39280.33,41114.0,40917.9,41757.51,42201.13,41262.11,41002.25
2022-03-15,39280.33,-0.009905884169983963,0.8569560453477311,38730.63,44421.2,38230.33,44544.86,41114.0,40917.9,41757.51,42201.13,41262.11,41002.25,42364.13
2022-03-16,41114.0,0.045624811430510115,0.8720117676764234,41941.71,43892.98,37250.01,43873.56,40917.9,41757.51,42201.13,41262.11,41002.25,42364.13,42882.76
2022-03-17,40917.9,-0.004781075985047464,0.8551887129175707,39422.0,42454.0,38327.21,40515.7,41757.51,42201.13,41262.11,41002.25,42364.13,42882.76,43991.46
2022-03-18,41757.51,0.02031169524144141,0.8576940973654141,38729.57,39148.66,39219.17,39974.44,42201.13,41262.11,41002.25,42364.13,42882.76,43991.46,44313.16
2022-03-19,42201.13,0.010567682574771557,0.8109131071062265,38807.36,39397.96,39116.72,40079.17,41262.11,41002.25,42364.13,42882.76,43991.46,44313.16,44511.27
2022-03-20,41262.11,-0.022502352481311442,0.8136041698241768,37777.34,38420.81,37699.07,38386.89,41002.25,42364.13,42882.76,43991.46,44313.16,44511.27,46827.76
2022-03-21,41002.25,-0.006317702205992036,0.8139853326419292,39671.37,37988.0,43160.0,37008.16,42364.13,42882.76,43991.46,44313.16,44511.27,46827.76,47122.21
2022-03-22,42364.13,0.03267507037255884,0.8054348780017191,39280.33,38730.63,44421.2,38230.33,42882.76,43991.46,44313.16,44511.27,46827.76,47122.21,47434.8
2022-03-23,42882.76,0.012167866742905374,0.7929188636305003,41114.0,41941.71,43892.98,37250.01,43991.46,44313.16,44511.27,46827.76,47122.21,47434.8,47067.99
2022-03-24,43991.46,0.02552564380828476,0.7902373396528284,40917.9,39422.0,42454.0,38327.21,44313.16,44511.27,46827.76,47122.21,47434.8,47067.99,45510.34
2022-03-25,44313.16,0.007286174227543661,0.7824756505337054,41757.51,38729.57,39148.66,39219.17,44511.27,46827.76,47122.21,47434.8,47067.99,45510.34,46283.49
2022-03-26,44511.27,0.004460717136023095,0.7781713118093315,42201.13,38807.36,39397.96,39116.72,46827.76,47122.21,47434.8,47067.99,45510.34,46283.49,45811.0
2022-03-27,46827.76,0.05073377393082759,0.7921378178506394,41262.11,37777.34,38420.81,37699.07,47122.21,47434.8,47067.99,45510.34,46283.49,45811.0,46407.35
2022-03-28,47122.21,0.006268250306015814,0.7915402044839324,41002.25,39671.37,37988.0,43160.0,47434.8,47067.99,45510.34,46283.49,45811.0,46407.35,46580.51
2022-03-29,47434.8,0.006611696768465159,0.7761056743135933,42364.13,39280.33,38730.63,44421.2,47067.99,45510.34,46283.49,45811.0,46407.35,46580.51,45497.55
2022-03-30,47067.99,-0.007762984396878372,0.6259029193014242,42882.76,41114.0,41941.71,43892.98,45510.34,46283.49,45811.0,46407.35,46580.51,45497.55,43170.47
2022-03-31,45510.34,-0.03365359925692603,0.6312476954347045,43991.46,40917.9,39422.0,42454.0,46283.49,45811.0,46407.35,46580.51,45497.55,43170.47,43444.19
2022-04-01,46283.49,0.01684575714059203,0.631910258054281,44313.16,41757.51,38729.57,39148.66,45811.0,46407.35,46580.51,45497.55,43170.47,43444.19,42252.01
2022-04-02,45811.0,-0.010261073071446306,0.6208068758509174,44511.27,42201.13,38807.36,39397.96,46407.35,46580.51,45497.55,43170.47,43444.19,42252.01,42753.97
2022-04-03,46407.35,0.012933614904539842,0.5432388643237525,46827.76,41262.11,37777.34,38420.81,46580.51,45497.55,43170.47,43444.19,42252.01,42753.97,42158.85
2022-04-04,46580.51,0.0037243614415168034,0.5432747187073839,47122.21,41002.25,39671.37,37988.0,45497.55,43170.47,43444.19,42252.01,42753.97,42158.85,39530.45
2022-04-05,45497.55,-0.023523734948063195,0.54217042903999,47434.8,42364.13,39280.33,38730.63,43170.47,43444.19,42252.01,42753.97,42158.85,39530.45,40074.94
2022-04-06,43170.47,-0.052501781655002897,0.5763296220489303,47067.99,42882.76,41114.0,41941.71,43444.19,42252.01,42753.97,42158.85,39530.45,40074.94,41147.79
2022-04-07,43444.19,0.006320429156202368,0.5738195918094314,45510.34,43991.46,40917.9,39422.0,42252.01,42753.97,42158.85,39530.45,40074.94,41147.79,39942.38
2022-04-08,42252.01,-0.027825199218427053,0.5144667012159492,46283.49,44313.16,41757.51,38729.57,42753.97,42158.85,39530.45,40074.94,41147.79,39942.38,40551.9
2022-04-09,42753.97,0.011810129932037259,0.46408876638566177,45811.0,44511.27,42201.13,38807.36,42158.85,39530.45,40074.94,41147.79,39942.38,40551.9,40378.71
2022-04-10,42158.85,-0.014017429746878484,0.4622133879803449,46407.35,46827.76,41262.11,37777.34,39530.45,40074.94,41147.79,39942.38,40551.9,40378.71,39678.12
2022-04-11,39530.45,-0.06437336581826365,0.5182892844735615,46580.51,47122.21,41002.25,39671.37,40074.94,41147.79,39942.38,40551.9,40378.71,39678.12,40801.13
2022-04-12,40074.94,0.013679940298762482,0.5104428021025467,45497.55,47434.8,42364.13,39280.33,41147.79,39942.38,40551.9,40378.71,39678.12,40801.13,41493.18
2022-04-13,41147.79,0.02641901842530263,0.4900179768945733,43170.47,47067.99,42882.76,41114.0,39942.38,40551.9,40378.71,39678.12,40801.13,41493.18,41358.19
2022-04-14,39942.38,-0.029732304130666604,0.5004516740897221,43444.19,45510.34,43991.46,40917.9,40551.9,40378.71,39678.12,40801.13,41493.18,41358.19,40480.01
2022-04-15,40551.9,0.015144719601020222,0.4766305035270509,42252.01,46283.49,44313.16,41757.51,40378.71,39678.12,40801.13,41493.18,41358.19,40480.01,39709.18
2022-04-16,40378.71,-0.004279969331170057,0.4765765116313993,42753.97,45811.0,44511.27,42201.13,39678.12,40801.13,41493.18,41358.19,40480.01,39709.18,39441.6
2022-04-17,39678.12,-0.017502763604226226,0.4740964918555776,42158.85,46407.35,46827.76,41262.11,40801.13,41493.18,41358.19,40480.01,39709.18,39441.6,39450.13
2022-04-18,40801.13,0.027909874843025737,0.4835113003417655,39530.45,46580.51,47122.21,41002.25,41493.18,41358.19,40480.01,39709.18,39441.6,39450.13,40426.08
2022-04-19,41493.18,0.01681929927737526,0.48107692956822984,40074.94,45497.55,47434.8,42364.13,41358.19,40480.01,39709.18,39441.6,39450.13,40426.08,38112.65
2022-04-20,41358.19,-0.0032586092287824916,0.4806745687805367,41147.79,43170.47,47067.99,42882.76,40480.01,39709.18,39441.6,39450.13,40426.08,38112.65,39235.72
2022-04-21,40480.01,-0.02146219513885801,0.4717741093931631,39942.38,43444.19,45510.34,43991.46,39709.18,39441.6,39450.13,40426.08,38112.65,39235.72,39742.07
2022-04-22,39709.18,-0.019225876795201286,0.4730198232230331,40551.9,42252.01,46283.49,44313.16,39441.6,39450.13,40426.08,38112.65,39235.72,39742.07,38596.11
2022-04-23,39441.6,-0.006761298356655494,0.4621711264307017,40378.71,42753.97,45811.0,44511.27,39450.13,40426.08,38112.65,39235.72,39742.07,38596.11,37630.8
2022-04-24,39450.13,0.0002162457340772487,0.4607232779741136,39678.12,42158.85,46407.35,46827.76,40426.08,38112.65,39235.72,39742.07,38596.11,37630.8,38468.35
2022-04-25,40426.08,0.02443777865032932,0.4704393086936651,40801.13,39530.45,46580.51,47122.21,38112.65,39235.72,39742.07,38596.11,37630.8,38468.35,38525.16
2022-04-26,38112.65,-0.05892887322404605,0.46767602318834933,41493.18,40074.94,45497.55,47434.8,39235.72,39742.07,38596.11,37630.8,38468.35,38525.16,37728.95
2022-04-27,39235.72,0.02904130834995406,0.482243645737057,41358.19,41147.79,43170.47,47067.99,39742.07,38596.11,37630.8,38468.35,38525.16,37728.95,39690.0
2022-04-28,39742.07,0.012822767969639432,0.4847850594557526,40480.01,39942.38,43444.19,45510.34,38596.11,37630.8,38468.35,38525.16,37728.95,39690.0,36552.97
2022-04-29,38596.11,-0.02925883015250115,0.4915765097567142,39709.18,40551.9,42252.01,46283.49,37630.8,38468.35,38525.16,37728.95,39690.0,36552.97,36013.77
2022-04-30,37630.8,-0.025328630177714796,0.48664609492735783,39441.6,40378.71,42753.97,45811.0,38468.35,38525.16,37728.95,39690.0,36552.97,36013.77,35472.39
2022-05-01,38468.35,0.02201296126766681,0.4900660211694674,39450.13,39678.12,42158.85,46407.35,38525.16,37728.95,39690.0,36552.97,36013.77,35472.39,34038.4
2022-05-02,38525.16,0.0014757090645608362,0.49054105505007944,40426.08,40801.13,39530.45,46580.51,37728.95,39690.0,36552.97,36013.77,35472.39,34038.4,30076.31
2022-05-03,37728.95,-0.02088383006942929,0.48848705416709287,38112.65,41493.18,40074.94,45497.55,39690.0,36552.97,36013.77,35472.39,34038.4,30076.31,31017.1
2022-05-04,39690.0,0.05067156251954114,0.5272496599941077,39235.72,41358.19,41147.79,43170.47,36552.97,36013.77,35472.39,34038.4,30076.31,31017.1,29103.94
2022-05-05,36552.97,-0.08233682535055205,0.5890693167483367,39742.07,40480.01,39942.38,43444.19,36013.77,35472.39,34038.4,30076.31,31017.1,29103.94,29029.75
2022-05-06,36013.77,-0.014861076122788424,0.5669288868872963,38596.11,39709.18,40551.9,42252.01,35472.39,34038.4,30076.31,31017.1,29103.94,29029.75,29287.05
2022-05-07,35472.39,-0.015146717920837932,0.5659813652242106,37630.8,39441.6,40378.71,42753.97,34038.4,30076.31,31017.1,29103.94,29029.75,29287.05,30086.74
2022-05-08,34038.4,-0.04126534832558704,0.5741605496189699,38468.35,39450.13,39678.12,42158.85,30076.31,31017.1,29103.94,29029.75,29287.05,30086.74,31328.89
2022-05-09,30076.31,-0.12375148039084222,0.6988259097414159,38525.16,40426.08,40801.13,39530.45,31017.1,29103.94,29029.75,29287.05,30086.74,31328.89,29874.01
2022-05-10,31017.1,0.03080084662153245,0.7142893774271242,37728.95,38112.65,41493.18,40074.94,29103.94,29029.75,29287.05,30086.74,31328.89,29874.01,30444.93
2022-05-11,29103.94,-0.0636651051045502,0.7136176282303573,39690.0,39235.72,41358.19,41147.79,29029.75,29287.05,30086.74,31328.89,29874.01,30444.93,28715.32
2022-05-12,29029.75,-0.00255239398280821,0.7090103623176573,36552.97,39742.07,40480.01,39942.38,29287.05,30086.74,31328.89,29874.01,30444.93,28715.32,30319.23
2022-05-13,29287.05,0.008824272580558484,0.700000701950012,36013.77,38596.11,39709.18,40551.9,30086.74,31328.89,29874.01,30444.93,28715.32,30319.23,29201.01
2022-05-14,30086.74,0.02693910433173367,0.7091051074955986,35472.39,37630.8,39441.6,40378.71,31328.89,29874.01,30444.93,28715.32,30319.23,29201.01,29445.06
2022-05-15,31328.89,0.040456131904645545,0.72546001810253,34038.4,38468.35,39450.13,39678.12,29874.01,30444.93,28715.32,30319.23,29201.01,29445.06,30293.94
2022-05-16,29874.01,-0.04755180340819563,0.7378120272629117,30076.31,38525.16,40426.08,40801.13,30444.93,28715.32,30319.23,29201.01,29445.06,30293.94,29109.15
2022-05-17,30444.93,0.018930606202495235,0.7440939217753677,31017.1,37728.95,38112.65,41493.18,28715.32,30319.23,29201.01,29445.06,30293.94,29109.15,29654.58
2022-05-18,28715.32,-0.05848869957421896,0.7513945420064354,29103.94,39690.0,39235.72,41358.19,30319.23,29201.01,29445.06,30293.94,29109.15,29654.58,29542.15
2022-05-19,30319.23,0.05435138641776955,0.7801829795587274,29029.75,36552.97,39742.07,40480.01,29201.01,29445.06,30293.94,29109.15,29654.58,29542.15,29201.35
2022-05-20,29201.01,-0.03757886695618367,0.7853638853843491,29287.05,36013.77,38596.11,39709.18,29445.06,30293.94,29109.15,29654.58,29542.15,29201.35,28629.8
2022-05-21,29445.06,0.008322856374715153,0.7875261680041215,30086.74,35472.39,37630.8,39441.6,30293.94,29109.15,29654.58,29542.15,29201.35,28629.8,29031.33
2022-05-22,30293.94,0.028421538420796314,0.798426300498099,31328.89,34038.4,38468.35,39450.13,29109.15,29654.58,29542.15,29201.35,28629.8,29031.33,29468.1
2022-05-23,29109.15,-0.039895134769211214,0.8055786066377411,29874.01,30076.31,38525.16,40426.08,29654.58,29542.15,29201.35,28629.8,29031.33,29468.1,31734.22
2022-05-24,29654.58,0.018564024573910418,0.81106668124253,30444.93,31017.1,37728.95,38112.65,29542.15,29201.35,28629.8,29031.33,29468.1,31734.22,31801.04
2022-05-25,29542.15,-0.003798525195082192,0.8021205547099208,28715.32,29103.94,39690.0,39235.72,29201.35,28629.8,29031.33,29468.1,31734.22,31801.04,29805.83
2022-05-26,29201.35,-0.011603116040031471,0.782879673573002,30319.23,29029.75,36552.97,39742.07,28629.8,29031.33,29468.1,31734.22,31801.04,29805.83,30452.62
2022-05-27,28629.8,-0.0197668076759755,0.7715545450399309,29201.01,29287.05,36013.77,38596.11,29031.33,29468.1,31734.22,31801.04,29805.83,30452.62,29700.21
2022-05-28,29031.33,0.013927458255286653,0.7719844206382457,29445.06,30086.74,35472.39,37630.8,29468.1,31734.22,31801.04,29805.83,30452.62,29700.21,29864.04
2022-05-29,29468.1,0.014932730664861931,0.7738325960596728,30293.94,31328.89,34038.4,38468.35,31734.22,31801.04,29805.83,30452.62,29700.21,29864.04,29919.21
2022-05-30,31734.22,0.07408727158891816,0.8235230994158202,29109.15,29874.01,30076.31,38525.16,31801.04,29805.83,30452.62,29700.21,29864.04,29919.21,31373.1
2022-05-31,31801.04,0.002103399738536469,0.8180059067205926,29654.58,30444.93,31017.1,37728.95,29805.83,30452.62,29700.21,29864.04,29919.21,31373.1,31125.33
2022-06-01,29805.83,-0.06479498169315473,0.8423310290227893,29542.15,28715.32,29103.94,39690.0,30452.62,29700.21,29864.04,29919.21,31373.1,31125.33,30204.77
2022-06-02,30452.62,0.021468021186670065,0.8474664630945046,29201.35,30319.23,29029.75,36552.97,29700.21,29864.04,29919.21,31373.1,31125.33,30204.77,30109.93
2022-06-03,29700.21,-0.025017916656657774,0.8232556356259617,28629.8,29201.01,29287.05,36013.77,29864.04,29919.21,31373.1,31125.33,30204.77,30109.93,29091.88
2022-06-04,29864.04,0.005500964525962497,0.7816247419993775,29031.33,29445.06,30086.74,35472.39,29919.21,31373.1,31125.33,30204.77,30109.93,29091.88,28424.7
2022-06-05,29919.21,0.001845667997686214,0.781611495822045,29468.1,30293.94,31328.89,34038.4,31373.1,31125.33,30204.77,30109.93,29091.88,28424.7,26574.53
2022-06-06,31373.1,0.047450088834951915,0.8027832670775479,31734.22,29109.15,29874.01,30076.31,31125.33,30204.77,30109.93,29091.88,28424.7,26574.53,22487.41
2022-06-07,31125.33,-0.007928880711022794,0.7917000045107068,31801.04,29654.58,30444.93,31017.1,30204.77,30109.93,29091.88,28424.7,26574.53,22487.41,22136.41
2022-06-08,30204.77,-0.030022098209930834,0.6698754779174345,29805.83,29542.15,28715.32,29103.94,30109.93,29091.88,28424.7,26574.53,22487.41,22136.41,22583.72
2022-06-09,30109.93,-0.00314484124646771,0.6607232054517098,30452.62,29201.35,30319.23,29029.75,29091.88,28424.7,26574.53,22487.41,22136.41,22583.72,20401.31
2022-06-10,29091.88,-0.0343959202434377,0.6330878615053188,29700.21,28629.8,29201.01,29287.05,28424.7,26574.53,22487.41,22136.41,22583.72,20401.31,20468.81
2022-06-11,28424.7,-0.023200611947273582,0.6382060411159605,29864.04,29031.33,29445.06,30086.74,26574.53,22487.41,22136.41,22583.72,20401.31,20468.81,18970.79
2022-06-12,26574.53,-0.06730524721449922,0.6779125106093146,29919.21,29468.1,30293.94,31328.89,22487.41,22136.41,22583.72,20401.31,20468.81,18970.79,20574.0
2022-06-13,22487.41,-0.16699764123151092,0.8774068108043068,31373.1,31734.22,29109.15,29874.01,22136.41,22583.72,20401.31,20468.81,18970.79,20574.0,20573.89
2022-06-14,22136.41,-0.01573183286725236,0.858666231033564,31125.33,31801.04,29654.58,30444.93,22583.72,20401.31,20468.81,18970.79,20574.0,20573.89,20723.52
2022-06-15,22583.72,0.020005528538409763,0.8553704457751554,30204.77,29805.83,29542.15,28715.32,20401.31,20468.81,18970.79,20574.0,20573.89,20723.52,19987.99
2022-06-16,20401.31,-0.10163017824163617,0.907054940632289,30109.93,30452.62,29201.35,30319.23,20468.81,18970.79,20574.0,20573.89,20723.52,19987.99,21110.13
2022-06-17,20468.81,0.0033031496542327322,0.8938587835830398,29091.88,29700.21,28629.8,29201.01,18970.79,20574.0,20573.89,20723.52,19987.99,21110.13,21237.69
2022-06-18,18970.79,-0.0760018363469714,0.8890154109300307,28424.7,29864.04,29031.33,29445.06,20574.0,20573.89,20723.52,19987.99,21110.13,21237.69,21491.19
2022-06-19,20574.0,0.08112771492687064,0.9466805484078249,26574.53,29919.21,29468.1,30293.94,20573.89,20723.52,19987.99,21110.13,21237.69,21491.19,21038.07
2022-06-20,20573.89,-5.346568195921985e-06,0.9449106207099628,22487.41,31373.1,31734.22,29109.15,20723.52,19987.99,21110.13,21237.69,21491.19,21038.07,20742.56
2022-06-21,20723.52,0.007246490991842595,0.9363718391967962,22136.41,31125.33,31801.04,29654.58,19987.99,21110.13,21237.69,21491.19,21038.07,20742.56,20281.29
2022-06-22,19987.99,-0.03613769395083157,0.9350869516980592,22583.72,30204.77,29805.83,29542.15,21110.13,21237.69,21491.19,21038.07,20742.56,20281.29,20123.01
2022-06-23,21110.13,0.05462142687846785,0.9583470743897815,20401.31,30109.93,30452.62,29201.35,21237.69,21491.19,21038.07,20742.56,20281.29,20123.01,19942.21
2022-06-24,21237.69,0.0060244133369918825,0.959929718021114,20468.81,29091.88,29700.21,28629.8,21491.19,21038.07,20742.56,20281.29,20123.01,19942.21,19279.8
2022-06-25,21491.19,0.011865650317023644,0.9632293374164889,18970.79,28424.7,29864.04,29031.33,21038.07,20742.56,20281.29,20123.01,19942.21,19279.8,19252.81
2022-06-26,21038.07,-0.02130943009010775,0.9634367975400724,20574.0,26574.53,29919.21,29468.1,20742.56,20281.29,20123.01,19942.21,19279.8,19252.81,19315.83
2022-06-27,20742.56,-0.014146025460121855,0.9595306797567251,20573.89,22487.41,31373.1,31734.22,20281.29,20123.01,19942.21,19279.8,19252.81,19315.83,20236.71
2022-06-28,20281.29,-0.022488841996465433,0.9555701455379203,20723.52,22136.41,31125.33,31801.04,20123.01,19942.21,19279.8,19252.81,19315.83,20236.71,20175.83
2022-06-29,20123.01,-0.007834849739538354,0.9034959339060598,19987.99,22583.72,30204.77,29805.83,19942.21,19279.8,19252.81,19315.83,20236.71,20175.83,20564.51
2022-06-30,19942.21,-0.009025345538186133,0.9016478115050166,21110.13,20401.31,30109.93,30452.62,19279.8,19252.81,19315.83,20236.71,20175.83,20564.51,21624.98
2022-07-01,19279.8,-0.03378067520510561,0.8866961768067854,21237.69,20468.81,29091.88,29700.21,19252.81,19315.83,20236.71,20175.83,20564.51,21624.98,21594.75
2022-07-02,19252.81,-0.001400891578015631,0.8785642636359826,21491.19,18970.79,28424.7,29864.04,19315.83,20236.71,20175.83,20564.51,21624.98,21594.75,21591.83
2022-07-03,19315.83,0.003267942871976135,0.8801583365125708,21038.07,20574.0,26574.53,29919.21,20236.71,20175.83,20564.51,21624.98,21594.75,21591.83,20862.47
2022-07-04,20236.71,0.04657331482099153,0.9031707991670206,20742.56,20573.89,22487.41,31373.1,20175.83,20564.51,21624.98,21594.75,21591.83,20862.47,19963.61
2022-07-05,20175.83,-0.0030129284649952903,0.9023261450425307,20281.29,20723.52,22136.41,31125.33,20564.51,21624.98,21594.75,21591.83,20862.47,19963.61,19328.75
2022-07-06,20564.51,0.019081421173606727,0.8835839035529922,20123.01,19987.99,22583.72,30204.77,21624.98,21594.75,21591.83,20862.47,19963.61,19328.75,20234.87
2022-07-07,21624.98,0.05028235345384914,0.9115702983952506,19942.21,21110.13,20401.31,30109.93,21594.75,21591.83,20862.47,19963.61,19328.75,20234.87,20588.84
2022-07-08,21594.75,-0.0013988983702488548,0.9099689195631435,19279.8,21237.69,20468.81,29091.88,21591.83,20862.47,19963.61,19328.75,20234.87,20588.84,20830.04
2022-07-09,21591.83,-0.00013522719346830976,0.910364077160763,19252.81,21491.19,18970.79,28424.7,20862.47,19963.61,19328.75,20234.87,20588.84,20830.04,21195.6
2022-07-10,20862.47,-0.03436315139820555,0.910353523239331,19315.83,21038.07,20574.0,26574.53,19963.61,19328.75,20234.87,20588.84,20830.04,21195.6,20798.16
2022-07-11,19963.61,-0.04404073474684607,0.9167247147035817,20236.71,20742.56,20573.89,22487.41,19328.75,20234.87,20588.84,20830.04,21195.6,20798.16,22432.58
2022-07-12,19328.75,-0.032317491445751946,0.8979832149227915,20175.83,20281.29,20723.52,22136.41,20234.87,20588.84,20830.04,21195.6,20798.16,22432.58,23396.62
2022-07-13,20234.87,0.045813728987704215,0.7208550085551058,20564.51,20123.01,19987.99,22583.72,20588.84,20830.04,21195.6,20798.16,22432.58,23396.62,23223.3
2022-07-14,20588.84,0.017341827629275455,0.7230299688534897,21624.98,19942.21,21110.13,20401.31,20830.04,21195.6,20798.16,22432.58,23396.62,23223.3,23152.19
2022-07-15,20830.04,0.011646994153803221,0.7203504765104998,21594.75,19279.8,21237.69,20468.81,21195.6,20798.16,22432.58,23396.62,23223.3,23152.19,22684.83
2022-07-16,21195.6,0.01739743738897494,0.6283664991577227,21591.83,19252.81,21491.19,18970.79,20798.16,22432.58,23396.62,23223.3,23152.19,22684.83,22451.07
2022-07-17,20798.16,-0.018929091711402925,0.6322357466391533,20862.47,19315.83,21038.07,20574.0,22432.58,23396.62,23223.3,23152.19,22684.83,22451.07,22579.68
2022-07-18,22432.58,0.07564984518217717,0.62239082455969,19963.61,20236.71,20742.56,20573.89,23396.62,23223.3,23152.19,22684.83,22451.07,22579.68,21310.9
2022-07-19,23396.62,0.04207720104807247,0.575906015560745,19328.75,20175.83,20281.29,20723.52,23223.3,23152.19,22684.83,22451.07,22579.68,21310.9,21254.67
2022-07-20,23223.3,-0.007435482451242203,0.577184501933103,20234.87,20564.51,20123.01,19987.99,23152.19,22684.83,22451.07,22579.68,21310.9,21254.67,22952.45
2022-07-21,23152.19,-0.003066708544995841,0.5775837713200674,20588.84,21624.98,19942.21,21110.13,22684.83,22451.07,22579.68,21310.9,21254.67,22952.45,23842.93
2022-07-22,22684.83,-0.02039295734074819,0.5664207560195605,20830.04,21594.75,19279.8,21237.69,22451.07,22579.68,21310.9,21254.67,22952.45,23842.93,23773.75
2022-07-23,22451.07,-0.010358144626696868,0.5382946884624311,21195.6,21591.83,19252.81,21491.19,22579.68,21310.9,21254.67,22952.45,23842.93,23773.75,23643.51
2022-07-24,22579.68,0.005712112265188854,0.5382667891160615,20798.16,20862.47,19315.83,21038.07,21310.9,21254.67,22952.45,23842.93,23773.75,23643.51,23293.32
2022-07-25,21310.9,-0.05783170787580325,0.5758463895734841,22432.58,19963.61,20236.71,20742.56,21254.67,22952.45,23842.93,23773.75,23643.51,23293.32,23268.01
2022-07-26,21254.67,-0.002642042980227913,0.5709267772329633,23396.62,19328.75,20175.83,20281.29,22952.45,23842.93,23773.75,23643.51,23293.32,23268.01,22987.79
2022-07-27,22952.45,0.07684804868982513,0.6273056038930991,23223.3,20234.87,20564.51,20123.01,23842.93,23773.75,23643.51,23293.32,23268.01,22987.79,22818.37
2022-07-28,23842.93,0.03806305270838894,0.6314268100304428,23152.19,20588.84,21624.98,19942.21,23773.75,23643.51,23293.32,23268.01,22987.79,22818.37,22622.98
2022-07-29,23773.75,-0.0029057065160629104,0.6303603229432426,22684.83,20830.04,21594.75,19279.8,23643.51,23293.32,23268.01,22987.79,22818.37,22622.98,23312.42
2022-07-30,23643.51,-0.0054933721401181045,0.629451664890246,22451.07,21195.6,21591.83,19252.81,23293.32,23268.01,22987.79,22818.37,22622.98,23312.42,22954.21
2022-07-31,23293.32,-0.014922034485878831,0.6179046465589153,22579.68,20798.16,20862.47,19315.83,23268.01,22987.79,22818.37,22622.98,23312.42,22954.21,23174.39
2022-08-01,23268.01,-0.001087168364516185,0.6178563796218264,21310.9,22432.58,19963.61,20236.71,22987.79,22818.37,22622.98,23312.42,22954.21,23174.39,23810.0
2022-08-02,22987.79,-0.012116250420426194,0.6211325715433703,21254.67,23396.62,19328.75,20175.83,22818.37,22622.98,23312.42,22954.21,23174.39,23810.0,23149.95
2022-08-03,22818.37,-0.007397292091435454,0.6048581407410568,22952.45,23223.3,20234.87,20564.51,22622.98,23312.42,22954.21,23174.39,23810.0,23149.95,23954.05
2022-08-04,22622.98,-0.008599709479179367,0.6059865365307054,23842.93,23152.19,20588.84,21624.98,23312.42,22954.21,23174.39,23810.0,23149.95,23954.05,23934.39
2022-08-05,23312.42,0.030020061930577643,0.6106380494373252,23773.75,22684.83,20830.04,21594.75,22954.21,23174.39,23810.0,23149.95,23954.05,23934.39,24403.68
2022-08-06,22954.21,-0.01548490381388308,0.5909157137535457,23643.51,22451.07,21195.6,21591.83,23174.39,23810.0,23149.95,23954.05,23934.39,24403.68,24441.38
2022-08-07,23174.39,0.009546427689530375,0.5913591783951472,23293.32,22579.68,20798.16,20862.47,23810.0,23149.95,23954.05,23934.39,24403.68,24441.38,24305.24
2022-08-08,23810.0,0.02705787086036656,0.5974940111276342,23268.01,21310.9,22432.58,19963.61,23149.95,23954.05,23934.39,24403.68,24441.38,24305.24,24094.82
2022-08-09,23149.95,-0.028113039796074532,0.5929208669170634,22987.79,21254.67,23396.62,19328.75,23954.05,23934.39,24403.68,24441.38,24305.24,24094.82,23854.74
2022-08-10,23954.05,0.03414479115449657,0.5765646844416817,22818.37,22952.45,23223.3,20234.87,23934.39,24403.68,24441.38,24305.24,24094.82,23854.74,23342.66
2022-08-11,23934.39,-0.0008210750278983731,0.5604087396491659,22622.98,23842.93,23152.19,20588.84,24403.68,24441.38,24305.24,24094.82,23854.74,23342.66,23191.2
2022-08-12,24403.68,0.01941760376984897,0.544818918691141,23312.42,23773.75,22684.83,20830.04,24441.38,24305.24,24094.82,23854.74,23342.66,23191.2,20834.39
2022-08-13,24441.38,0.0015436569219570487,0.5435540101831386,22954.21,23643.51,22451.07,21195.6,24305.24,24094.82,23854.74,23342.66,23191.2,20834.39,21140.07
2022-08-14,24305.24,-0.005585632561017508,0.5445107253405959,23174.39,23293.32,22579.68,20798.16,24094.82,23854.74,23342.66,23191.2,20834.39,21140.07,21515.61
2022-08-15,24094.82,-0.008695085325241067,0.5447260823570725,23810.0,23268.01,21310.9,22432.58,23854.74,23342.66,23191.2,20834.39,21140.07,21515.61,21399.83
2022-08-16,23854.74,-0.01001393990872997,0.540820204252393,23149.95,22987.79,21254.67,23396.62,23342.66,23191.2,20834.39,21140.07,21515.61,21399.83,21529.12
2022-08-17,23342.66,-0.021700351923622782,0.4833303985665868,23954.05,22818.37,22952.45,23223.3,23191.2,20834.39,21140.07,21515.61,21399.83,21529.12,21368.08
2022-08-18,23191.2,-0.0065096914314182845,0.46096501457326483,23934.39,22622.98,23842.93,23152.19,20834.39,21140.07,21515.61,21399.83,21529.12,21368.08,21559.04
2022-08-19,20834.39,-0.10716790958304105,0.5928187190293601,24403.68,23312.42,23773.75,22684.83,21140.07,21515.61,21399.83,21529.12,21368.08,21559.04,20241.05
2022-08-20,21140.07,0.014565304906857087,0.5962057972233981,24441.38,22954.21,23643.51,22451.07,21515.61,21399.83,21529.12,21368.08,21559.04,20241.05,20037.6
2022-08-21,21515.61,0.017608426506096567,0.5970115039568138,24305.24,23174.39,23293.32,22579.68,21399.83,21529.12,21368.08,21559.04,20241.05,20037.6,19555.61
2022-08-22,21399.83,-0.005395740129964921,0.5963629703802849,24094.82,23810.0,23268.01,21310.9,21529.12,21368.08,21559.04,20241.05,20037.6,19555.61,20285.73
2022-08-23,21529.12,0.00602345926973469,0.596411995005212,23854.74,23149.95,22987.79,21254.67,21368.08,21559.04,20241.05,20037.6,19555.61,20285.73,19811.66
2022-08-24,21368.08,-0.007508217623966096,0.5614903967085073,23342.66,23954.05,22818.37,22952.45,21559.04,20241.05,20037.6,19555.61,20285.73,19811.66,20050.02
2022-08-25,21559.04,0.008896998430986994,0.5622260085465925,23191.2,23934.39,22622.98,23842.93,20241.05,20037.6,19555.61,20285.73,19811.66,20050.02,20131.46
2022-08-26,20241.05,-0.06308249760374372,0.5341431288489058,20834.39,24403.68,23312.42,23773.75,20037.6,19555.61,20285.73,19811.66,20050.02,20131.46,19951.86
2022-08-27,20037.6,-0.010102211978267828,0.5121568499493765,21140.07,24441.38,22954.21,23643.51,19555.61,20285.73,19811.66,20050.02,20131.46,19951.86,19831.9
2022-08-28,19555.61,-0.024348306776797283,0.5160801006841614,21515.61,24305.24,23174.39,23293.32,20285.73,19811.66,20050.02,20131.46,19951.86,19831.9,20000.3
2022-08-29,20285.73,0.03665548140456874,0.5376173358938434,21399.83,24094.82,23810.0,23268.01,19811.66,20050.02,20131.46,19951.86,19831.9,20000.3,19796.84
2022-08-30,19811.66,-0.023647029931174457,0.5404762231754927,21529.12,23854.74,23149.95,22987.79,20050.02,20131.46,19951.86,19831.9,20000.3,19796.84,18790.61
2022-08-31,20050.02,0.011959497995954903,0.5436917946377194,21368.08,23342.66,23954.05,22818.37,20131.46,19951.86,19831.9,20000.3,19796.84,18790.61,19292.84
2022-09-01,20131.46,0.004053614327647557,0.5439391025138497,21559.04,23191.2,23934.39,22622.98,19951.86,19831.9,20000.3,19796.84,18790.61,19292.84,19319.77
2022-09-02,19951.86,-0.008961393513317224,0.5440741036338319,20241.05,20834.39,24403.68,23312.42,19831.9,20000.3,19796.84,18790.61,19292.84,19319.77,21360.11
2022-09-03,19831.9,-0.006030619708257377,0.5439027240941916,20037.6,21140.07,24441.38,22954.21,20000.3,19796.84,18790.61,19292.84,19319.77,21360.11,21648.34
2022-09-04,20000.3,0.008455521077103931,0.5317984829140565,19555.61,21515.61,24305.24,23174.39,19796.84,18790.61,19292.84,19319.77,21360.11,21648.34,21826.87
2022-09-05,19796.84,-0.010224944437388826,0.5308222642570157,20285.73,21399.83,24094.82,23810.0,18790.61,19292.84,19319.77,21360.11,21648.34,21826.87,22395.74
2022-09-06,18790.61,-0.052165052029039496,0.5528241222441446,19811.66,21529.12,23854.74,23149.95,19292.84,19319.77,21360.11,21648.34,21826.87,22395.74,20173.57
2022-09-07,19292.84,0.02637676564806005,0.5523010110990936,20050.02,21368.08,23342.66,23954.05,19319.77,21360.11,21648.34,21826.87,22395.74,20173.57,20226.71
2022-09-08,19319.77,0.0013948813284810479,0.547683188048188,20131.46,21559.04,23191.2,23934.39,21360.11,21648.34,21826.87,22395.74,20173.57,20226.71,19701.88
2022-09-09,21360.11,0.10039623993986292,0.6483496806947567,19951.86,20241.05,20834.39,24403.68,21648.34,21826.87,22395.74,20173.57,20226.71,19701.88,19803.3
2022-09-10,21648.34,0.013403613252505489,0.6510707362753977,19831.9,20037.6,21140.07,24441.38,21826.87,22395.74,20173.57,20226.71,19701.88,19803.3,20113.62
2022-09-11,21826.87,0.008213002469083833,0.6473021477798131,20000.3,19555.61,21515.61,24305.24,22395.74,20173.57,20226.71,19701.88,19803.3,20113.62,19416.18
2022-09-12,22395.74,0.02572898259027063,0.6552259837343404,19796.84,20285.73,21399.83,24094.82,20173.57,20226.71,19701.88,19803.3,20113.62,19416.18,19537.02
2022-09-13,20173.57,-0.10449743036114226,0.7449880930478712,18790.61,19811.66,21529.12,23854.74,20226.71,19701.88,19803.3,20113.62,19416.18,19537.02,18875.0
2022-09-14,20226.71,0.002630676354029713,0.7455599234325877,19292.84,20050.02,21368.08,23342.66,19701.88,19803.3,20113.62,19416.18,19537.02,18875.0,18461.36
2022-09-15,19701.88,-0.026289945533484776,0.7488628509543703,19319.77,20131.46,21559.04,23191.2,19803.3,20113.62,19416.18,19537.02,18875.0,18461.36,19401.63
2022-09-16,19803.3,0.00513452781707948,0.7478001651799261,21360.11,19951.86,20241.05,20834.39,20113.62,19416.18,19537.02,18875.0,18461.36,19401.63,19289.91
2022-09-17,20113.62,0.0155486070502051,0.7513680099176625,21648.34,19831.9,20037.6,21140.07,19416.18,19537.02,18875.0,18461.36,19401.63,19289.91,18920.5
2022-09-18,19416.18,-0.03529045844411419,0.6649031348149986,21826.87,20000.3,19555.61,21515.61,19537.02,18875.0,18461.36,19401.63,19289.91,18920.5,18807.38
2022-09-19,19537.02,0.006204388221696427,0.6628624521840066,22395.74,19796.84,20285.73,21399.83,18875.0,18461.36,19401.63,19289.91,18920.5,18807.38,19227.82
2022-09-20,18875.0,-0.03447283217250921,0.6677253789596684,20173.57,18790.61,19811.66,21529.12,18461.36,19401.63,19289.91,18920.5,18807.38,19227.82,19079.13
2022-09-21,18461.36,-0.022158395968022992,0.6706048870903859,20226.71,19292.84,20050.02,21368.08,19401.63,19289.91,18920.5,18807.38,19227.82,19079.13,19412.82
2022-09-22,19401.63,0.049677183991239306,0.696365927764644,19701.88,19319.77,20131.46,21559.04,19289.91,18920.5,18807.38,19227.82,19079.13,19412.82,19591.51
2022-09-23,19289.91,-0.005774921881411174,0.6962656043129343,19803.3,21360.11,19951.86,20241.05,18920.5,18807.38,19227.82,19079.13,19412.82,19591.51,19422.61
2022-09-24,18920.5,-0.019336170941039267,0.6969483900542188,20113.62,21648.34,19831.9,20037.6,18807.38,19227.82,19079.13,19412.82,19591.51,19422.61,19310.95
2022-09-25,18807.38,-0.0059966443373075,0.6640708907851203,19416.18,21826.87,20000.3,19555.61,19227.82,19079.13,19412.82,19591.51,19422.61,19310.95,19056.8
2022-09-26,19227.82,0.02210884264131569,0.6688856889628833,19537.02,22395.74,19796.84,20285.73,19079.13,19412.82,19591.51,19422.61,19310.95,19056.8,19629.08
2022-09-27,19079.13,-0.00776312114359553,0.6642015176563209,18875.0,20173.57,18790.61,19811.66,19412.82,19591.51,19422.61,19310.95,19056.8,19629.08,20337.82
2022-09-28,19412.82,0.01733860506675769,0.6538194825802461,18461.36,20226.71,19292.84,20050.02,19591.51,19422.61,19310.95,19056.8,19629.08,20337.82,20158.26
2022-09-29,19591.51,0.009162636565833372,0.6498137039102906,19401.63,19701.88,19319.77,20131.46,19422.61,19310.95,19056.8,19629.08,20337.82,20158.26,19960.67
2022-09-30,19422.61,-0.008658457767896248,0.648867906117851,19289.91,19803.3,21360.11,19951.86,19310.95,19056.8,19629.08,20337.82,20158.26,19960.67,19530.09
2022-10-01,19310.95,-0.00576555882359139,0.6487979212099598,18920.5,20113.62,21648.34,19831.9,19056.8,19629.08,20337.82,20158.26,19960.67,19530.09,19417.96
2022-10-02,19056.8,-0.013248299277497894,0.649599643708129,18807.38,19416.18,21826.87,20000.3,19629.08,20337.82,20158.26,19960.67,19530.09,19417.96,19439.02
2022-10-03,19629.08,0.029588146889959064,0.658316150762142,19227.82,19537.02,22395.74,19796.84,20337.82,20158.26,19960.67,19530.09,19417.96,19439.02,19131.87
2022-10-04,20337.82,0.0354700667521785,0.669508894570559,19079.13,18875.0,20173.57,18790.61,20158.26,19960.67,19530.09,19417.96,19439.02,19131.87,19060.0
2022-10-05,20158.26,-0.008868076947532767,0.6692505265882761,19412.82,18461.36,20226.71,19292.84,19960.67,19530.09,19417.96,19439.02,19131.87,19060.0,19155.53
2022-10-06,19960.67,-0.009850292500254246,0.6430197742485634,19591.51,19401.63,19701.88,19319.77,19530.09,19417.96,19439.02,19131.87,19060.0,19155.53,19375.13
2022-10-07,19530.09,-0.02180748428132239,0.6420058933615654,19422.61,19289.91,19803.3,21360.11,19417.96,19439.02,19131.87,19060.0,19155.53,19375.13,19176.93
2022-10-08,19417.96,-0.005757942171450429,0.6423521237859258,19310.95,18920.5,20113.62,21648.34,19439.02,19131.87,19060.0,19155.53,19375.13,19176.93,19069.39
2022-10-09,19439.02,0.001083975237505919,0.5310876709403355,19056.8,18807.38,19416.18,21826.87,19131.87,19060.0,19155.53,19375.13,19176.93,19069.39,19262.98
2022-10-10,19131.87,-0.015926855342589977,0.5294386636741201,19629.08,19227.82,19537.02,22395.74,19060.0,19155.53,19375.13,19176.93,19069.39,19262.98,19549.86
2022-10-11,19060.0,-0.003763632670309744,0.527572353247332,20337.82,19079.13,18875.0,20173.57,19155.53,19375.13,19176.93,19069.39,19262.98,19549.86,19327.44
2022-10-12,19155.53,0.00499954855969873,0.5174720985786406,20158.26,19412.82,18461.36,20226.71,19375.13,19176.93,19069.39,19262.98,19549.86,19327.44,19123.97
2022-10-13,19375.13,0.011398838108565434,0.37621445926706387,19960.67,19591.51,19401.63,19701.88,19176.93,19069.39,19262.98,19549.86,19327.44,19123.97,19041.92
2022-10-14,19176.93,-0.010282290815579725,0.3771914539602736,19530.09,19422.61,19289.91,19803.3,19069.39,19262.98,19549.86,19327.44,19123.97,19041.92,19164.37
2022-10-15,19069.39,-0.0056235623928088925,0.36703860078293316,19417.96,19310.95,18920.5,20113.62,19262.98,19549.86,19327.44,19123.97,19041.92,19164.37,19204.35
2022-10-16,19262.98,0.010100687533673864,0.36850404914873863,19439.02,19056.8,18807.38,19416.18,19549.86,19327.44,19123.97,19041.92,19164.37,19204.35,19570.4
2022-10-17,19549.86,0.014783006060808625,0.3680827916231719,19131.87,19629.08,19227.82,19537.02,19327.44,19123.97,19041.92,19164.37,19204.35,19570.4,19329.72
2022-10-18,19327.44,-0.011442277457683746,0.3489813806570303,19060.0,20337.82,19079.13,18875.0,19123.97,19041.92,19164.37,19204.35,19570.4,19329.72,20080.07
2022-10-19,19123.97,-0.010583325769578811,0.35004354050928005,19155.53,20158.26,19412.82,18461.36,19041.92,19164.37,19204.35,19570.4,19329.72,20080.07,20771.59
2022-10-20,19041.92,-0.004299657437842867,0.32858037117678607,19375.13,19960.67,19591.51,19401.63,19164.37,19204.35,19570.4,19329.72,20080.07,20771.59,20295.11
2022-10-21,19164.37,0.006409961253210738,0.3189811515367998,19176.93,19530.09,19422.61,19289.91,19204.35,19570.4,19329.72,20080.07,20771.59,20295.11,20591.84
2022-10-22,19204.35,0.0020839900038091583,0.2669930249389007,19069.39,19417.96,19310.95,18920.5,19570.4,19329.72,20080.07,20771.59,20295.11,20591.84,20809.67
2022-10-23,19570.4,0.018881404774908718,0.2744248455010819,19262.98,19439.02,19056.8,18807.38,19329.72,20080.07,20771.59,20295.11,20591.84,20809.67,20627.48
2022-10-24,19329.72,-0.012374412787988572,0.2691203924538336,19549.86,19131.87,19629.08,19227.82,20080.07,20771.59,20295.11,20591.84,20809.67,20627.48,20490.74
2022-10-25,20080.07,0.03808397301398036,0.29769351842257313,19327.44,19060.0,20337.82,19079.13,20771.59,20295.11,20591.84,20809.67,20627.48,20490.74,20483.62
2022-10-26,20771.59,0.033858406805051616,0.31015245511327477,19123.97,19155.53,20158.26,19412.82,20295.11,20591.84,20809.67,20627.48,20490.74,20483.62,20151.84
2022-10-27,20295.11,-0.023206217347907374,0.32111480885701754,19041.92,19375.13,19960.67,19591.51,20591.84,20809.67,20627.48,20490.74,20483.62,20151.84,20207.82
2022-10-28,20591.84,0.014514910485440964,0.3195711210852767,19164.37,19176.93,19530.09,19422.61,20809.67,20627.48,20490.74,20483.62,20151.84,20207.82,21148.52
2022-10-29,20809.67,0.01052290170330112,0.31999165033441523,19204.35,19069.39,19417.96,19310.95,20627.48,20490.74,20483.62,20151.84,20207.82,21148.52,21299.37
2022-10-30,20627.48,-0.008793615102669194,0.32004871127461637,19570.4,19262.98,19439.02,19056.8,20490.74,20483.62,20151.84,20207.82,21148.52,21299.37,20905.58
2022-10-31,20490.74,-0.006651090639639452,0.32033413584165,19329.72,19549.86,19131.87,19629.08,20483.62,20151.84,20207.82,21148.52,21299.37,20905.58,20591.13
2022-11-01,20483.62,-0.00034753441282134187,0.31574457733959166,20080.07,19327.44,19060.0,20337.82,20151.84,20207.82,21148.52,21299.37,20905.58,20591.13,18547.23
2022-11-02,20151.84,-0.016329943003790245,0.3064792434925322,20771.59,19123.97,19155.53,20158.26,20207.82,21148.52,21299.37,20905.58,20591.13,18547.23,15922.81
2022-11-03,20207.82,0.002774058844848819,0.28011413410584574,20295.11,19041.92,19375.13,19960.67,21148.52,21299.37,20905.58,20591.13,18547.23,15922.81,17601.15
2022-11-04,21148.52,0.04550026847944526,0.3202864759602458,20591.84,19164.37,19176.93,19530.09,21299.37,20905.58,20591.13,18547.23,15922.81,17601.15,17070.31
2022-11-05,21299.37,0.007107568128679593,0.3181116512317041,20809.67,19204.35,19069.39,19417.96,20905.58,20591.13,18547.23,15922.81,17601.15,17070.31,16812.08
2022-11-06,20905.58,-0.018661385830795497,0.3153046862398631,20627.48,19570.4,19262.98,19439.02,20591.13,18547.23,15922.81,17601.15,17070.31,16812.08,16329.85
2022-11-07,20591.13,-0.015155708438383623,0.3199849831359131,20490.74,19329.72,19549.86,19131.87,18547.23,15922.81,17601.15,17070.31,16812.08,16329.85,16619.46
2022-11-08,18547.23,-0.10453994878635704,0.49035059166756856,20483.62,20080.07,19327.44,19060.0,15922.81,17601.15,17070.31,16812.08,16329.85,16619.46,16900.57
2022-11-09,15922.81,-0.15256777937932994,0.7190283775023663,20151.84,20771.59,19123.97,19155.53,17601.15,17070.31,16812.08,16329.85,16619.46,16900.57,16662.76
2022-11-10,17601.15,0.10021156844027021,0.8091361502681731,20207.82,20295.11,19041.92,19375.13,17070.31,16812.08,16329.85,16619.46,16900.57,16662.76,16692.56
2022-11-11,17070.31,-0.030623543661599414,0.8144185372907752,21148.52,20591.84,19164.37,19176.93,16812.08,16329.85,16619.46,16900.57,16662.76,16692.56,16700.45
2022-11-12,16812.08,-0.015243021519595541,0.8134447790901035,21299.37,20809.67,19204.35,19069.39,16329.85,16619.46,16900.57,16662.76,16692.56,16700.45,16700.68
2022-11-13,16329.85,-0.02910295424526251,0.8176995975386613,20905.58,20627.48,19570.4,19262.98,16619.46,16900.57,16662.76,16692.56,16700.45,16700.68,16280.23
2022-11-14,16619.46,0.017579576532614275,0.8216004873700685,20591.13,20490.74,19329.72,19549.86,16900.57,16662.76,16692.56,16700.45,16700.68,16280.23,15781.29
2022-11-15,16900.57,0.01677305124617919,0.8234290520215566,18547.23,20483.62,20080.07,19327.44,16662.76,16692.56,16700.45,16700.68,16280.23,15781.29,16226.94
2022-11-16,16662.76,-0.014171059886846265,0.8211467617810447,15922.81,20151.84,20771.59,19123.97,16692.56,16700.45,16700.68,16280.23,15781.29,16226.94,16603.11
2022-11-17,16692.56,0.0017868218880000477,0.8212031668446754,17601.15,20207.82,20295.11,19041.92,16700.45,16700.68,16280.23,15781.29,16226.94,16603.11,16598.95
2022-11-18,16700.45,0.00047255399539148176,0.8211431416110249,17070.31,21148.52,20591.84,19164.37,16700.68,16280.23,15781.29,16226.94,16603.11,16598.95,16522.14
2022-11-19,16700.68,1.377198915139681e-05,0.8212953278797687,16812.08,21299.37,20809.67,19204.35,16280.23,15781.29,16226.94,16603.11,16598.95,16522.14,16458.57
2022-11-20,16280.23,-0.025497948917879515,0.823560636158672,16329.85,20905.58,20627.48,19570.4,15781.29,16226.94,16603.11,16598.95,16522.14,16458.57,16428.78
2022-11-21,15781.29,-0.031126427112839597,0.8278791707577797,16619.46,20591.13,20490.74,19329.72,16226.94,16603.11,16598.95,16522.14,16458.57,16428.78,16212.91
2022-11-22,16226.94,0.02784776288354211,0.8319258641144577,16900.57,18547.23,20483.62,20080.07,16603.11,16598.95,16522.14,16458.57,16428.78,16212.91,16442.53
2022-11-23,16603.11,0.02291720320295262,0.8377403236861493,16662.76,15922.81,20151.84,20771.59,16598.95,16522.14,16458.57,16428.78,16212.91,16442.53,17163.64
2022-11-24,16598.95,-0.00025058686248794284,0.8234362666511097,16692.56,17601.15,20207.82,20295.11,16522.14,16458.57,16428.78,16212.91,16442.53,17163.64,16977.37
2022-11-25,16522.14,-0.004638140695062483,0.8106279674815029,16700.45,17070.31,21148.52,20591.84,16458.57,16428.78,16212.91,16442.53,17163.64,16977.37,17092.74
2022-11-26,16458.57,-0.003854985458206651,0.8087558756828196,16700.68,16812.08,21299.37,20809.67,16428.78,16212.91,16442.53,17163.64,16977.37,17092.74,16885.2
2022-11-27,16428.78,-0.0018116393171025897,0.8052908707845305,16280.23,16329.85,20905.58,20627.48,16212.91,16442.53,17163.64,16977.37,17092.74,16885.2,17105.7
2022-11-28,16212.91,-0.013226836427965193,0.802847478515048,15781.29,16619.46,20591.13,20490.74,16442.53,17163.64,16977.37,17092.74,16885.2,17105.7,16966.35
2022-11-29,16442.53,0.014063432280211978,0.8066276535247223,16226.94,16900.57,18547.23,20483.62,17163.64,16977.37,17092.74,16885.2,17105.7,16966.35,17088.96
2022-11-30,17163.64,0.04292192204564575,0.8256390244323616,16603.11,16662.76,15922.81,20151.84,16977.37,17092.74,16885.2,17105.7,16966.35,17088.96,16836.64
2022-12-01,16977.37,-0.010911911994265286,0.8255661729524701,16598.95,16692.56,17601.15,20207.82,17092.74,16885.2,17105.7,16966.35,17088.96,16836.64,17224.1
2022-12-02,17092.74,0.006772531170246441,0.8259515396490368,16522.14,16700.45,17070.31,21148.52,16885.2,17105.7,16966.35,17088.96,16836.64,17224.1,17128.56
2022-12-03,16885.2,-0.012216313353321956,0.8257192460137299,16458.57,16700.68,16812.08,21299.37,17105.7,16966.35,17088.96,16836.64,17224.1,17128.56,17127.49
2022-12-04,17105.7,0.012974242698661298,0.8077918405090229,16428.78,16280.23,16329.85,20905.58,16966.35,17088.96,16836.64,17224.1,17128.56,17127.49,17085.05
2022-12-05,16966.35,-0.008179770631694087,0.806172744351214,16212.91,15781.29,16619.46,20591.13,17088.96,16836.64,17224.1,17128.56,17127.49,17085.05,17209.83
2022-12-06,17088.96,0.007200670308000258,0.8067459390266374,16442.53,16226.94,16900.57,18547.23,16836.64,17224.1,17128.56,17127.49,17085.05,17209.83,17774.7
2022-12-07,16836.64,-0.014875177009226765,0.8067096092695366,17163.64,16603.11,16662.76,15922.81,17224.1,17128.56,17127.49,17085.05,17209.83,17774.7,17803.15
2022-12-08,17224.1,0.022752101931693153,0.7310601966499202,16977.37,16598.95,16692.56,17601.15,17128.56,17127.49,17085.05,17209.83,17774.7,17803.15,17356.34
2022-12-09,17128.56,-0.005562320142259912,0.4918667285772507,17092.74,16522.14,16700.45,17070.31,17127.49,17085.05,17209.83,17774.7,17803.15,17356.34,16632.12
2022-12-10,17127.49,-6.247071687181942e-05,0.3427257142234346,16885.2,16458.57,16700.68,16812.08,17085.05,17209.83,17774.7,17803.15,17356.34,16632.12,16776.52
2022-12-11,17085.05,-0.0024809629316508166,0.3256484594425962,17105.7,16428.78,16280.23,16329.85,17209.83,17774.7,17803.15,17356.34,16632.12,16776.52,16738.21
2022-12-12,17209.83,0.007276920090016073,0.3218072775211622,16966.35,16212.91,15781.29,16619.46,17774.7,17803.15,17356.34,16632.12,16776.52,16738.21,16438.88
2022-12-13,17774.7,0.032295365713004065,0.3213109323304281,17088.96,16442.53,16226.94,16900.57,17803.15,17356.34,16632.12,16776.52,16738.21,16438.88,16895.56
2022-12-14,17803.15,0.0015993100237424041,0.31687997844968346,16836.64,17163.64,16603.11,16662.76,17356.34,16632.12,16776.52,16738.21,16438.88,16895.56,16824.67
2022-12-15,17356.34,-0.025417550422032496,0.32663767037826585,17224.1,16977.37,16598.95,16692.56,16632.12,16776.52,16738.21,16438.88,16895.56,16824.67,16821.43
2022-12-16,16632.12,-0.042622091974556034,0.35682618101439856,17128.56,17092.74,16522.14,16700.45,16776.52,16738.21,16438.88,16895.56,16824.67,16821.43,16778.5
2022-12-17,16776.52,0.008644524244231441,0.35807281258664564,17127.49,16885.2,16458.57,16700.68,16738.21,16438.88,16895.56,16824.67,16821.43,16778.5,16836.12
2022-12-18,16738.21,-0.0022861599473239873,0.35817248839582944,17085.05,17105.7,16428.78,16280.23,16438.88,16895.56,16824.67,16821.43,16778.5,16836.12,16832.11
2022-12-19,16438.88,-0.018044869047170384,0.36370760140784275,17209.83,16966.35,16212.91,15781.29,16895.56,16824.67,16821.43,16778.5,16836.12,16832.11,16919.39
2022-12-20,16895.56,0.027401604731458414,0.36479854541857387,17774.7,17088.96,16442.53,16226.94,16824.67,16821.43,16778.5,16836.12,16832.11,16919.39,16706.36
2022-12-21,16824.67,-0.004204603849787203,0.34635841004125784,17803.15,16836.64,17163.64,16603.11,16821.43,16778.5,16836.12,16832.11,16919.39,16706.36,16547.31
2022-12-22,16821.43,-0.00019259290140687945,0.3337371238852359,17356.34,17224.1,16977.37,16598.95,16778.5,16836.12,16832.11,16919.39,16706.36,16547.31,16633.47
2022-12-23,16778.5,-0.002555363857047274,0.32457544500250324,16632.12,17128.56,17092.74,16522.14,16836.12,16832.11,16919.39,16706.36,16547.31,16633.47,16607.48
2022-12-24,16836.12,0.003428273556819251,0.3247433447483869,16776.52,17127.49,16885.2,16458.57,16832.11,16919.39,16706.36,16547.31,16633.47,16607.48,16542.4
2022-12-25,16832.11,-0.00023820676162420736,0.3242340138293896,16738.21,17085.05,17105.7,16428.78,16919.39,16706.36,16547.31,16633.47,16607.48,16542.4,16616.75
2022-12-26,16919.39,0.005171929813683699,0.3241949248968811,16438.88,17209.83,16966.35,16212.91,16706.36,16547.31,16633.47,16607.48,16542.4,16616.75,16672.87
2022-12-27,16706.36,-0.01267081627317635,0.3275421947288231,16895.56,17774.7,17088.96,16442.53,16547.31,16633.47,16607.48,16542.4,16616.75,16672.87,16675.18
2022-12-28,16547.31,-0.00956593439752758,0.3258474792528909,16824.67,17803.15,16836.64,17163.64,16633.47,16607.48,16542.4,16616.75,16672.87,16675.18,16850.36
2022-12-29,16633.47,0.005193379640446887,0.32271610184907246,16821.43,17356.34,17224.1,16977.37,16607.48,16542.4,16616.75,16672.87,16675.18,16850.36,16831.85
2022-12-30,16607.48,-0.0015637342071172207,0.2838832589129763,16778.5,16632.12,17128.56,17092.74,16542.4,16616.75,16672.87,16675.18,16850.36,16831.85,16950.65
2022-12-31,16542.4,-0.003926414431065476,0.281882435337862,16836.12,16776.52,17127.49,16885.2,16616.75,16672.87,16675.18,16850.36,16831.85,16950.65,16943.57
2023-01-01,16616.75,0.004484440922006132,0.2812143284931599,16832.11,16738.21,17085.05,17105.7,16672.87,16675.18,16850.36,16831.85,16950.65,16943.57,17127.83
2023-01-02,16672.87,0.00337162473850112,0.27859233812334255,16919.39,16438.88,17209.83,16966.35,16675.18,16850.36,16831.85,16950.65,16943.57,17127.83,17178.26
2023-01-03,16675.18,0.00013853883532594145,0.2743899952958665,16706.36,16895.56,17774.7,17088.96,16850.36,16831.85,16950.65,16943.57,17127.83,17178.26,17440.66
2023-01-04,16850.36,0.010450635209181243,0.27581735332209456,16547.31,16824.67,17803.15,16836.64,16831.85,16950.65,16943.57,17127.83,17178.26,17440.66,17943.26
2023-01-05,16831.85,-0.0010990966366733739,0.27451985697025777,16633.47,16821.43,17356.34,17224.1,16950.65,16943.57,17127.83,17178.26,17440.66,17943.26,18846.62
2023-01-06,16950.65,0.007033256255153627,0.27069558203215477,16607.48,16778.5,16632.12,17128.56,16943.57,17127.83,17178.26,17440.66,17943.26,18846.62,19930.01
2023-01-07,16943.57,-0.0004177703515806188,0.25820325238713576,16542.4,16836.12,16776.52,17127.49,17127.83,17178.26,17440.66,17943.26,18846.62,19930.01,20954.92
2023-01-08,17127.83,0.010816215147354305,0.26050932158091317,16616.75,16832.11,16738.21,17085.05,17178.26,17440.66,17943.26,18846.62,19930.01,20954.92,20871.5
2023-01-09,17178.26,0.0029400048985379155,0.2607108998270909,16672.87,16919.39,16438.88,17209.83,17440.66,17943.26,18846.62,19930.01,20954.92,20871.5,21185.65
2023-01-10,17440.66,0.015159630933365425,0.2657269769701263,16675.18,16706.36,16895.56,17774.7,17943.26,18846.62,19930.01,20954.92,20871.5,21185.65,21134.81
2023-01-11,17943.26,0.02841029515457346,0.282047087645253,16850.36,16547.31,16824.67,17803.15,18846.62,19930.01,20954.92,20871.5,21185.65,21134.81,20677.47
2023-01-12,18846.62,0.04911903051513352,0.3099707503488875,16831.85,16633.47,16821.43,17356.34,19930.01,20954.92,20871.5,21185.65,21134.81,20677.47,21071.59
2023-01-13,19930.01,0.055893048509553726,0.3625809973194806,16950.65,16607.48,16778.5,16632.12,20954.92,20871.5,21185.65,21134.81,20677.47,21071.59,22667.21
2023-01-14,20954.92,0.050146827684418194,0.381357280697636,16943.57,16542.4,16836.12,16776.52,20871.5,21185.65,21134.81,20677.47,21071.59,22667.21,22783.55
2023-01-15,20871.5,-0.003988871656173911,0.3406392053159478,17127.83,16616.75,16832.11,16738.21,21185.65,21134.81,20677.47,21071.59,22667.21,22783.55,22707.88
2023-01-16,21185.65,0.014939473685250641,0.34159585429225886,17178.26,16672.87,16919.39,16438.88,21134.81,20677.47,21071.59,22667.21,22783.55,22707.88,22916.45
2023-01-17,21134.81,-0.0024026215431750143,0.3416392795716006,17440.66,16675.18,16706.36,16895.56,20677.47,21071.59,22667.21,22783.55,22707.88,22916.45,22632.89
2023-01-18,20677.47,-0.021876742420547574,0.3455235024305888,17943.26,16850.36,16547.31,16824.67,21071.59,22667.21,22783.55,22707.88,22916.45,22632.89,23060.94
2023-01-19,21071.59,0.018880985981668756,0.3406356422905265,18846.62,16831.85,16633.47,16821.43,22667.21,22783.55,22707.88,22916.45,22632.89,23060.94,23009.65
2023-01-20,22667.21,0.0729936990967774,0.4075081258205179,19930.01,16950.65,16607.48,16778.5,22783.55,22707.88,22916.45,22632.89,23060.94,23009.65,23074.16
2023-01-21,22783.55,0.0051193975233281225,0.40626575285548294,20954.92,16943.57,16542.4,16836.12,22707.88,22916.45,22632.89,23060.94,23009.65,23074.16,23022.6
2023-01-22,22707.88,-0.0033267835189935463,0.40657729840951473,20871.5,17127.83,16616.75,16832.11,22916.45,22632.89,23060.94,23009.65,23074.16,23022.6,23742.3
2023-01-23,22916.45,0.009142992475145141,0.40588735067894954,21185.65,17178.26,16672.87,16919.39,22632.89,23060.94,23009.65,23074.16,23022.6,23742.3,22826.15
2023-01-24,22632.89,-0.012450835212587299,0.4120582078275462,21134.81,17440.66,16675.18,16706.36,23060.94,23009.65,23074.16,23022.6,23742.3,22826.15,23125.13
2023-01-25,23060.94,0.018736119160646474,0.4128270501068819,20677.47,17943.26,16850.36,16547.31,23009.65,23074.16,23022.6,23742.3,22826.15,23125.13,23732.66
2023-01-26,23009.65,-0.0022265840828143047,0.40707272171164877,21071.59,18846.62,16831.85,16633.47,23074.16,23022.6,23742.3,22826.15,23125.13,23732.66,23488.94
2023-01-27,23074.16,0.0027996835390564157,0.4015836743602909,22667.21,19930.01,16950.65,16607.48,23022.6,23742.3,22826.15,23125.13,23732.66,23488.94,23431.9
2023-01-28,23022.6,-0.002237034511835935,0.4037855669933136,22783.55,20954.92,16943.57,16542.4,23742.3,22826.15,23125.13,23732.66,23488.94,23431.9,23326.84
2023-01-29,23742.3,0.03078192520585222,0.40703381420443097,22707.88,20871.5,17127.83,16616.75,22826.15,23125.13,23732.66,23488.94,23431.9,23326.84,22932.91
2023-01-30,22826.15,-0.0393514588233174,0.441667156558489,22916.45,21185.65,17178.26,16672.87,23125.13,23732.66,23488.94,23431.9,23326.84,22932.91,22762.52
2023-01-31,23125.13,0.013013096440887308,0.44115013735448305,22632.89,21134.81,17440.66,16675.18,23732.66,23488.94,23431.9,23326.84,22932.91,22762.52,23240.46
2023-02-01,23732.66,0.025932253556535844,0.4432428590464566,23060.94,20677.47,17943.26,16850.36,23488.94,23431.9,23326.84,22932.91,22762.52,23240.46,22963.0
2023-02-02,23488.94,-0.010322486493569127,0.4481721792048918,23009.65,21071.59,18846.62,16831.85,23431.9,23326.84,22932.91,22762.52,23240.46,22963.0,21796.35
2023-02-03,23431.9,-0.002431330219096245,0.4507679289375819,23074.16,22667.21,19930.01,16950.65,23326.84,22932.91,22762.52,23240.46,22963.0,21796.35,21625.19
2023-02-04,23326.84,-0.004493712909870792,0.45206749930574,23022.6,22783.55,20954.92,16943.57,22932.91,22762.52,23240.46,22963.0,21796.35,21625.19,21862.55
2023-02-05,22932.91,-0.017031632139821246,0.46232006012041044,23742.3,22707.88,20871.5,17127.83,22762.52,23240.46,22963.0,21796.35,21625.19,21862.55,21783.54
2023-02-06,22762.52,-0.007457673107036351,0.46497565320956036,22826.15,22916.45,21185.65,17178.26,23240.46,22963.0,21796.35,21625.19,21862.55,21783.54,21773.97
2023-02-07,23240.46,0.020779401555923737,0.46653476884411055,23125.13,22632.89,21134.81,17440.66,22963.0,21796.35,21625.19,21862.55,21783.54,21773.97,22199.84
2023-02-08,22963.0,-0.01201050031064175,0.47233062950044336,23732.66,23060.94,20677.47,17943.26,21796.35,21625.19,21862.55,21783.54,21773.97,22199.84,24324.05
2023-02-09,21796.35,-0.052141700352517424,0.5185677022327576,23488.94,23009.65,21071.59,18846.62,21625.19,21862.55,21783.54,21773.97,22199.84,24324.05,23517.72
2023-02-10,21625.19,-0.007883685677702989,0.5155312396510244,23431.9,23074.16,22667.21,19930.01,21862.55,21783.54,21773.97,22199.84,24324.05,23517.72,24569.97
2023-02-11,21862.55,0.010916288456747329,0.4922158439236996,23326.84,23022.6,22783.55,20954.92,21783.54,21773.97,22199.84,24324.05,23517.72,24569.97,24631.95
2023-02-12,21783.54,-0.0036204886304742638,0.4572181225379821,22932.91,23742.3,22707.88,20871.5,21773.97,22199.84,24324.05,23517.72,24569.97,24631.95,24271.76
2023-02-13,21773.97,-0.00043941906477148134,0.4243834287605185,22762.52,22826.15,22916.45,21185.65,22199.84,24324.05,23517.72,24569.97,24631.95,24271.76,24842.2
2023-02-14,22199.84,0.01936986197704005,0.4285357230226694,23240.46,23125.13,22632.89,21134.81,24324.05,23517.72,24569.97,24631.95,24271.76,24842.2,24452.16
2023-02-15,24324.05,0.09138049119365944,0.5287008763125508,22963.0,23732.66,23060.94,20677.47,23517.72,24569.97,24631.95,24271.76,24842.2,24452.16,24182.21
2023-02-16,23517.72,-0.033711393282664585,0.5449527182489862,21796.35,23488.94,23009.65,21071.59,24569.97,24631.95,24271.76,24842.2,24452.16,24182.21,23940.2
2023-02-17,24569.97,0.043770785975072134,0.5544102412105877,21625.19,23431.9,23074.16,22667.21,24631.95,24271.76,24842.2,24452.16,24182.21,23940.2,23185.29
2023-02-18,24631.95,0.002519415209186526,0.5524665985507967,21862.55,23326.84,23022.6,22783.55,24271.76,24842.2,24452.16,24182.21,23940.2,23185.29,23157.07
2023-02-19,24271.76,-0.014730846119734737,0.4991524503030684,21783.54,22932.91,23742.3,22707.88,24842.2,24452.16,24182.21,23940.2,23185.29,23157.07,23554.85
2023-02-20,24842.2,0.023230285350592204,0.5044189156911005,21773.97,22762.52,22826.15,22916.45,24452.16,24182.21,23940.2,23185.29,23157.07,23554.85,23492.09
2023-02-21,24452.16,-0.015825264394064464,0.5082252284747641,22199.84,23240.46,23125.13,22632.89,24182.21,23940.2,23185.29,23157.07,23554.85,23492.09,23141.57
2023-02-22,24182.21,-0.011101316717520895,0.509781365946722,24324.05,22963.0,23732.66,23060.94,23940.2,23185.29,23157.07,23554.85,23492.09,23141.57,23628.97
2023-02-23,23940.2,-0.01005818454576867,0.5090077202220049,23517.72,21796.35,23488.94,23009.65,23185.29,23157.07,23554.85,23492.09,23141.57,23628.97,23465.32
2023-02-24,23185.29,-0.032041028461487375,0.5185583376515099,24569.97,21625.19,23431.9,23074.16,23157.07,23554.85,23492.09,23141.57,23628.97,23465.32,22354.34
2023-02-25,23157.07,-0.0012178923770018468,0.5185113705552118,24631.95,21862.55,23326.84,23022.6,23554.85,23492.09,23141.57,23628.97,23465.32,22354.34,22346.57
2023-02-26,23554.85,0.01703161058168721,0.5217711177027412,24271.76,21783.54,22932.91,23742.3,23492.09,23141.57,23628.97,23465.32,22354.34,22346.57,22430.24
2023-02-27,23492.09,-0.0026679753126395687,0.5218036806752374,24842.2,21773.97,22762.52,22826.15,23141.57,23628.97,23465.32,22354.34,22346.57,22430.24,22410.0
2023-02-28,23141.57,-0.015033201397948169,0.5129261048799688,24452.16,22199.84,23240.46,23125.13,23628.97,23465.32,22354.34,22346.57,22430.24,22410.0,22197.96
2023-03-01,23628.97,0.020842934243896633,0.4988436955115225,24182.21,24324.05,22963.0,23732.66,23465.32,22354.34,22346.57,22430.24,22410.0,22197.96,21705.44
2023-03-02,23465.32,-0.006949915104728103,0.4977282613112192,23940.2,23517.72,21796.35,23488.94,22354.34,22346.57,22430.24,22410.0,22197.96,21705.44,20362.22
2023-03-03,22354.34,-0.048503100831987105,0.5171718382957172,23185.29,24569.97,21625.19,23431.9,22346.57,22430.24,22410.0,22197.96,21705.44,20362.22,20150.69
2023-03-04,22346.57,-0.00034764393289772876,0.5163198174338185,23157.07,24631.95,21862.55,23326.84,22430.24,22410.0,22197.96,21705.44,20362.22,20150.69,20455.73
2023-03-05,22430.24,0.003737206709584325,0.5166523300928387,23554.85,24271.76,21783.54,22932.91,22410.0,22197.96,21705.44,20362.22,20150.69,20455.73,21997.11
2023-03-06,22410.0,-0.000902760617454153,0.5165384359409243,23492.09,24842.2,21773.97,22762.52,22197.96,21705.44,20362.22,20150.69,20455.73,21997.11,24113.48
2023-03-07,22197.96,-0.009506895048812334,0.5143228184773828,23141.57,24452.16,22199.84,23240.46,21705.44,20362.22,20150.69,20455.73,21997.11,24113.48,24670.41
2023-03-08,21705.44,-0.022437472391169118,0.5192887464130053,23628.97,24182.21,24324.05,22963.0,20362.22,20150.69,20455.73,21997.11,24113.48,24670.41,24285.66
2023-03-09,20362.22,-0.06388169730657518,0.5560610733574898,23465.32,23940.2,23517.72,21796.35,20150.69,20455.73,21997.11,24113.48,24670.41,24285.66,24998.78
2023-03-10,20150.69,-0.010442692083692516,0.5558180923455521,22354.34,23185.29,24569.97,21625.19,20455.73,21997.11,24113.48,24670.41,24285.66,24998.78,27395.13
2023-03-11,20455.73,0.015024507857790617,0.5320021727726716,22346.57,23157.07,24631.95,21862.55,21997.11,24113.48,24670.41,24285.66,24998.78,27395.13,26907.49
2023-03-12,21997.11,0.07264804225261712,0.591810235913377,22430.24,23554.85,24271.76,21783.54,24113.48,24670.41,24285.66,24998.78,27395.13,26907.49,27972.87
2023-03-13,24113.48,0.0918599391330703,0.6715937185463763,22410.0,23492.09,24842.2,21773.97,24670.41,24285.66,24998.78,27395.13,26907.49,27972.87,27717.01
2023-03-14,24670.41,0.022833529552860565,0.6745119679288195,22197.96,23141.57,24452.16,22199.84,24285.66,24998.78,27395.13,26907.49,27972.87,27717.01,28105.47
2023-03-15,24285.66,-0.015718497080592527,0.6779168135584885,21705.44,23628.97,24182.21,24324.05,24998.78,27395.13,26907.49,27972.87,27717.01,28105.47,27250.97
2023-03-16,24998.78,0.028940970979109415,0.6815245736073259,20362.22,23465.32,23940.2,23517.72,27395.13,26907.49,27972.87,27717.01,28105.47,27250.97,28295.41
2023-03-17,27395.13,0.0915382366931726,0.6817794270959858,20150.69,22354.34,23185.29,24569.97,26907.49,27972.87,27717.01,28105.47,27250.97,28295.41,27454.47
2023-03-18,26907.49,-0.017960573857961144,0.6729814945867298,20455.73,22346.57,23157.07,24631.95,27972.87,27717.01,28105.47,27250.97,28295.41,27454.47,27462.95
2023-03-19,27972.87,0.03883042537639571,0.6695639257648716,21997.11,22430.24,23554.85,24271.76,27717.01,28105.47,27250.97,28295.41,27454.47,27462.95,27968.05
2023-03-20,27717.01,-0.009188807742989342,0.6712044737987752,24113.48,22410.0,23492.09,24842.2,28105.47,27250.97,28295.41,27454.47,27462.95,27968.05,27124.91
2023-03-21,28105.47,0.013917915171174959,0.6686115302951395,24670.41,22197.96,23141.57,24452.16,27250.97,28295.41,27454.47,27462.95,27968.05,27124.91,27261.07
2023-03-22,27250.97,-0.030875102511240874,0.6765182631907228,24285.66,21705.44,23628.97,24182.21,28295.41,27454.47,27462.95,27968.05,27124.91,27261.07,28348.6
2023-03-23,28295.41,0.037610483876124916,0.6833602955674143,24998.78,20362.22,23465.32,23940.2,27454.47,27462.95,27968.05,27124.91,27261.07,28348.6,28028.53
2023-03-24,27454.47,-0.030170604453767236,0.6921489729701096,27395.13,20150.69,22354.34,23185.29,27462.95,27968.05,27124.91,27261.07,28348.6,28028.53,28465.36
2023-03-25,27462.95,0.00030882732901125104,0.6903977308928976,26907.49,20455.73,22346.57,23157.07,27968.05,27124.91,27261.07,28348.6,28028.53,28465.36,28452.73
2023-03-26,27968.05,0.01822496367160109,0.6790125956403468,27972.87,21997.11,22430.24,23554.85,27124.91,27261.07,28348.6,28028.53,28465.36,28452.73,28171.87
2023-03-27,27124.91,-0.030610293346195108,0.6907209857886095,27717.01,24113.48,22410.0,23492.09,27261.07,28348.6,28028.53,28465.36,28452.73,28171.87,27800.0
2023-03-28,27261.07,0.005007183266062188,0.6894164915653088,28105.47,24670.41,22197.96,23141.57,28348.6,28028.53,28465.36,28452.73,28171.87,27800.0,28165.47
2023-03-29,28348.6,0.039117969089514086,0.6990057721778341,27250.97,24285.66,21705.44,23628.97,28028.53,28465.36,28452.73,28171.87,27800.0,28165.47,28170.01
2023-03-30,28028.53,-0.011354726247076305,0.6977117456543063,28295.41,24998.78,20362.22,23465.32,28465.36,28452.73,28171.87,27800.0,28165.47,28170.01,28033.82
2023-03-31,28465.36,0.01546498944228887,0.6965604811081791,27454.47,27395.13,20150.69,22354.34,28452.73,28171.87,27800.0,28165.47,28170.01,28033.82,27906.33
2023-04-01,28452.73,-0.00044379564413691034,0.6953824268416365,27462.95,26907.49,20455.73,22346.57,28171.87,27800.0,28165.47,28170.01,28033.82,27906.33,27938.38
2023-04-02,28171.87,-0.009920151427765776,0.6695684512988802,27968.05,27972.87,21997.11,22430.24,27800.0,28165.47,28170.01,28033.82,27906.33,27938.38,28323.76
2023-04-03,27800.0,-0.01328794166506373,0.6730408293879699,27124.91,27717.01,24113.48,22410.0,28165.47,28170.01,28033.82,27906.33,27938.38,28323.76,29637.34
2023-04-04,28165.47,0.01306073888880465,0.6732090272789009,27261.07,28105.47,24670.41,22197.96,28170.01,28033.82,27906.33,27938.38,28323.76,29637.34,30200.42
2023-04-05,28170.01,0.00016117729039769833,0.6730503148798023,28348.6,27250.97,24285.66,21705.44,28033.82,27906.33,27938.38,28323.76,29637.34,30200.42,29888.07
2023-04-06,28033.82,-0.0048462984303144436,0.6717522685395138,28028.53,28295.41,24998.78,20362.22,27906.33,27938.38,28323.76,29637.34,30200.42,29888.07,30373.84
2023-04-07,27906.33,-0.004558093631494347,0.6644850605582554,28465.36,27454.47,27395.13,20150.69,27938.38,28323.76,29637.34,30200.42,29888.07,30373.84,30466.93
2023-04-08,27938.38,0.0011478259451552448,0.6121343371132668,28452.73,27462.95,26907.49,20455.73,28323.76,29637.34,30200.42,29888.07,30373.84,30466.93,30295.09
2023-04-09,28323.76,0.013699657615021985,0.6074913698145974,28171.87,27968.05,27972.87,21997.11,29637.34,30200.42,29888.07,30373.84,30466.93,30295.09,30304.65
2023-04-10,29637.34,0.04533402443678367,0.6188920317241081,27800.0,27124.91,27717.01,24113.48,30200.42,29888.07,30373.84,30466.93,30295.09,30304.65,29430.27
2023-04-11,30200.42,0.018820778757940998,0.5801633001481737,28165.47,27261.07,28105.47,24670.41,29888.07,30373.84,30466.93,30295.09,30304.65,29430.27,30380.01
2023-04-12,29888.07,-0.010396427448109471,0.5045311839119898,28170.01,28348.6,27250.97,24285.66,30373.84,30466.93,30295.09,30304.65,29430.27,30380.01,28797.1
2023-04-13,30373.84,0.01612230751029388,0.5024452511334615,28033.82,28028.53,28295.41,24998.78,30466.93,30295.09,30304.65,29430.27,30380.01,28797.1,28243.65
2023-04-14,30466.93,0.003060121449609667,0.4960185575489935,27906.33,28465.36,27454.47,27395.13,30295.09,30304.65,29430.27,30380.01,28797.1,28243.65,27262.84
2023-04-15,30295.09,-0.005656179900882534,0.49191017342776555,27938.38,28452.73,27462.95,26907.49,30304.65,29430.27,30380.01,28797.1,28243.65,27262.84,27816.85
2023-04-16,30304.65,0.00031551290745832457,0.38435804982314986,28323.76,28171.87,27968.05,27972.87,29430.27,30380.01,28797.1,28243.65,27262.84,27816.85,27590.6
2023-04-17,29430.27,-0.029277429572032238,0.39416271722027424,29637.34,27800.0,27124.91,27717.01,30380.01,28797.1,28243.65,27262.84,27816.85,27590.6,27510.93
2023-04-18,30380.01,0.031761089816271876,0.3867737307640343,30200.42,28165.47,27261.07,28105.47,28797.1,28243.65,27262.84,27816.85,27590.6,27510.93,28300.79
2023-04-19,28797.1,-0.053510138704066394,0.4322216524479555,29888.07,28170.01,28348.6,27250.97,28243.65,27262.84,27816.85,27590.6,27510.93,28300.79,28415.29
2023-04-20,28243.65,-0.01940603406257386,0.4355690805117911,30373.84,28033.82,28028.53,28295.41,27262.84,27816.85,27590.6,27510.93,28300.79,28415.29,29472.77
2023-04-21,27262.84,-0.03534405077145466,0.4398352777585572,30466.93,27906.33,28465.36,27454.47,27816.85,27590.6,27510.93,28300.79,28415.29,29472.77,29311.7
2023-04-22,27816.85,0.02011734939753183,0.42499766548316326,30295.09,27938.38,28452.73,27462.95,27590.6,27510.93,28300.79,28415.29,29472.77,29311.7,29230.45
2023-04-23,27590.6,-0.008166817188415205,0.41245302212070667,30304.65,28323.76,28171.87,27968.05,27510.93,28300.79,28415.29,29472.77,29311.7,29230.45,29233.21
2023-04-24,27510.93,-0.002891754748673293,0.41259002585558424,29430.27,29637.34,27800.0,27124.91,28300.79,28415.29,29472.77,29311.7,29230.45,29233.21,28068.26
2023-04-25,28300.79,0.028306339200071688,0.4196156668389174,30380.01,30200.42,28165.47,27261.07,28415.29,29472.77,29311.7,29230.45,29233.21,28068.26,28669.86
2023-04-26,28415.29,0.004037661120266265,0.40452670966939525,28797.1,29888.07,28170.01,28348.6,29472.77,29311.7,29230.45,29233.21,28068.26,28669.86,29026.16
2023-04-27,29472.77,0.0365394056503652,0.4224733381564874,28243.65,30373.84,28033.82,28028.53,29311.7,29230.45,29233.21,28068.26,28669.86,29026.16,28838.16
2023-04-28,29311.7,-0.005480032501360423,0.40210291754253624,27262.84,30466.93,27906.33,28465.36,29230.45,29233.21,28068.26,28669.86,29026.16,28838.16,29505.61
2023-04-29,29230.45,-0.0027757795765594477,0.3998620070914321,27816.85,30295.09,27938.38,28452.73,29233.21,28068.26,28669.86,29026.16,28838.16,29505.61,28848.2
2023-04-30,29233.21,9.441762633578723e-05,0.3966383154248844,27590.6,30304.65,28323.76,28171.87,28068.26,28669.86,29026.16,28838.16,29505.61,28848.2,28430.1
2023-05-01,28068.26,-0.040665991207925405,0.4223187900548286,27510.93,29430.27,29637.34,27800.0,28669.86,29026.16,28838.16,29505.61,28848.2,28430.1,27668.79
2023-05-02,28669.86,0.021206996165195773,0.42746213448380405,28300.79,30380.01,30200.42,28165.47,29026.16,28838.16,29505.61,28848.2,28430.1,27668.79,27628.27
2023-05-03,29026.16,0.012351095602062214,0.42634352919852847,28415.29,28797.1,29888.07,28170.01,28838.16,29505.61,28848.2,28430.1,27668.79,27628.27,27598.75
2023-05-04,28838.16,-0.006497982228264741,0.4250895147552293,29472.77,28243.65,30373.84,28033.82,29505.61,28848.2,28430.1,27668.79,27628.27,27598.75,26968.62
2023-05-05,29505.61,0.02288090465334252,0.43199951665852726,29311.7,27262.84,30466.93,27906.33,28848.2,28430.1,27668.79,27628.27,27598.75,26968.62,26795.01
2023-05-06,28848.2,-0.02253281543081646,0.4396300136117545,29230.45,27816.85,30295.09,27938.38,28430.1,27668.79,27628.27,27598.75,26968.62,26795.01,26775.28
2023-05-07,28430.1,-0.01459915625864984,0.4425998045618422,29233.21,27590.6,30304.65,28323.76,27668.79,27628.27,27598.75,26968.62,26795.01,26775.28,26917.62
2023-05-08,27668.79,-0.027143379896367045,0.4530526206843521,28068.26,27510.93,29430.27,29637.34,27628.27,27598.75,26968.62,26795.01,26775.28,26917.62,27162.14
2023-05-09,27628.27,-0.0014655392981985705,0.45022400175705957,28669.86,28300.79,30380.01,30200.42,27598.75,26968.62,26795.01,26775.28,26917.62,27162.14,27033.84
2023-05-10,27598.75,-0.0010690420309266652,0.41830349709443987,29026.16,28415.29,28797.1,29888.07,26968.62,26795.01,26775.28,26917.62,27162.14,27033.84,27405.61
2023-05-11,26968.62,-0.0230965139643067,0.41712100593033796,28838.16,29472.77,28243.65,30373.84,26795.01,26775.28,26917.62,27162.14,27033.84,27405.61,26821.28
2023-05-12,26795.01,-0.00645829172740886,0.41655972241371464,29505.61,29311.7,27262.84,30466.93,26775.28,26917.62,27162.14,27033.84,27405.61,26821.28,26880.26
2023-05-13,26775.28,-0.0007366023552270455,0.4106004274751699,28848.2,29230.45,27816.85,30295.09,26917.62,27162.14,27033.84,27405.61,26821.28,26880.26,27102.43
2023-05-14,26917.62,0.005302016968638717,0.41117365196726896,28430.1,29233.21,27590.6,30304.65,27162.14,27033.84,27405.61,26821.28,26880.26,27102.43,26747.78
2023-05-15,27162.14,0.0090430011641092,0.41367545518472415,27668.79,28068.26,27510.93,29430.27,27033.84,27405.61,26821.28,26880.26,27102.43,26747.78,26849.27
2023-05-16,27033.84,-0.004734677357132959,0.41344286477239933,27628.27,28669.86,28300.79,30380.01,27405.61,26821.28,26880.26,27102.43,26747.78,26849.27,27219.61
2023-05-17,27405.61,0.013658322391184448,0.4072293040079329,27598.75,29026.16,28415.29,28797.1,26821.28,26880.26,27102.43,26747.78,26849.27,27219.61,26329.01
2023-05-18,26821.28,-0.021552134669642054,0.39319773177728623,26968.62,28838.16,29472.77,28243.65,26880.26,27102.43,26747.78,26849.27,27219.61,26329.01,26473.79
2023-05-19,26880.26,0.002196585934586688,0.3509249595706758,26795.01,29505.61,29311.7,27262.84,27102.43,26747.78,26849.27,27219.61,26329.01,26473.79,26705.92
2023-05-20,27102.43,0.008231203535191795,0.3471859860669973,26775.28,28848.2,29230.45,27816.85,26747.78,26849.27,27219.61,26329.01,26473.79,26705.92,26854.27
2023-05-21,26747.78,-0.013171912518513606,0.3279636881696079,26917.62,28430.1,29233.21,27590.6,26849.27,27219.61,26329.01,26473.79,26705.92,26854.27,28065.0
2023-05-22,26849.27,0.0037871532594394926,0.3198026512821509,27162.14,27668.79,28068.26,27510.93,27219.61,26329.01,26473.79,26705.92,26854.27,28065.0,27736.4
2023-05-23,27219.61,0.01369903691712277,0.3228702700078168,27033.84,27628.27,28669.86,28300.79,26329.01,26473.79,26705.92,26854.27,28065.0,27736.4,27694.4
2023-05-24,26329.01,-0.03326629631528951,0.3425439321527763,27405.61,27598.75,29026.16,28415.29,26473.79,26705.92,26854.27,28065.0,27736.4,27694.4,27210.35
2023-05-25,26473.79,0.005483813844004058,0.32645171140350937,26821.28,26968.62,28838.16,29472.77,26705.92,26854.27,28065.0,27736.4,27694.4,27210.35,26817.93
2023-05-26,26705.92,0.008730076726596555,0.3279913045915958,26880.26,26795.01,29505.61,29311.7,26854.27,28065.0,27736.4,27694.4,27210.35,26817.93,27242.59
2023-05-27,26854.27,0.005539576292267746,0.29856884516233095,27102.43,26775.28,28848.2,29230.45,28065.0,27736.4,27694.4,27210.35,26817.93,27242.59,27069.22
2023-05-28,28065.0,0.04409840842612671,0.3407062226947108,26747.78,26917.62,28430.1,29233.21,27736.4,27694.4,27210.35,26817.93,27242.59,27069.22,27115.21
2023-05-29,27736.4,-0.011777618425209708,0.34258915278043184,26849.27,27162.14,27668.79,28068.26,27694.4,27210.35,26817.93,27242.59,27069.22,27115.21,25728.2
2023-05-30,27694.4,-0.0015154032789555,0.34252614956568306,27219.61,27033.84,27628.27,28669.86,27210.35,26817.93,27242.59,27069.22,27115.21,25728.2,27230.08
2023-05-31,27210.35,-0.017632811059524262,0.3181915070911945,26329.01,27405.61,27598.75,29026.16,26817.93,27242.59,27069.22,27115.21,25728.2,27230.08,26339.34
2023-06-01,26817.93,-0.014526721963616974,0.3110866633450963,26473.79,26821.28,26968.62,28838.16,27242.59,27069.22,27115.21,25728.2,27230.08,26339.34,26498.61
2023-06-02,27242.59,0.015710863858149307,0.3132811413211423,26705.92,26880.26,26795.01,29505.61,27069.22,27115.21,25728.2,27230.08,26339.34,26498.61,26477.81
2023-06-03,27069.22,-0.0063842684993772065,0.3132613629523573,26854.27,27102.43,26775.28,28848.2,27115.21,25728.2,27230.08,26339.34,26498.61,26477.81,25841.21
2023-06-04,27115.21,0.0016975360281114345,0.30044332153849473,28065.0,26747.78,26917.62,28430.1,25728.2,27230.08,26339.34,26498.61,26477.81,25841.21,25925.55
2023-06-05,25728.2,-0.05250715845555731,0.3406966221195297,27736.4,26849.27,27162.14,27668.79,27230.08,26339.34,26498.61,26477.81,25841.21,25925.55,25905.19
2023-06-06,27230.08,0.05673457801927024,0.3982717656432368,27694.4,27219.61,27033.84,27628.27,26339.34,26498.61,26477.81,25841.21,25925.55,25905.19,25934.25
2023-06-07,26339.34,-0.03325860556385626,0.4037727232389819,27210.35,26329.01,27405.61,27598.75,26498.61,26477.81,25841.21,25925.55,25905.19,25934.25,25128.6
2023-06-08,26498.61,0.00602863973269374,0.40465898855100035,26817.93,26473.79,26821.28,26968.62,26477.81,25841.21,25925.55,25905.19,25934.25,25128.6,25598.49
2023-06-09,26477.81,-0.0007852550651334101,0.40466304613149784,27242.59,26705.92,26880.26,26795.01,25841.21,25925.55,25905.19,25934.25,25128.6,25598.49,26345.0
2023-06-10,25841.21,-0.024336519277700846,0.4055227246208551,27069.22,26854.27,27102.43,26775.28,25925.55,25905.19,25934.25,25128.6,25598.49,26345.0,26516.99
2023-06-11,25925.55,0.003258464490493794,0.405420654220439,27115.21,28065.0,26747.78,26917.62,25905.19,25934.25,25128.6,25598.49,26345.0,26516.99,26339.97
2023-06-12,25905.19,-0.0007856342026842933,0.4054201378102002,25728.2,27736.4,26849.27,27162.14,25934.25,25128.6,25598.49,26345.0,26516.99,26339.97,26844.35
2023-06-13,25934.25,0.0011211542039807445,0.4048509203622226,27230.08,27694.4,27219.61,27033.84,25128.6,25598.49,26345.0,26516.99,26339.97,26844.35,28307.99
2023-06-14,25128.6,-0.03155784923802867,0.4164734585046544,26339.34,27210.35,26329.01,27405.61,25598.49,26345.0,26516.99,26339.97,26844.35,28307.99,29993.89
2023-06-15,25598.49,0.018526725673652867,0.42282375071228034,26498.61,26817.93,26473.79,26821.28,26345.0,26516.99,26339.97,26844.35,28307.99,29993.89,29884.92
2023-06-16,26345.0,0.028745138290379006,0.4329282551769395,26477.81,27242.59,26705.92,26880.26,26516.99,26339.97,26844.35,28307.99,29993.89,29884.92,30688.5
2023-06-17,26516.99,0.006507155969033793,0.4274488725140273,25841.21,27069.22,26854.27,27102.43,26339.97,26844.35,28307.99,29993.89,29884.92,30688.5,30527.43
2023-06-18,26339.97,-0.006698102267960423,0.4278996803921116,25925.55,27115.21,28065.0,26747.78,26844.35,28307.99,29993.89,29884.92,30688.5,30527.43,30462.66
2023-06-19,26844.35,0.0189678131440085,0.43232879377257816,25905.19,25728.2,27736.4,26849.27,28307.99,29993.89,29884.92,30688.5,30527.43,30462.66,30267.99
2023-06-20,28307.99,0.05308872645011515,0.4678542495744991,25934.25,27230.08,27694.4,27219.61,29993.89,29884.92,30688.5,30527.43,30462.66,30267.99,30692.44
2023-06-21,29993.89,0.057849597296170514,0.5069810990116611,25128.6,26339.34,27210.35,26329.01,29884.92,30688.5,30527.43,30462.66,30267.99,30692.44,30077.41
2023-06-22,29884.92,-0.0036396889082070654,0.5062803551175663,25598.49,26498.61,26817.93,26473.79,30688.5,30527.43,30462.66,30267.99,30692.44,30077.41,30447.31
2023-06-23,30688.5,0.026533986237444202,0.49504038673966616,26345.0,26477.81,27242.59,26705.92,30527.43,30462.66,30267.99,30692.44,30077.41,30447.31,30472.0
2023-06-24,30527.43,-0.005262367873937984,0.496354837861718,26516.99,25841.21,27069.22,26854.27,30462.66,30267.99,30692.44,30077.41,30447.31,30472.0,30585.9
2023-06-25,30462.66,-0.002123952410926466,0.49670289431989423,26339.97,25925.55,27115.21,28065.0,30267.99,30692.44,30077.41,30447.31,30472.0,30585.9,30617.03
2023-06-26,30267.99,-0.00641095284669021,0.49810108566320815,26844.35,25905.19,25728.2,27736.4,30692.44,30077.41,30447.31,30472.0,30585.9,30617.03,31156.2
2023-06-27,30692.44,0.013925651745678577,0.4782437872201588,28307.99,25934.25,27230.08,27694.4,30077.41,30447.31,30472.0,30585.9,30617.03,31156.2,30766.51
2023-06-28,30077.41,-0.020241978544881276,0.4824249669951442,29993.89,25128.6,26339.34,27210.35,30447.31,30472.0,30585.9,30617.03,31156.2,30766.51,30504.81
2023-06-29,30447.31,0.012223257058951633,0.48329302718132955,29884.92,25598.49,26498.61,26817.93,30472.0,30585.9,30617.03,31156.2,30766.51,30504.81,29895.43
2023-06-30,30472.0,0.0008105804662547625,0.47755406379697,30688.5,26345.0,26477.81,27242.59,30585.9,30617.03,31156.2,30766.51,30504.81,29895.43,30344.7
2023-07-01,30585.9,0.0037308892745919983,0.4729723785472629,30527.43,26516.99,25841.21,27069.22,30617.03,31156.2,30766.51,30504.81,29895.43,30344.7,30284.63
2023-07-02,30617.03,0.001017271646457164,0.4713168098365083,30462.66,26339.97,25925.55,27115.21,31156.2,30766.51,30504.81,29895.43,30344.7,30284.63,30160.71
2023-07-03,31156.2,0.01745687224902878,0.4721097135547496,30267.99,26844.35,25905.19,25728.2,30766.51,30504.81,29895.43,30344.7,30284.63,30160.71,30411.57
2023-07-04,30766.51,-0.012586501609656327,0.47586233972367725,30692.44,28307.99,25934.25,27230.08,30504.81,29895.43,30344.7,30284.63,30160.71,30411.57,30622.1
2023-07-05,30504.81,-0.008542384639438915,0.43265679795979745,30077.41,29993.89,25128.6,26339.34,29895.43,30344.7,30284.63,30160.71,30411.57,30622.1,30380.0
2023-07-06,29895.43,-0.02017875019166179,0.40039060220504025,30447.31,29884.92,25598.49,26498.61,30344.7,30284.63,30160.71,30411.57,30622.1,30380.0,31454.23
2023-07-07,30344.7,0.014916247025860701,0.3800558911306998,30472.0,30688.5,26345.0,26477.81,30284.63,30160.71,30411.57,30622.1,30380.0,31454.23,30312.01
2023-07-08,30284.63,-0.0019815498424806542,0.3807347929169495,30585.9,30527.43,26516.99,25841.21,30160.71,30411.57,30622.1,30380.0,31454.23,30312.01,30289.52
2023-07-09,30160.71,-0.004100239112277894,0.38148352389782036,30617.03,30462.66,26339.97,25925.55,30411.57,30622.1,30380.0,31454.23,30312.01,30289.52,30231.99
2023-07-10,30411.57,0.008283044133908972,0.3673253019341613,31156.2,30267.99,26844.35,25905.19,30622.1,30380.0,31454.23,30312.01,30289.52,30231.99,30138.0
2023-07-11,30622.1,0.006898842392956891,0.3672741018388436,30766.51,30692.44,28307.99,25934.25,30380.0,31454.23,30312.01,30289.52,30231.99,30138.0,29859.13
2023-07-12,30380.0,-0.007937473335964864,0.36966624481119376,30504.81,30077.41,29993.89,25128.6,31454.23,30312.01,30289.52,30231.99,30138.0,29859.13,29909.21
2023-07-13,31454.23,0.034748976139702924,0.3832291445119656,29895.43,30447.31,29884.92,25598.49,30312.01,30289.52,30231.99,30138.0,29859.13,29909.21,29800.0
2023-07-14,30312.01,-0.03698946968873567,0.3904072274768057,30344.7,30472.0,30688.5,26345.0,30289.52,30231.99,30138.0,29859.13,29909.21,29800.0,29901.72
2023-07-15,30289.52,-0.0007422255191403193,0.38856276504099174,30284.63,30585.9,30527.43,26516.99,30231.99,30138.0,29859.13,29909.21,29800.0,29901.72,29794.0
2023-07-16,30231.99,-0.0019011428276580337,0.3802100549706024,30160.71,30617.03,30462.66,26339.97,30138.0,29859.13,29909.21,29800.0,29901.72,29794.0,30083.75
2023-07-17,30138.0,-0.0031138012758330853,0.381078648316863,30411.57,31156.2,30267.99,26844.35,29859.13,29909.21,29800.0,29901.72,29794.0,30083.75,29176.5
2023-07-18,29859.13,-0.00929617827722886,0.382125840440337,30622.1,30766.51,30692.44,28307.99,29909.21,29800.0,29901.72,29794.0,30083.75,29176.5,29228.91
2023-07-19,29909.21,0.0016758040032582482,0.3784459516770566,30380.0,30504.81,30077.41,29993.89,29800.0,29901.72,29794.0,30083.75,29176.5,29228.91,29351.96
2023-07-20,29800.0,-0.00365806621063334,0.3342354748445279,31454.23,29895.43,30447.31,29884.92,29901.72,29794.0,30083.75,29176.5,29228.91,29351.96,29222.78
2023-07-21,29901.72,0.0034076103143899864,0.26616104097843724,30312.01,30344.7,30472.0,30688.5,29794.0,30083.75,29176.5,29228.91,29351.96,29222.78,29314.14
2023-07-22,29794.0,-0.0036089728683473903,0.2661559248629216,30289.52,30284.63,30585.9,30527.43,30083.75,29176.5,29228.91,29351.96,29222.78,29314.14,29352.9
2023-07-23,30083.75,0.009678127907075769,0.2509865217789445,30231.99,30160.71,30617.03,30462.66,29176.5,29228.91,29351.96,29222.78,29314.14,29352.9,29281.09
2023-07-24,29176.5,-0.030621568131757492,0.271577296535376,30138.0,30411.57,31156.2,30267.99,29228.91,29351.96,29222.78,29314.14,29352.9,29281.09,29232.25
2023-07-25,29228.91,0.0017946972401168204,0.27180943843961136,29859.13,30622.1,30766.51,30692.44,29351.96,29222.78,29314.14,29352.9,29281.09,29232.25,29705.99
2023-07-26,29351.96,0.004201036310069169,0.2718567493828574,29909.21,30380.0,30504.81,30077.41,29222.78,29314.14,29352.9,29281.09,29232.25,29705.99,29186.01
2023-07-27,29222.78,-0.004410782171051959,0.26663890728815864,29800.0,31454.23,29895.43,30447.31,29314.14,29352.9,29281.09,29232.25,29705.99,29186.01,29193.64
2023-07-28,29314.14,0.0031214513568593983,0.2584469122447904,29901.72,30312.01,30344.7,30472.0,29352.9,29281.09,29232.25,29705.99,29186.01,29193.64,29113.99
2023-07-29,29352.9,0.0013213554199944793,0.25426621036399516,29794.0,30289.52,30284.63,30585.9,29281.09,29232.25,29705.99,29186.01,29193.64,29113.99,29072.13
2023-07-30,29281.09,-0.002449433712539638,0.2541927570421056,30083.75,30231.99,30160.71,30617.03,29232.25,29705.99,29186.01,29193.64,29113.99,29072.13,29088.42
2023-07-31,29232.25,-0.0016693633056041337,0.25353689962241355,29176.5,30138.0,30411.57,31156.2,29705.99,29186.01,29193.64,29113.99,29072.13,29088.42,29211.06
2023-08-01,29705.99,0.016076157104390566,0.2607634588287526,29228.91,29859.13,30622.1,30766.51,29186.01,29193.64,29113.99,29072.13,29088.42,29211.06,29770.42
2023-08-02,29186.01,-0.017659224099430867,0.25822391137467654,29351.96,29909.21,30380.0,30504.81,29193.64,29113.99,29072.13,29088.42,29211.06,29770.42,29581.99
2023-08-03,29193.64,0.0002613924558795061,0.25558072288995887,29222.78,29800.0,31454.23,29895.43,29113.99,29072.13,29088.42,29211.06,29770.42,29581.99,29455.75
2023-08-04,29113.99,-0.002732062666357572,0.25443796897937276,29314.14,29901.72,30312.01,30344.7,29072.13,29088.42,29211.06,29770.42,29581.99,29455.75,29426.03
2023-08-05,29072.13,-0.0014388313646510047,0.24541048737312912,29352.9,29794.0,30289.52,30284.63,29088.42,29211.06,29770.42,29581.99,29455.75,29426.03,29430.17
2023-08-06,29088.42,0.0005601735343276643,0.23876147194622133,29281.09,30083.75,30231.99,30160.71,29211.06,29770.42,29581.99,29455.75,29426.03,29430.17,29303.84
2023-08-07,29211.06,0.004207247848642796,0.23954937623826597,29232.25,29176.5,30138.0,30411.57,29770.42,29581.99,29455.75,29426.03,29430.17,29303.84,29430.93
2023-08-08,29770.42,0.01896787840738051,0.2493510316478476,29705.99,29228.91,29859.13,30622.1,29581.99,29455.75,29426.03,29430.17,29303.84,29430.93,29200.0
2023-08-09,29581.99,-0.006349552885029144,0.24813323340902715,29186.01,29351.96,29909.21,30380.0,29455.75,29426.03,29430.17,29303.84,29430.93,29200.0,28730.51
2023-08-10,29455.75,-0.004276592986209428,0.2467580253814714,29193.64,29222.78,29800.0,31454.23,29426.03,29430.17,29303.84,29430.93,29200.0,28730.51,26623.41
2023-08-11,29426.03,-0.0010094804377126705,0.24559107948951367,29113.99,29314.14,29901.72,30312.01,29430.17,29303.84,29430.93,29200.0,28730.51,26623.41,26054.0
2023-08-12,29430.17,0.0001406818655240356,0.2090179530777553,29072.13,29352.9,29794.0,30289.52,29303.84,29430.93,29200.0,28730.51,26623.41,26054.0,26100.01
2023-08-13,29303.84,-0.004301773191170979,0.16756111784988056,29088.42,29281.09,30083.75,30231.99,29430.93,29200.0,28730.51,26623.41,26054.0,26100.01,26189.99
2023-08-14,29430.93,0.0043275966976988696,0.16863753940214443,29211.06,29232.25,29176.5,30138.0,29200.0,28730.51,26623.41,26054.0,26100.01,26189.99,26126.92
2023-08-15,29200.0,-0.0078774528796102,0.17033782358971636,29770.42,29705.99,29228.91,29859.13,28730.51,26623.41,26054.0,26100.01,26189.99,26126.92,26056.0
2023-08-16,28730.51,-0.016209084961303622,0.17817460967311438,29581.99,29186.01,29351.96,29909.21,26623.41,26054.0,26100.01,26189.99,26126.92,26056.0,26432.72
2023-08-17,26623.41,-0.07616872037641167,0.3148329122718621,29455.75,29193.64,29222.78,29800.0,26054.0,26100.01,26189.99,26126.92,26056.0,26432.72,26180.05
2023-08-18,26054.0,-0.021619596661148415,0.3201524942352886,29426.03,29113.99,29314.14,29901.72,26100.01,26189.99,26126.92,26056.0,26432.72,26180.05,26060.01
2023-08-19,26100.01,0.0017643901949644589,0.320911054513687,29430.17,29072.13,29352.9,29794.0,26189.99,26126.92,26056.0,26432.72,26180.05,26060.01,26017.37
2023-08-20,26189.99,0.003441579224086804,0.3209215034841667,29303.84,29088.42,29281.09,30083.75,26126.92,26056.0,26432.72,26180.05,26060.01,26017.37,26101.77
2023-08-21,26126.92,-0.0024110762869472635,0.3209867039544616,29430.93,29211.06,29232.25,29176.5,26056.0,26432.72,26180.05,26060.01,26017.37,26101.77,26120.0
2023-08-22,26056.0,-0.0027181324335439115,0.31704249942475,29200.0,29770.42,29705.99,29228.91,26432.72,26180.05,26060.01,26017.37,26101.77,26120.0,27716.34
2023-08-23,26432.72,0.01435456870308414,0.30965030006316996,28730.51,29581.99,29186.01,29351.96,26180.05,26060.01,26017.37,26101.77,26120.0,27716.34,27299.99
2023-08-24,26180.05,-0.009604966342235453,0.30984628810817993,26623.41,29455.75,29193.64,29222.78,26060.01,26017.37,26101.77,26120.0,27716.34,27299.99,25940.78
2023-08-25,26060.01,-0.004595714908301547,0.3085495736309296,26054.0,29426.03,29113.99,29314.14,26017.37,26101.77,26120.0,27716.34,27299.99,25940.78,25805.05
2023-08-26,26017.37,-0.0016375635459644805,0.30865078615046293,26100.01,29430.17,29072.13,29352.9,26101.77,26120.0,27716.34,27299.99,25940.78,25805.05,25869.51
2023-08-27,26101.77,0.00323873624067934,0.3086845065775983,26189.99,29303.84,29088.42,29281.09,26120.0,27716.34,27299.99,25940.78,25805.05,25869.51,25971.21
2023-08-28,26120.0,0.000698176287035663,0.30856025422352007,26126.92,29430.93,29211.06,29232.25,27716.34,27299.99,25940.78,25805.05,25869.51,25971.21,25826.02
2023-08-29,27716.34,0.059320826564098275,0.3793040582609476,26056.0,29200.0,29770.42,29705.99,27299.99,25940.78,25805.05,25869.51,25971.21,25826.02,25792.1
2023-08-30,27299.99,-0.0151357950818478,0.3821298909640714,26432.72,28730.51,29581.99,29186.01,25940.78,25805.05,25869.51,25971.21,25826.02,25792.1,25759.95
2023-08-31,25940.78,-0.05107008806335594,0.41213189841413245,26180.05,26623.41,29455.75,29193.64,25805.05,25869.51,25971.21,25826.02,25792.1,25759.95,26255.0
2023-09-01,25805.05,-0.005246038619321044,0.40941557644891735,26060.01,26054.0,29426.03,29113.99,25869.51,25971.21,25826.02,25792.1,25759.95,26255.0,25910.5
2023-09-02,25869.51,0.0024948459526167835,0.40978925386732273,26017.37,26100.01,29430.17,29072.13,25971.21,25826.02,25792.1,25759.95,26255.0,25910.5,25901.61
2023-09-03,25971.21,0.003923561650647033,0.4107110399176529,26101.77,26189.99,29303.84,29088.42,25826.02,25792.1,25759.95,26255.0,25910.5,25901.61,25841.61
2023-09-04,25826.02,-0.005606105973525642,0.4106657453883632,26120.0,26126.92,29430.93,29211.06,25792.1,25759.95,26255.0,25910.5,25901.61,25841.61,25162.52
2023-09-05,25792.1,-0.0013142673496244822,0.4104588343377344,27716.34,26056.0,29200.0,29770.42,25759.95,26255.0,25910.5,25901.61,25841.61,25162.52,25840.1
2023-09-06,25759.95,-0.0012472832474370724,0.4095244878528252,27299.99,26432.72,28730.51,29581.99,26255.0,25910.5,25901.61,25841.61,25162.52,25840.1,26222.0
2023-09-07,26255.0,0.019035486849342184,0.40957267353748855,25940.78,26180.05,26623.41,29455.75,25910.5,25901.61,25841.61,25162.52,25840.1,26222.0,26522.73
2023-09-08,25910.5,-0.01320815513349337,0.4107251861509649,25805.05,26060.01,26054.0,29426.03,25901.61,25841.61,25162.52,25840.1,26222.0,26522.73,26600.0
2023-09-09,25901.61,-0.0003431630206622342,0.41097122337085484,25869.51,26017.37,26100.01,29430.17,25841.61,25162.52,25840.1,26222.0,26522.73,26600.0,26559.67
2023-09-10,25841.61,-0.0023191454606873935,0.41086517514302534,25971.21,26101.77,26189.99,29303.84,25162.52,25840.1,26222.0,26522.73,26600.0,26559.67,26527.51
2023-09-11,25162.52,-0.02663039767580389,0.4177526915210167,25826.02,26120.0,26126.92,29430.93,25840.1,26222.0,26522.73,26600.0,26559.67,26527.51,26762.51
2023-09-12,25840.1,0.02657196307677719,0.43223803570040964,25792.1,27716.34,26056.0,29200.0,26222.0,26522.73,26600.0,26559.67,26527.51,26762.51,27210.26
2023-09-13,26222.0,0.014671204201257093,0.4362911651539972,25759.95,27299.99,26432.72,28730.51,26522.73,26600.0,26559.67,26527.51,26762.51,27210.26,27125.0
2023-09-14,26522.73,0.011403348118842957,0.43922360857029835,26255.0,25940.78,26180.05,26623.41,26600.0,26559.67,26527.51,26762.51,27210.26,27125.0,26568.08
2023-09-15,26600.0,0.0029091145916004006,0.437157176659915,25910.5,25805.05,26060.01,26054.0,26559.67,26527.51,26762.51,27210.26,27125.0,26568.08,26580.14
2023-09-16,26559.67,-0.0015173159554027868,0.34727867331065504,25901.61,25869.51,26017.37,26100.01,26527.51,26762.51,27210.26,27125.0,26568.08,26580.14,26575.96
2023-09-17,26527.51,-0.0012115920994153866,0.33853269490324095,25841.61,25971.21,26101.77,26189.99,26762.51,27210.26,27125.0,26568.08,26580.14,26575.96,26248.38
2023-09-18,26762.51,0.008819719840065637,0.3397303991622173,25162.52,25826.02,26120.0,26126.92,27210.26,27125.0,26568.08,26580.14,26575.96,26248.38,26304.81
2023-09-19,27210.26,0.01659208048714994,0.3440689906003797,25840.1,25792.1,27716.34,26056.0,27125.0,26568.08,26580.14,26575.96,26248.38,26304.81,26221.67
2023-09-20,27125.0,-0.003138296199427117,0.3441763519661151,26222.0,25759.95,27299.99,26432.72,26568.08,26580.14,26575.96,26248.38,26304.81,26221.67,26372.99
2023-09-21,26568.08,-0.020745316649489014,0.3524369583937559,26522.73,26255.0,25940.78,26180.05,26580.14,26575.96,26248.38,26304.81,26221.67,26372.99,27021.39
2023-09-22,26580.14,0.0004538251782273123,0.3489511523497827,26600.0,25910.5,25805.05,26060.01,26575.96,26248.38,26304.81,26221.67,26372.99,27021.39,26906.96
2023-09-23,26575.96,-0.0001572726369548166,0.3471664377529439,26559.67,25901.61,25869.51,26017.37,26248.38,26304.81,26221.67,26372.99,27021.39,26906.96,26962.56
2023-09-24,26248.38,-0.01240277490489352,0.3496678143410433,26527.51,25841.61,25971.21,26101.77,26304.81,26221.67,26372.99,27021.39,26906.96,26962.56,27992.57
2023-09-25,26304.81,0.002147539347757194,0.3496612508145886,26762.51,25162.52,25826.02,26120.0,26221.67,26372.99,27021.39,26906.96,26962.56,27992.57,27494.51
2023-09-26,26221.67,-0.0031656440496646743,0.3497126460172362,27210.26,25840.1,25792.1,27716.34,26372.99,27021.39,26906.96,26962.56,27992.57,27494.51,27426.46
2023-09-27,26372.99,0.005754212215801185,0.3502561532729618,27125.0,26222.0,25759.95,27299.99,27021.39,26906.96,26962.56,27992.57,27494.51,27426.46,27778.57
2023-09-28,27021.39,0.024288394222757907,0.29254468298869013,26568.08,26522.73,26255.0,25940.78,26906.96,26962.56,27992.57,27494.51,27426.46,27778.57,27410.39
2023-09-29,26906.96,-0.0042437853832940535,0.28828452407765937,26580.14,26600.0,25910.5,25805.05,26962.56,27992.57,27494.51,27426.46,27778.57,27410.39,27931.09
2023-09-30,26962.56,0.002064247824862265,0.22315217059564496,26575.96,26559.67,25901.61,25869.51,27992.57,27494.51,27426.46,27778.57,27410.39,27931.09,27956.67
2023-10-01,27992.57,0.03748988079317705,0.2549288984539765,26248.38,26527.51,25841.61,25971.21,27494.51,27426.46,27778.57,27410.39,27931.09,27956.67,27917.05
2023-10-02,27494.51,-0.017952769440012815,0.26492944835596427,26304.81,26762.51,25162.52,25826.02,27426.46,27778.57,27410.39,27931.09,27956.67,27917.05,27590.12
2023-10-03,27426.46,-0.0024781075361443865,0.26529454339948866,26221.67,27210.26,25840.1,25792.1,27778.57,27410.39,27931.09,27956.67,27917.05,27590.12,27390.12
2023-10-04,27778.57,0.012756619276586195,0.26655638812500765,26372.99,27125.0,26222.0,25759.95,27410.39,27931.09,27956.67,27917.05,27590.12,27390.12,26875.52
2023-10-05,27410.39,-0.013342721522066095,0.27193042714625437,27021.39,26568.08,26522.73,26255.0,27931.09,27956.67,27917.05,27590.12,27390.12,26875.52,26759.63
2023-10-06,27931.09,0.018818266735082634,0.27783124933685865,26906.96,26580.14,26600.0,25910.5,27956.67,27917.05,27590.12,27390.12,26875.52,26759.63,26862.0
2023-10-07,27956.67,0.0009154062279922295,0.27153766971399906,26962.56,26575.96,26559.67,25901.61,27917.05,27590.12,27390.12,26875.52,26759.63,26862.0,26852.48
2023-10-08,27917.05,-0.0014181982742726472,0.26623807990738174,27992.57,26248.38,26527.51,25841.61,27590.12,27390.12,26875.52,26759.63,26862.0,26852.48,27154.15
2023-10-09,27590.12,-0.011779875664382407,0.2707188059923985,27494.51,26304.81,26762.51,25162.52,27390.12,26875.52,26759.63,26862.0,26852.48,27154.15,28500.78
2023-10-10,27390.12,-0.007275373195296091,0.2722857037373119,27426.46,26221.67,27210.26,25840.1,26875.52,26759.63,26862.0,26852.48,27154.15,28500.78,28395.91
2023-10-11,26875.52,-0.01896652932854734,0.26332943164596423,27778.57,26372.99,27125.0,26222.0,26759.63,26862.0,26852.48,27154.15,28500.78,28395.91,28320.0
2023-10-12,26759.63,-0.004321426540286491,0.24899301676719288,27410.39,27021.39,26568.08,26522.73,26862.0,26852.48,27154.15,28500.78,28395.91,28320.0,28713.71
2023-10-13,26862.0,0.0038182399293200187,0.2444195521272152,27931.09,26906.96,26580.14,26600.0,26852.48,27154.15,28500.78,28395.91,28320.0,28713.71,29669.04
2023-10-14,26852.48,-0.0003544668067039467,0.2414243905991543,27956.67,26962.56,26575.96,26559.67,27154.15,28500.78,28395.91,28320.0,28713.71,29669.04,29909.8
2023-10-15,27154.15,0.011171707530674917,0.2442043419941871,27917.05,27992.57,26248.38,26527.51,28500.78,28395.91,28320.0,28713.71,29669.04,29909.8,29992.46
2023-10-16,28500.78,0.04840156611029453,0.2952686132868973,27590.12,27494.51,26304.81,26762.51,28395.91,28320.0,28713.71,29669.04,29909.8,29992.46,33069.99
2023-10-17,28395.91,-0.0036863346095197267,0.29577020666579185,27390.12,27426.46,26221.67,27210.26,28320.0,28713.71,29669.04,29909.8,29992.46,33069.99,33922.73
2023-10-18,28320.0,-0.0026768518861103275,0.29528337770493734,26875.52,27778.57,26372.99,27125.0,28713.71,29669.04,29909.8,29992.46,33069.99,33922.73,34496.05
2023-10-19,28713.71,0.01380644022600064,0.2936927688304004,26759.63,27410.39,27021.39,26568.08,29669.04,29909.8,29992.46,33069.99,33922.73,34496.05,34151.66
2023-10-20,29669.04,0.03272936881268124,0.3121788997024955,26862.0,27931.09,26906.96,26580.14,29909.8,29992.46,33069.99,33922.73,34496.05,34151.66,33892.02
2023-10-21,29909.8,0.008082108028452294,0.3005727756746645,26852.48,27956.67,26962.56,26575.96,29992.46,33069.99,33922.73,34496.05,34151.66,33892.02,34081.0
2023-10-22,29992.46,0.002759830846653565,0.30034279370076017,27154.15,27917.05,27992.57,26248.38,33069.99,33922.73,34496.05,34151.66,33892.02,34081.0,34525.89
2023-10-23,33069.99,0.09768020786547688,0.4431303426971486,28500.78,27590.12,27494.51,26304.81,33922.73,34496.05,34151.66,33892.02,34081.0,34525.89,34474.73
2023-10-24,33922.73,0.02545906657086265,0.44163281811863714,28395.91,27390.12,27426.46,26221.67,34496.05,34151.66,33892.02,34081.0,34525.89,34474.73,34639.77
2023-10-25,34496.05,0.016759533553249224,0.44190784174697323,28320.0,26875.52,27778.57,26372.99,34151.66,33892.02,34081.0,34525.89,34474.73,34639.77,35421.43
2023-10-26,34151.66,-0.01003363081588025,0.4449336744743111,28713.71,26759.63,27410.39,27021.39,33892.02,34081.0,34525.89,34474.73,34639.77,35421.43,34941.59
2023-10-27,33892.02,-0.00763160546721126,0.44852515562187945,29669.04,26862.0,27931.09,26906.96,34081.0,34525.89,34474.73,34639.77,35421.43,34941.59,34716.78
2023-10-28,34081.0,0.005560455807826632,0.4448973293994691,29909.8,26852.48,27956.67,26962.56,34525.89,34474.73,34639.77,35421.43,34941.59,34716.78,35062.07
2023-10-29,34525.89,0.012969433130901344,0.4431109151218274,29992.46,27154.15,27917.05,27992.57,34474.73,34639.77,35421.43,34941.59,34716.78,35062.07,35011.88
2023-10-30,34474.73,-0.0014828854979810758,0.443912290328049,33069.99,28500.78,27590.12,27494.51,34639.77,35421.43,34941.59,34716.78,35062.07,35011.88,35046.09
2023-10-31,34639.77,0.004775852062776867,0.4312225815047092,33922.73,28395.91,27390.12,27426.46,35421.43,34941.59,34716.78,35062.07,35011.88,35046.09,35399.12
2023-11-01,35421.43,0.022314560261213128,0.4245990775130191,34496.05,28320.0,26875.52,27778.57,34941.59,34716.78,35062.07,35011.88,35046.09,35399.12,35624.72
2023-11-02,34941.59,-0.013639193957310053,0.42996355496745897,34151.66,28713.71,26759.63,27410.39,34716.78,35062.07,35011.88,35046.09,35399.12,35624.72,36701.09
2023-11-03,34716.78,-0.0064546666973641625,0.43254335202183225,33892.02,29669.04,26862.0,27931.09,35062.07,35011.88,35046.09,35399.12,35624.72,36701.09,37301.63
2023-11-04,35062.07,0.00989677583723088,0.42604177678434485,34081.0,29909.8,26852.48,27956.67,35011.88,35046.09,35399.12,35624.72,36701.09,37301.63,37130.0
2023-11-05,35011.88,-0.0014324869251003767,0.4255486458759121,34525.89,29992.46,27154.15,27917.05,35046.09,35399.12,35624.72,36701.09,37301.63,37130.0,37064.13
2023-11-06,35046.09,0.0009766198683485855,0.42553672084341176,34474.73,33069.99,28500.78,27590.12,35399.12,35624.72,36701.09,37301.63,37130.0,37064.13,36462.93
2023-11-07,35399.12,0.010022908737337355,0.4243771691665058,34639.77,33922.73,28395.91,27390.12,35624.72,36701.09,37301.63,37130.0,37064.13,36462.93,35551.19
2023-11-08,35624.72,0.0063528178351219345,0.41845755388313327,35421.43,34496.05,28320.0,26875.52,36701.09,37301.63,37130.0,37064.13,36462.93,35551.19,37858.2
2023-11-09,36701.09,0.029766675983155067,0.42080057767080353,34941.59,34151.66,28713.71,26759.63,37301.63,37130.0,37064.13,36462.93,35551.19,37858.2,36163.51
2023-11-10,37301.63,0.01623057053490802,0.40828817648204097,34716.78,33892.02,29669.04,26862.0,37130.0,37064.13,36462.93,35551.19,37858.2,36163.51,36613.92
2023-11-11,37130.0,-0.004611757237879132,0.40842588529786533,35062.07,34081.0,29909.8,26852.48,37064.13,36462.93,35551.19,37858.2,36163.51,36613.92,36568.1
2023-11-12,37064.13,-0.0017756126342137468,0.41011229316803705,35011.88,34525.89,29992.46,27154.15,36462.93,35551.19,37858.2,36163.51,36613.92,36568.1,37359.86
2023-11-13,36462.93,-0.016353527492521336,0.4192505137171186,35046.09,34474.73,33069.99,28500.78,35551.19,37858.2,36163.51,36613.92,36568.1,37359.86,37448.78
2023-11-14,35551.19,-0.0253224983929354,0.4371273642644731,35399.12,34639.77,33922.73,28395.91,37858.2,36163.51,36613.92,36568.1,37359.86,37448.78,35741.65
2023-11-15,37858.2,0.06287397140001015,0.45605877299984116,35624.72,35421.43,34496.05,28320.0,36163.51,36613.92,36568.1,37359.86,37448.78,35741.65,37408.34
2023-11-16,36163.51,-0.04579700167213188,0.4934616809110145,36701.09,34941.59,34151.66,28713.71,36613.92,36568.1,37359.86,37448.78,35741.65,37408.34,37294.28
2023-11-17,36613.92,0.012377896572665345,0.49213107684475793,37301.63,34716.78,33892.02,29669.04,36568.1,37359.86,37448.78,35741.65,37408.34,37294.28,37713.57
2023-11-18,36568.1,-0.001252220312786142,0.49291376553428246,37130.0,35062.07,34081.0,29909.8,37359.86,37448.78,35741.65,37408.34,37294.28,37713.57,37780.67
2023-11-19,37359.86,0.021420590373204398,0.4873370094442533,37064.13,35011.88,34525.89,29992.46,37448.78,35741.65,37408.34,37294.28,37713.57,37780.67,37447.43
2023-11-20,37448.78,0.0023772666332884944,0.4876843519605261,36462.93,35046.09,34474.73,33069.99,35741.65,37408.34,37294.28,37713.57,37780.67,37447.43,37242.7
2023-11-21,35741.65,-0.046657457238005864,0.5229107103374497,35551.19,35399.12,34639.77,33922.73,37408.34,37294.28,37713.57,37780.67,37447.43,37242.7,37818.87
2023-11-22,37408.34,0.045576998787717926,0.4312982658122043,37858.2,35624.72,35421.43,34496.05,37294.28,37713.57,37780.67,37447.43,37242.7,37818.87,37854.64
2023-11-23,37294.28,-0.003053710529443689,0.4249537291374205,36163.51,36701.09,34941.59,34151.66,37713.57,37780.67,37447.43,37242.7,37818.87,37854.64,37723.96
2023-11-24,37713.57,0.011180012954367782,0.423147924849351,36613.92,37301.63,34716.78,33892.02,37780.67,37447.43,37242.7,37818.87,37854.64,37723.96,38682.52
2023-11-25,37780.67,0.0017776195288349984,0.4205764267053494,36568.1,37130.0,35062.07,34081.0,37447.43,37242.7,37818.87,37854.64,37723.96,38682.52,39450.35
2023-11-26,37447.43,-0.008859513391713852,0.42100215099277444,37359.86,37064.13,35011.88,34525.89,37242.7,37818.87,37854.64,37723.96,38682.52,39450.35,39972.26
2023-11-27,37242.7,-0.005482130309367848,0.4220249886661573,37448.78,36462.93,35046.09,34474.73,37818.87,37854.64,37723.96,38682.52,39450.35,39972.26,41991.1
2023-11-28,37818.87,0.01535223194675372,0.4228175871740072,35741.65,35551.19,35399.12,34639.77,37854.64,37723.96,38682.52,39450.35,39972.26,41991.1,44073.32
2023-11-29,37854.64,0.0009453771250752638,0.42257566924891393,37408.34,37858.2,35624.72,35421.43,37723.96,38682.52,39450.35,39972.26,41991.1,44073.32,43762.69
2023-11-30,37723.96,-0.0034581251896556686,0.42314461481362087,37294.28,36163.51,36701.09,34941.59,38682.52,39450.35,39972.26,41991.1,44073.32,43762.69,43273.14
2023-12-01,38682.52,0.025092382063089787,0.4248608929644283,37713.57,36613.92,37301.63,34716.78,39450.35,39972.26,41991.1,44073.32,43762.69,43273.14,44170.99
2023-12-02,39450.35,0.019655100831166433,0.42438458317599953,37780.67,36568.1,37130.0,35062.07,39972.26,41991.1,44073.32,43762.69,43273.14,44170.99,43713.6
2023-12-03,39972.26,0.013142794289187723,0.42378663799693095,37447.43,37359.86,37064.13,35011.88,41991.1,44073.32,43762.69,43273.14,44170.99,43713.6,43789.51
2023-12-04,41991.1,0.049271977534901416,0.45123221606992814,37242.7,37448.78,36462.93,35046.09,44073.32,43762.69,43273.14,44170.99,43713.6,43789.51,41253.4
2023-12-05,44073.32,0.04839691964470645,0.4737964656010634,37818.87,35741.65,35551.19,35399.12,43762.69,43273.14,44170.99,43713.6,43789.51,41253.4,41492.39
2023-12-06,43762.69,-0.007072982823143485,0.47605478981701316,37854.64,37408.34,37858.2,35624.72,43273.14,44170.99,43713.6,43789.51,41253.4,41492.39,42869.03
2023-12-07,43273.14,-0.011249508685349425,0.4803450422157932,37723.96,37294.28,36163.51,36701.09,44170.99,43713.6,43789.51,41253.4,41492.39,42869.03,43022.26
2023-12-08,44170.99,0.020536119557329653,0.48275953523282183,38682.52,37713.57,36613.92,37301.63,43713.6,43789.51,41253.4,41492.39,42869.03,43022.26,41940.3
2023-12-09,43713.6,-0.010408972260493799,0.47941624650480114,39450.35,37780.67,36568.1,37130.0,43789.51,41253.4,41492.39,42869.03,43022.26,41940.3,42278.03
2023-12-10,43789.51,0.0017350244818206502,0.4781221514446524,39972.26,37447.43,37359.86,37064.13,41253.4,41492.39,42869.03,43022.26,41940.3,42278.03,41374.65
2023-12-11,41253.4,-0.05966075735492428,0.5284582685254355,41991.1,37242.7,37448.78,36462.93,41492.39,42869.03,43022.26,41940.3,42278.03,41374.65,42657.8
2023-12-12,41492.39,0.005776503301278852,0.5281639774511696,44073.32,37818.87,35741.65,35551.19,42869.03,43022.26,41940.3,42278.03,41374.65,42657.8,42275.99
2023-12-13,42869.03,0.032639616880829996,0.5323092833419556,43762.69,37854.64,37408.34,37858.2,43022.26,41940.3,42278.03,41374.65,42657.8,42275.99,43668.93
2023-12-14,43022.26,0.0035680023564587876,0.5207389220217858,43273.14,37723.96,37294.28,36163.51,41940.3,42278.03,41374.65,42657.8,42275.99,43668.93,43861.8
2023-12-15,41940.3,-0.025470477640977214,0.49035126678283336,44170.99,38682.52,37713.57,36613.92,42278.03,41374.65,42657.8,42275.99,43668.93,43861.8,43969.04
2023-12-16,42278.03,0.008020387258140575,0.4571836932939054,43713.6,39450.35,37780.67,36568.1,41374.65,42657.8,42275.99,43668.93,43861.8,43969.04,43702.16
2023-12-17,41374.65,-0.021599191335207872,0.46575710686465976,43789.51,39972.26,37447.43,37359.86,42657.8,42275.99,43668.93,43861.8,43969.04,43702.16,42991.5
2023-12-18,42657.8,0.030541766708551847,0.47430494255664585,41253.4,41991.1,37242.7,37448.78,42275.99,43668.93,43861.8,43969.04,43702.16,42991.5,43576.13
2023-12-19,42275.99,-0.008990828549252048,0.473022275617101,41492.39,44073.32,37818.87,35741.65,43668.93,43861.8,43969.04,43702.16,42991.5,43576.13,42508.93
2023-12-20,43668.93,0.03241755264462973,0.48312638564739013,42869.03,43762.69,37854.64,37408.34,43861.8,43969.04,43702.16,42991.5,43576.13,42508.93,43428.85
2023-12-21,43861.8,0.004406916568444891,0.4456213750701869,43022.26,43273.14,37723.96,37294.28,43969.04,43702.16,42991.5,43576.13,42508.93,43428.85,42563.76
2023-12-22,43969.04,0.0024419680670525194,0.42324678264010046,41940.3,44170.99,38682.52,37713.57,43702.16,42991.5,43576.13,42508.93,43428.85,42563.76,42066.95
2023-12-23,43702.16,-0.006088221088727501,0.4241398105293879,42278.03,43713.6,39450.35,37780.67,42991.5,43576.13,42508.93,43428.85,42563.76,42066.95,42140.28
2023-12-24,42991.5,-0.016395107062850675,0.4301792800268523,41374.65,43789.51,39972.26,37447.43,43576.13,42508.93,43428.85,42563.76,42066.95,42140.28,42283.58
2023-12-25,43576.13,0.013507101635684676,0.431235254153752,42657.8,41253.4,41991.1,37242.7,42508.93,43428.85,42563.76,42066.95,42140.28,42283.58,44179.55
2023-12-26,42508.93,-0.02479535186467053,0.4410394345646563,42275.99,41492.39,44073.32,37818.87,43428.85,42563.76,42066.95,42140.28,42283.58,44179.55,44946.91
2023-12-27,43428.85,0.02140979529821103,0.4435569165881093,43668.93,42869.03,43762.69,37854.64,42563.76,42066.95,42140.28,42283.58,44179.55,44946.91,42845.23
2023-12-28,42563.76,-0.02012077980823538,0.45046389095656797,43861.8,43022.26,43273.14,37723.96,42066.95,42140.28,42283.58,44179.55,44946.91,42845.23,44151.1
2023-12-29,42066.95,-0.011740790238734814,0.4536871833462886,43969.04,41940.3,44170.99,38682.52,42140.28,42283.58,44179.55,44946.91,42845.23,44151.1,44145.11
2023-12-30,42140.28,0.0017416561151908701,0.4530430917398211,43702.16,42278.03,43713.6,39450.35,42283.58,44179.55,44946.91,42845.23,44151.1,44145.11,43968.32
2023-12-31,42283.58,0.0033947781497301243,0.4464151885419154,42991.5,41374.65,43789.51,39972.26,44179.55,44946.91,42845.23,44151.1,44145.11,43968.32,43929.02
2024-01-01,44179.55,0.04386318131378095,0.46538787144968846,43576.13,42657.8,41253.4,41991.1,44946.91,42845.23,44151.1,44145.11,43968.32,43929.02,46951.04
2024-01-02,44946.91,0.01722000317113513,0.4666365581730324,42508.93,42275.99,41492.39,44073.32,42845.23,44151.1,44145.11,43968.32,43929.02,46951.04,46110.0
2024-01-03,42845.23,-0.04788769521256018,0.4708067253400528,43428.85,43668.93,42869.03,43762.69,44151.1,44145.11,43968.32,43929.02,46951.04,46110.0,46653.99
2024-01-04,44151.1,0.03002352150755492,0.4513235524715957,42563.76,43861.8,43022.26,43273.14,44145.11,43968.32,43929.02,46951.04,46110.0,46653.99,46339.16
2024-01-05,44145.11,-0.0001356796630157846,0.4505919161539896,42066.95,43969.04,41940.3,44170.99,43968.32,43929.02,46951.04,46110.0,46653.99,46339.16,42782.73
2024-01-06,43968.32,-0.004012787545087865,0.4489634043896602,42140.28,43702.16,42278.03,43713.6,43929.02,46951.04,46110.0,46653.99,46339.16,42782.73,42847.99
2024-01-07,43929.02,-0.000894225072540774,0.44312988666733505,42283.58,42991.5,41374.65,43789.51,46951.04,46110.0,46653.99,46339.16,42782.73,42847.99,41732.35
2024-01-08,46951.04,0.06653020711240704,0.4985794327586341,44179.55,43576.13,42657.8,41253.4,46110.0,46653.99,46339.16,42782.73,42847.99,41732.35,42511.1
2024-01-09,46110.0,-0.018075510415030107,0.5036653151723365,44946.91,42508.93,42275.99,41492.39,46653.99,46339.16,42782.73,42847.99,41732.35,42511.1,43137.95
2024-01-10,46653.99,0.01172860796383382,0.4531881354109244,42845.23,43428.85,43668.93,42869.03,46339.16,42782.73,42847.99,41732.35,42511.1,43137.95,42776.1
2024-01-11,46339.16,-0.006771062230729273,0.4547150291287203,44151.1,42563.76,43861.8,43022.26,42782.73,42847.99,41732.35,42511.1,43137.95,42776.1,41327.5
2024-01-12,42782.73,-0.0798528754667809,0.5279504868199782,44145.11,42066.95,43969.04,41940.3,42847.99,41732.35,42511.1,43137.95,42776.1,41327.5,41659.03
2024-01-13,42847.99,0.0015242196406752171,0.5278214837500259,43968.32,42140.28,43702.16,42278.03,41732.35,42511.1,43137.95,42776.1,41327.5,41659.03,41696.04
2024-01-14,41732.35,-0.02638212870563945,0.5283815229878681,43929.02,42283.58,42991.5,41374.65,42511.1,43137.95,42776.1,41327.5,41659.03,41696.04,41580.33
2024-01-15,42511.1,0.01848861088034885,0.5316741653308624,46951.04,44179.55,43576.13,42657.8,43137.95,42776.1,41327.5,41659.03,41696.04,41580.33,39568.02
2024-01-16,43137.95,0.014637901828299413,0.5280003695979849,46110.0,44946.91,42508.93,42275.99,42776.1,41327.5,41659.03,41696.04,41580.33,39568.02,39897.6
2024-01-17,42776.1,-0.008423584725432613,0.5183286526966507,46653.99,42845.23,43428.85,43668.93,41327.5,41659.03,41696.04,41580.33,39568.02,39897.6,40084.88
2024-01-18,41327.5,-0.03445139745815894,0.5313877499107825,46339.16,44151.1,42563.76,43861.8,41659.03,41696.04,41580.33,39568.02,39897.6,40084.88,39961.09
2024-01-19,41659.03,0.007990013891329613,0.5188778247302409,42782.73,44145.11,42066.95,43969.04,41696.04,41580.33,39568.02,39897.6,40084.88,39961.09,41823.51
2024-01-20,41696.04,0.0008880084302503328,0.5185126482049474,42847.99,43968.32,42140.28,43702.16,41580.33,39568.02,39897.6,40084.88,39961.09,41823.51,42120.63
2024-01-21,41580.33,-0.002778941360300473,0.5183090218626506,41732.35,43929.02,42283.58,42991.5,39568.02,39897.6,40084.88,39961.09,41823.51,42120.63,42031.06
2024-01-22,39568.02,-0.049606002668420156,0.5443483261712291,42511.1,46951.04,44179.55,43576.13,39897.6,40084.88,39961.09,41823.51,42120.63,42031.06,43302.7
2024-01-23,39897.6,0.008294955472882228,0.5436919775109684,43137.95,46110.0,44946.91,42508.93,40084.88,39961.09,41823.51,42120.63,42031.06,43302.7,42941.1
2024-01-24,40084.88,0.004683034141144241,0.541290208782332,42776.1,46653.99,42845.23,43428.85,39961.09,41823.51,42120.63,42031.06,43302.7,42941.1,42580.0
2024-01-25,39961.09,-0.003092975166303934,0.5354442103853954,41327.5,46339.16,44151.1,42563.76,41823.51,42120.63,42031.06,43302.7,42941.1,42580.0,43082.94
2024-01-26,41823.51,0.04555239092628425,0.555027408673447,41659.03,42782.73,44145.11,42066.95,42120.63,42031.06,43302.7,42941.1,42580.0,43082.94,43200.0
2024-01-27,42120.63,0.00707902280697713,0.5514888213646035,41696.04,42847.99,43968.32,42140.28,42031.06,43302.7,42941.1,42580.0,43082.94,43200.0,43011.09
2024-01-28,42031.06,-0.002128775638974226,0.5500069473920259,41580.33,41732.35,43929.02,42283.58,43302.7,42941.1,42580.0,43082.94,43200.0,43011.09,42582.88
2024-01-29,43302.7,0.029806119942710457,0.5597684998360684,39568.02,42511.1,46951.04,44179.55,42941.1,42580.0,43082.94,43200.0,43011.09,42582.88,42708.7
2024-01-30,42941.1,-0.008385579459892248,0.5606170780596098,39897.6,43137.95,46110.0,44946.91,42580.0,43082.94,43200.0,43011.09,42582.88,42708.7,43098.95
2024-01-31,42580.0,-0.008444749797383772,0.5389831437713868,40084.88,42776.1,46653.99,42845.23,43082.94,43200.0,43011.09,42582.88,42708.7,43098.95,44349.6
2024-02-01,43082.94,0.011742435619609937,0.536958123261691,39961.09,41327.5,46339.16,44151.1,43200.0,43011.09,42582.88,42708.7,43098.95,44349.6,45288.65
2024-02-02,43200.0,0.0027134001651212595,0.5101741952918025,41823.51,41659.03,42782.73,44145.11,43011.09,42582.88,42708.7,43098.95,44349.6,45288.65,47132.77
2024-02-03,43011.09,-0.004382505832045197,0.498914331303053,42120.63,41696.04,42847.99,43968.32,42582.88,42708.7,43098.95,44349.6,45288.65,47132.77,47751.09
2024-02-04,42582.88,-0.010005694851545816,0.49991780670542457,42031.06,41580.33,41732.35,43929.02,42708.7,43098.95,44349.6,45288.65,47132.77,47751.09,48299.99
2024-02-05,42708.7,0.002950351987088814,0.5000148697050673,43302.7,39568.02,42511.1,46951.04,43098.95,44349.6,45288.65,47132.77,47751.09,48299.99,49917.27
2024-02-06,43098.95,0.009095988310426472,0.501246379691296,42941.1,39897.6,43137.95,46110.0,44349.6,45288.65,47132.77,47751.09,48299.99,49917.27,49699.59
2024-02-07,44349.6,0.028605054685199374,0.45235623801526137,42580.0,40084.88,42776.1,46653.99,45288.65,47132.77,47751.09,48299.99,49917.27,49699.59,51795.17
2024-02-08,45288.65,0.02095275967005496,0.4552660307589342,43082.94,39961.09,41327.5,46339.16,47132.77,47751.09,48299.99,49917.27,49699.59,51795.17,51880.0
2024-02-09,47132.77,0.03991206359421791,0.4750548147292754,43200.0,41823.51,41659.03,42782.73,47751.09,48299.99,49917.27,49699.59,51795.17,51880.0,52124.11
2024-02-10,47751.09,0.013033381077871586,0.4763442284850646,43011.09,42120.63,41696.04,42847.99,48299.99,49917.27,49699.59,51795.17,51880.0,52124.11,51642.64
2024-02-11,48299.99,0.01142945972783506,0.377488493172035,42582.88,42031.06,41580.33,41732.35,49917.27,49699.59,51795.17,51880.0,52124.11,51642.64,52137.67
2024-02-12,49917.27,0.03293568144658824,0.39052577720546,42708.7,43302.7,39568.02,42511.1,49699.59,51795.17,51880.0,52124.11,51642.64,52137.67,51774.73
2024-02-13,49699.59,-0.004370351494182536,0.3754554892257373,43098.95,42941.1,39897.6,43137.95,51795.17,51880.0,52124.11,51642.64,52137.67,51774.73,52258.82
2024-02-14,51795.17,0.041300218103198914,0.3931542926784011,44349.6,42580.0,40084.88,42776.1,51880.0,52124.11,51642.64,52137.67,51774.73,52258.82,51849.39
2024-02-15,51880.0,0.0016364577734705157,0.392417107295124,45288.65,43082.94,39961.09,41327.5,52124.11,51642.64,52137.67,51774.73,52258.82,51849.39,51288.42
2024-02-16,52124.11,0.004694246184426713,0.38893721367714273,47132.77,43200.0,41823.51,41659.03,51642.64,52137.67,51774.73,52258.82,51849.39,51288.42,50744.15
2024-02-17,51642.64,-0.009279917800631372,0.3646603360593356,47751.09,43011.09,42120.63,41696.04,52137.67,51774.73,52258.82,51849.39,51288.42,50744.15,51568.22
2024-02-18,52137.67,0.009540032294676114,0.36473051270070633,48299.99,42582.88,42031.06,41580.33,51774.73,52258.82,51849.39,51288.42,50744.15,51568.22,51728.85
2024-02-19,51774.73,-0.00698552773070659,0.3675444117000077,49917.27,42708.7,43302.7,39568.02,52258.82,51849.39,51288.42,50744.15,51568.22,51728.85,54476.47
2024-02-20,52258.82,0.009306488030900633,0.3658211459360313,49699.59,43098.95,42941.1,39897.6,51849.39,51288.42,50744.15,51568.22,51728.85,54476.47,57037.34
2024-02-21,51849.39,-0.007865510526459354,0.3080511155840209,51795.17,44349.6,42580.0,40084.88,51288.42,50744.15,51568.22,51728.85,54476.47,57037.34,62432.1
2024-02-22,51288.42,-0.01087817419895304,0.3157744808136369,51880.0,45288.65,43082.94,39961.09,50744.15,51568.22,51728.85,54476.47,57037.34,62432.1,61130.98
2024-02-23,50744.15,-0.010668655359765033,0.3225000943478112,52124.11,47132.77,43200.0,41823.51,51568.22,51728.85,54476.47,57037.34,62432.1,61130.98,62387.9
2024-02-24,51568.22,0.016109250933854777,0.3212447931865501,51642.64,47751.09,43011.09,42120.63,51728.85,54476.47,57037.34,62432.1,61130.98,62387.9,61987.28
2024-02-25,51728.85,0.0031100616788884284,0.29245299587269785,52137.67,48299.99,42582.88,42031.06,54476.47,57037.34,62432.1,61130.98,62387.9,61987.28,63113.97
2024-02-26,54476.47,0.051753212367562834,0.33136656231161415,51774.73,49917.27,42708.7,43302.7,57037.34,62432.1,61130.98,62387.9,61987.28,63113.97,68245.71
2024-02-27,57037.34,0.045937275755513214,0.3535008436990774,52258.82,49699.59,43098.95,42941.1,62432.1,61130.98,62387.9,61987.28,63113.97,68245.71,63724.01
2024-02-28,62432.1,0.09037342510456357,0.44667966908784273,51849.39,51795.17,44349.6,42580.0,61130.98,62387.9,61987.28,63113.97,68245.71,63724.01,66074.04
2024-02-29,61130.98,-0.021060790861507746,0.4561185665520061,51288.42,51880.0,45288.65,43082.94,62387.9,61987.28,63113.97,68245.71,63724.01,66074.04,66823.17
2024-03-01,62387.9,0.02035257099534111,0.45108535407272904,50744.15,52124.11,47132.77,43200.0,61987.28,63113.97,68245.71,63724.01,66074.04,66823.17,68124.19
2024-03-02,61987.28,-0.006442143609634661,0.45602043476234166,51568.22,51642.64,47751.09,43011.09,63113.97,68245.71,63724.01,66074.04,66823.17,68124.19,68313.27
2024-03-03,63113.97,0.018012936948412033,0.4551672617707179,51728.85,52137.67,48299.99,42582.88,68245.71,63724.01,66074.04,66823.17,68124.19,68313.27,68955.88
2024-03-04,68245.71,0.07817243529189463,0.5047070085188078,54476.47,51774.73,49917.27,42708.7,63724.01,66074.04,66823.17,68124.19,68313.27,68955.88,72078.1
2024-03-05,63724.01,-0.06855316030923639,0.5778059314320118,57037.34,52258.82,49699.59,43098.95,66074.04,66823.17,68124.19,68313.27,68955.88,72078.1,71452.01
2024-03-06,66074.04,0.03621451680304252,0.5818430283188134,62432.1,51849.39,51795.17,44349.6,66823.17,68124.19,68313.27,68955.88,72078.1,71452.01,73072.41
2024-03-07,66823.17,0.011273945248864211,0.5816358316099146,61130.98,51288.42,51880.0,45288.65,68124.19,68313.27,68955.88,72078.1,71452.01,73072.41,71388.94
2024-03-08,68124.19,0.019282486315176334,0.5797200817513296,62387.9,50744.15,52124.11,47132.77,68313.27,68955.88,72078.1,71452.01,73072.41,71388.94,69499.85
2024-03-09,68313.27,0.0027716745979517753,0.5805651229401754,61987.28,51568.22,51642.64,47751.09,68955.88,72078.1,71452.01,73072.41,71388.94,69499.85,65300.63
2024-03-10,68955.88,0.009362842188647231,0.5729351345016388,63113.97,51728.85,52137.67,48299.99,72078.1,71452.01,73072.41,71388.94,69499.85,65300.63,68393.48
2024-03-11,72078.1,0.044283373561153284,0.5834480067961798,68245.71,54476.47,51774.73,49917.27,71452.01,73072.41,71388.94,69499.85,65300.63,68393.48,67609.99
2024-03-12,71452.01,-0.008724217811494954,0.5886576751998358,63724.01,57037.34,52258.82,49699.59,73072.41,71388.94,69499.85,65300.63,68393.48,67609.99,61937.4
2024-03-13,73072.41,0.022424831790492365,0.5853216379002083,66074.04,62432.1,51849.39,51795.17,71388.94,69499.85,65300.63,68393.48,67609.99,61937.4,67840.51
2024-03-14,71388.94,-0.02330791194500903,0.595905701262248,66823.17,61130.98,51288.42,51880.0,69499.85,65300.63,68393.48,67609.99,61937.4,67840.51,65501.27
2024-03-15,69499.85,-0.02681836109117046,0.6011987828135391,68124.19,62387.9,50744.15,52124.11,65300.63,68393.48,67609.99,61937.4,67840.51,65501.27,63796.64
2024-03-16,65300.63,-0.062322910279710986,0.651426335228539,68313.27,61987.28,51568.22,51642.64,68393.48,67609.99,61937.4,67840.51,65501.27,63796.64,63990.01
2024-03-17,68393.48,0.046275814432356635,0.6650406917666655,68955.88,63113.97,51728.85,52137.67,67609.99,61937.4,67840.51,65501.27,63796.64,63990.01,67209.99
2024-03-18,67609.99,-0.01152174525222046,0.665864061591618,72078.1,68245.71,54476.47,51774.73,61937.4,67840.51,65501.27,63796.64,63990.01,67209.99,69880.01
2024-03-19,61937.4,-0.08763155563733493,0.7462488006125197,71452.01,63724.01,57037.34,52258.82,67840.51,65501.27,63796.64,63990.01,67209.99,69880.01,69988.0
2024-03-20,67840.51,0.09103531158594273,0.8014882426049669,73072.41,66074.04,62432.1,51849.39,65501.27,63796.64,63990.01,67209.99,69880.01,69988.0,69469.99
2024-03-21,65501.27,-0.03508997737785613,0.8161075476717451,71388.94,66823.17,61130.98,51288.42,63796.64,63990.01,67209.99,69880.01,69988.0,69469.99,70780.6
2024-03-22,63796.64,-0.026369007379098856,0.8230233427405019,69499.85,68124.19,62387.9,50744.15,63990.01,67209.99,69880.01,69988.0,69469.99,70780.6,69850.54
2024-03-23,63990.01,0.003026453038660462,0.8206661609878496,65300.63,68313.27,61987.28,51568.22,67209.99,69880.01,69988.0,69469.99,70780.6,69850.54,69582.18
2024-03-24,67209.99,0.04909491976870599,0.8305438518855977,68393.48,68955.88,63113.97,51728.85,69880.01,69988.0,69469.99,70780.6,69850.54,69582.18,71280.01
2024-03-25,69880.01,0.038957731173826136,0.8366793006548533,67609.99,72078.1,68245.71,54476.47,69988.0,69469.99,70780.6,69850.54,69582.18,71280.01,69649.8
2024-03-26,69988.0,0.0015441704140665396,0.8368624484586702,61937.4,71452.01,63724.01,57037.34,69469.99,70780.6,69850.54,69582.18,71280.01,69649.8,65463.99
2024-03-27,69469.99,-0.007428938024621631,0.8251456174039056,67840.51,73072.41,66074.04,62432.1,70780.6,69850.54,69582.18,71280.01,69649.8,65463.99,65963.28
2024-03-28,70780.6,0.01869009109453202,0.8148307073422347,65501.27,71388.94,66823.17,61130.98,69850.54,69582.18,71280.01,69649.8,65463.99,65963.28,68487.79
2024-03-29,69850.54,-0.01322713532737063,0.7600120475280704,63796.64,69499.85,68124.19,62387.9,69582.18,71280.01,69649.8,65463.99,65963.28,68487.79,67820.62
2024-03-30,69582.18,-0.0038493164497219014,0.7552988298239055,63990.01,65300.63,68313.27,61987.28,71280.01,69649.8,65463.99,65963.28,68487.79,67820.62,68896.0
2024-03-31,71280.01,0.024107423379159526,0.7564149551143736,67209.99,68393.48,68955.88,63113.97,69649.8,65463.99,65963.28,68487.79,67820.62,68896.0,69360.39
2024-04-01,69649.8,-0.02313609473301786,0.7616612658170211,69880.01,67609.99,72078.1,68245.71,65463.99,65963.28,68487.79,67820.62,68896.0,69360.39,71620.0
2024-04-02,65463.99,-0.06197960825197718,0.7934305202011874,69988.0,61937.4,71452.01,63724.01,65963.28,68487.79,67820.62,68896.0,69360.39,71620.0,69146.0
2024-04-03,65963.28,0.007598003093028574,0.7439223215755872,69469.99,67840.51,73072.41,66074.04,68487.79,67820.62,68896.0,69360.39,71620.0,69146.0,70631.08
2024-04-04,68487.79,0.03755725764251874,0.7143734364179731,70780.6,65501.27,71388.94,66823.17,67820.62,68896.0,69360.39,71620.0,69146.0,70631.08,70006.23
2024-04-05,67820.62,-0.009789202703133824,0.7049282399427356,69850.54,63796.64,69499.85,68124.19,68896.0,69360.39,71620.0,69146.0,70631.08,70006.23,67116.52
2024-04-06,68896.0,0.015731842680183246,0.7059271459826402,69582.18,63990.01,65300.63,68313.27,69360.39,71620.0,69146.0,70631.08,70006.23,67116.52,63924.51
2024-04-07,69360.39,0.006717834111896003,0.7031907566632567,71280.01,67209.99,68393.48,68955.88,71620.0,69146.0,70631.08,70006.23,67116.52,63924.51,65661.84
2024-04-08,71620.0,0.03205840927643814,0.7116980727191363,69649.8,69880.01,67609.99,72078.1,69146.0,70631.08,70006.23,67116.52,63924.51,65661.84,63419.99
2024-04-09,69146.0,-0.03515415339654028,0.7224259801411348,65463.99,69988.0,61937.4,71452.01,70631.08,70006.23,67116.52,63924.51,65661.84,63419.99,63793.39
2024-04-10,70631.08,0.02125006308303191,0.7090357217273913,65963.28,69469.99,67840.51,73072.41,70006.23,67116.52,63924.51,65661.84,63419.99,63793.39,61277.37
2024-04-11,70006.23,-0.00888603616768445,0.7090590642196821,68487.79,70780.6,65501.27,71388.94,67116.52,63924.51,65661.84,63419.99,63793.39,61277.37,63470.08
2024-04-12,67116.52,-0.04215402471169341,0.7182919750371037,67820.62,69850.54,63796.64,69499.85,63924.51,65661.84,63419.99,63793.39,61277.37,63470.08,63818.01
2024-04-13,63924.51,-0.04872735746222276,0.732738312656572,68896.0,69582.18,63990.01,65300.63,65661.84,63419.99,63793.39,61277.37,63470.08,63818.01,64940.59
2024-04-14,65661.84,0.026815078915186055,0.735300280883788,69360.39,71280.01,67209.99,68393.48,63419.99,63793.39,61277.37,63470.08,63818.01,64940.59,64941.15
2024-04-15,63419.99,-0.03473882339914055,0.7127161355537215,71620.0,69649.8,69880.01,67609.99,63793.39,61277.37,63470.08,63818.01,64940.59,64941.15,66819.32
2024-04-16,63793.39,0.005870468536476564,0.6926540368083828,69146.0,65463.99,69988.0,61937.4,61277.37,63470.08,63818.01,64940.59,64941.15,66819.32,66414.0
2024-04-17,61277.37,-0.040238973210926274,0.7045951420483711,70631.08,65963.28,69469.99,67840.51,63470.08,63818.01,64940.59,64941.15,66819.32,66414.0,64289.59
2024-04-18,63470.08,0.035158006998813135,0.6474301680645025,70006.23,68487.79,70780.6,65501.27,63818.01,64940.59,64941.15,66819.32,66414.0,64289.59,64498.34
2024-04-19,63818.01,0.005466825160537417,0.5602837806384997,67116.52,67820.62,69850.54,63796.64,64940.59,64941.15,66819.32,66414.0,64289.59,64498.34,63770.01
2024-04-20,64940.59,0.01743741302682119,0.551165947481495,63924.51,68896.0,69582.18,63990.01,64941.15,66819.32,66414.0,64289.59,64498.34,63770.01,63461.98
2024-04-21,64941.15,8.623229100669178e-06,0.5430752861484793,65661.84,69360.39,71280.01,67209.99,66819.32,66414.0,64289.59,64498.34,63770.01,63461.98,63118.62
2024-04-22,66819.32,0.028510785110948657,0.551718842643019,63419.99,71620.0,69649.8,69880.01,66414.0,64289.59,64498.34,63770.01,63461.98,63118.62,63866.0
2024-04-23,66414.0,-0.006084382651452649,0.5246415195918662,63793.39,69146.0,65463.99,69988.0,64289.59,64498.34,63770.01,63461.98,63118.62,63866.0,60672.0
2024-04-24,64289.59,-0.03251015685090299,0.5163252354802916,61277.37,70631.08,65963.28,69469.99,64498.34,63770.01,63461.98,63118.62,63866.0,60672.0,58364.97
2024-04-25,64498.34,0.0032417662557915235,0.5165380608312057,63470.08,70006.23,68487.79,70780.6,63770.01,63461.98,63118.62,63866.0,60672.0,58364.97,59060.61
2024-04-26,63770.01,-0.011356469895713836,0.5171697194784792,63818.01,67116.52,67820.62,69850.54,63461.98,63118.62,63866.0,60672.0,58364.97,59060.61,62882.01
2024-04-27,63461.98,-0.004842030716018614,0.5113122704470429,64940.59,63924.51,68896.0,69582.18,63118.62,63866.0,60672.0,58364.97,59060.61,62882.01,63892.04
2024-04-28,63118.62,-0.005425173243951366,0.5101936941848654,64941.15,65661.84,69360.39,71280.01,63866.0,60672.0,58364.97,59060.61,62882.01,63892.04,64012.0
2024-04-29,63866.0,0.01177132522006203,0.5129142487932404,66819.32,63419.99,71620.0,69649.8,60672.0,58364.97,59060.61,62882.01,63892.04,64012.0,63165.19
2024-04-30,60672.0,-0.051304831768252054,0.5301749213529215,66414.0,63793.39,69146.0,65463.99,58364.97,59060.61,62882.01,63892.04,64012.0,63165.19,62312.08
2024-05-01,58364.97,-0.03876642553474422,0.5394882177836173,64289.59,61277.37,70631.08,65963.28,59060.61,62882.01,63892.04,64012.0,63165.19,62312.08,61193.03
2024-05-02,59060.61,0.011848323644138173,0.5031185065524214,64498.34,63470.08,70006.23,68487.79,62882.01,63892.04,64012.0,63165.19,62312.08,61193.03,63074.01
2024-05-03,62882.01,0.06269590851696512,0.5525943077107404,63770.01,63818.01,67116.52,67820.62,63892.04,64012.0,63165.19,62312.08,61193.03,63074.01,60799.99
2024-05-04,63892.04,0.01593467072506892,0.5382738655141209,63461.98,64940.59,63924.51,68896.0,64012.0,63165.19,62312.08,61193.03,63074.01,60799.99,60825.99
2024-05-05,64012.0,0.0018757817997593531,0.5377729134012994,63118.62,64941.15,65661.84,69360.39,63165.19,62312.08,61193.03,63074.01,60799.99,60825.99,61483.99
2024-05-06,63165.19,-0.013317207511333138,0.53530748632976,63866.0,66819.32,63419.99,71620.0,62312.08,61193.03,63074.01,60799.99,60825.99,61483.99,62940.08
2024-05-07,62312.08,-0.013598050793730939,0.5354062042164917,60672.0,66414.0,63793.39,69146.0,61193.03,63074.01,60799.99,60825.99,61483.99,62940.08,61577.49
2024-05-08,61193.03,-0.018122013335120257,0.5218135310465245,58364.97,64289.59,61277.37,70631.08,63074.01,60799.99,60825.99,61483.99,62940.08,61577.49,66206.5
2024-05-09,63074.01,0.030275504659909153,0.524512929355411,59060.61,64498.34,63470.08,70006.23,60799.99,60825.99,61483.99,62940.08,61577.49,66206.5,65235.21
2024-05-10,60799.99,-0.03671917430504504,0.5296411885529051,62882.01,63770.01,63818.01,67116.52,60825.99,61483.99,62940.08,61577.49,66206.5,65235.21,67024.0
2024-05-11,60825.99,0.0004275402409262431,0.5297765217229612,63892.04,63461.98,64940.59,63924.51,61483.99,62940.08,61577.49,66206.5,65235.21,67024.0,66915.2
2024-05-12,61483.99,0.01075965097938284,0.5146080270539429,64012.0,63118.62,64941.15,65661.84,62940.08,61577.49,66206.5,65235.21,67024.0,66915.2,66274.01
2024-05-13,62940.08,0.023406346968515828,0.4949293510074559,63165.19,63866.0,66819.32,63419.99,61577.49,66206.5,65235.21,67024.0,66915.2,66274.01,71446.62
2024-05-14,61577.49,-0.021886781008613777,0.4902089872794696,62312.08,60672.0,66414.0,63793.39,66206.5,65235.21,67024.0,66915.2,66274.01,71446.62,70148.34
2024-05-15,66206.5,0.07248226375544757,0.5405502031100253,61193.03,58364.97,64289.59,61277.37,65235.21,67024.0,66915.2,66274.01,71446.62,70148.34,69166.62
2024-05-16,65235.21,-0.014779291590717515,0.5432090683204238,63074.01,59060.61,64498.34,63470.08,67024.0,66915.2,66274.01,71446.62,70148.34,69166.62,67969.65
2024-05-17,67024.0,0.027051410361314365,0.5298542723037312,60799.99,62882.01,63770.01,63818.01,66915.2,66274.01,71446.62,70148.34,69166.62,67969.65,68549.99
2024-05-18,66915.2,-0.0016246180943355483,0.5171268093839112,60825.99,63892.04,63461.98,64940.59,66274.01,71446.62,70148.34,69166.62,67969.65,68549.99,69290.57
2024-05-19,66274.01,-0.00962833180615985,0.5184444840366134,61483.99,64012.0,63118.62,64941.15,71446.62,70148.34,69166.62,67969.65,68549.99,69290.57,68507.67
2024-05-20,71446.62,0.07515278314448008,0.5769034274060401,62940.08,63165.19,63866.0,66819.32,70148.34,69166.62,67969.65,68549.99,69290.57,68507.67,69436.43
2024-05-21,70148.34,-0.018338454758227797,0.5817034610680893,61577.49,62312.08,60672.0,66414.0,69166.62,67969.65,68549.99,69290.57,68507.67,69436.43,68398.39
2024-05-22,69166.62,-0.014093766386815483,0.5767528694734143,66206.5,61193.03,58364.97,64289.59,67969.65,68549.99,69290.57,68507.67,69436.43,68398.39,67652.42
2024-05-23,67969.65,-0.017457094288918538,0.5799041212910873,65235.21,63074.01,59060.61,64498.34,68549.99,69290.57,68507.67,69436.43,68398.39,67652.42,68352.17
2024-05-24,68549.99,0.008501978114690344,0.5677971857977026,67024.0,60799.99,62882.01,63770.01,69290.57,68507.67,69436.43,68398.39,67652.42,68352.17,67540.01
2024-05-25,69290.57,0.01074556177134258,0.5685833625483752,66915.2,60825.99,63892.04,63461.98,68507.67,69436.43,68398.39,67652.42,68352.17,67540.01,67766.85
2024-05-26,68507.67,-0.011363112097898122,0.568585384041883,66274.01,61483.99,64012.0,63118.62,69436.43,68398.39,67652.42,68352.17,67540.01,67766.85,67765.63
2024-05-27,69436.43,0.013465947937329524,0.5692407538762814,71446.62,62940.08,63165.19,63866.0,68398.39,67652.42,68352.17,67540.01,67766.85,67765.63,68809.9
2024-05-28,68398.39,-0.0150623714003808,0.5720215562243574,70148.34,61577.49,62312.08,60672.0,67652.42,68352.17,67540.01,67766.85,67765.63,68809.9,70537.84
2024-05-29,67652.42,-0.010966160005080427,0.572969448360486,69166.62,66206.5,61193.03,58364.97,68352.17,67540.01,67766.85,67765.63,68809.9,70537.84,71108.0
2024-05-30,68352.17,0.010290184685345129,0.5403045665877141,67969.65,65235.21,63074.01,59060.61,67540.01,67766.85,67765.63,68809.9,70537.84,71108.0,70799.06
2024-05-31,67540.01,-0.011953148002230988,0.5213722894329399,68549.99,67024.0,60799.99,62882.01,67766.85,67765.63,68809.9,70537.84,71108.0,70799.06,69355.6
2024-06-01,67766.85,0.003352974306247208,0.5207822560476772,69290.57,66915.2,60825.99,63892.04,67765.63,68809.9,70537.84,71108.0,70799.06,69355.6,69310.46
2024-06-02,67765.63,-1.800306465331948e-05,0.47678771126232994,68507.67,66274.01,61483.99,64012.0,68809.9,70537.84,71108.0,70799.06,69355.6,69310.46,69648.14
2024-06-03,68809.9,0.015292495676779325,0.47656505937279475,69436.43,71446.62,62940.08,63165.19,70537.84,71108.0,70799.06,69355.6,69310.46,69648.14,69540.0
2024-06-04,70537.84,0.02480167347858517,0.4828716945753716,68398.39,70148.34,61577.49,62312.08,71108.0,70799.06,69355.6,69310.46,69648.14,69540.0,67314.24
2024-06-05,71108.0,0.008050544645661345,0.479391863059604,67652.42,69166.62,66206.5,61193.03,70799.06,69355.6,69310.46,69648.14,69540.0,67314.24,68263.99
2024-06-06,70799.06,-0.004354124285061161,0.47620723136086246,68352.17,67969.65,65235.21,63074.01,69355.6,69310.46,69648.14,69540.0,67314.24,68263.99,66773.01
2024-06-07,69355.6,-0.020598830454873523,0.47774804989084985,67540.01,68549.99,67024.0,60799.99,69310.46,69648.14,69540.0,67314.24,68263.99,66773.01,66043.99
2024-06-08,69310.46,-0.00065106056369522,0.46857224237853234,67766.85,69290.57,66915.2,60825.99,69648.14,69540.0,67314.24,68263.99,66773.01,66043.99,66228.25
2024-06-09,69648.14,0.004860162159083764,0.4459511741526235,67765.63,68507.67,66274.01,61483.99,69540.0,67314.24,68263.99,66773.01,66043.99,66228.25,66676.87
2024-06-10,69540.0,-0.0015538683361776106,0.4462339942466213,68809.9,69436.43,71446.62,62940.08,67314.24,68263.99,66773.01,66043.99,66228.25,66676.87,66504.33
2024-06-11,67314.24,-0.032530322415029955,0.46374955518548094,70537.84,68398.39,70148.34,61577.49,68263.99,66773.01,66043.99,66228.25,66676.87,66504.33,65175.32
2024-06-12,68263.99,0.014010590579490376,0.45969123646733256,71108.0,67652.42,69166.62,66206.5,66773.01,66043.99,66228.25,66676.87,66504.33,65175.32,64974.37
2024-06-13,66773.01,-0.02208343776467173,0.45982414992590676,70799.06,68352.17,67969.65,65235.21,66043.99,66228.25,66676.87,66504.33,65175.32,64974.37,64869.99
2024-06-14,66043.99,-0.010977921824138023,0.38675758798539767,69355.6,67540.01,68549.99,67024.0,66228.25,66676.87,66504.33,65175.32,64974.37,64869.99,64143.56
2024-06-15,66228.25,0.0027860739213107213,0.38319281272347594,69310.46,67766.85,69290.57,66915.2,66676.87,66504.33,65175.32,64974.37,64869.99,64143.56,64262.01
2024-06-16,66676.87,0.006751007092293841,0.37186622303664174,69648.14,67765.63,68507.67,66274.01,66504.33,65175.32,64974.37,64869.99,64143.56,64262.01,63210.01
2024-06-17,66504.33,-0.002591057844952401,0.37192897687677545,69540.0,68809.9,69436.43,71446.62,65175.32,64974.37,64869.99,64143.56,64262.01,63210.01,60293.3
2024-06-18,65175.32,-0.020186188658431685,0.3770831336367297,67314.24,70537.84,68398.39,70148.34,64974.37,64869.99,64143.56,64262.01,63210.01,60293.3,61806.01
2024-06-19,64974.37,-0.0030879852219766885,0.2599227161292727,68263.99,71108.0,67652.42,69166.62,64869.99,64143.56,64262.01,63210.01,60293.3,61806.01,60864.99
2024-06-20,64869.99,-0.001607771373120505,0.25411659218246696,66773.01,70799.06,68352.17,67969.65,64143.56,64262.01,63210.01,60293.3,61806.01,60864.99,61706.47
2024-06-21,64143.56,-0.011261416759841722,0.25269331909653514,66043.99,69355.6,67540.01,68549.99,64262.01,63210.01,60293.3,61806.01,60864.99,61706.47,60427.84
2024-06-22,64262.01,0.001844936066219504,0.247236501186641,66228.25,69310.46,67766.85,69290.57,63210.01,60293.3,61806.01,60864.99,61706.47,60427.84,60986.68
2024-06-23,63210.01,-0.016505957689856198,0.24941084928056464,66676.87,69648.14,67765.63,68507.67,60293.3,61806.01,60864.99,61706.47,60427.84,60986.68,62772.01
2024-06-24,60293.3,-0.04724168823827901,0.28893830994744396,66504.33,69540.0,68809.9,69436.43,61806.01,60864.99,61706.47,60427.84,60986.68,62772.01,62899.99
2024-06-25,61806.01,0.024779622477455705,0.3053826161152139,65175.32,67314.24,70537.84,68398.39,60864.99,61706.47,60427.84,60986.68,62772.01,62899.99,62135.47
2024-06-26,60864.99,-0.015342476362678105,0.3018315988157081,64974.37,68263.99,71108.0,67652.42,61706.47,60427.84,60986.68,62772.01,62899.99,62135.47,60208.58
2024-06-27,61706.47,0.013730655086801458,0.30570412644438205,64869.99,66773.01,70799.06,68352.17,60427.84,60986.68,62772.01,62899.99,62135.47,60208.58,57050.01
2024-06-28,60427.84,-0.020938861751513153,0.31073524847870193,64143.56,66043.99,69355.6,67540.01,60986.68,62772.01,62899.99,62135.47,60208.58,57050.01,56628.79
2024-06-29,60986.68,0.009205553774616642,0.31014025457677435,64262.01,66228.25,69310.46,67766.85,62772.01,62899.99,62135.47,60208.58,57050.01,56628.79,58230.13
2024-06-30,62772.01,0.028853793809744524,0.3287439910278466,63210.01,66676.87,69648.14,67765.63,62899.99,62135.47,60208.58,57050.01,56628.79,58230.13,55857.81
2024-07-01,62899.99,0.0020367312407112426,0.32848400205183115,60293.3,66504.33,69540.0,68809.9,62135.47,60208.58,57050.01,56628.79,58230.13,55857.81,56714.62
2024-07-02,62135.47,-0.012229003319739846,0.330087596354481,61806.01,65175.32,67314.24,70537.84,60208.58,57050.01,56628.79,58230.13,55857.81,56714.62,58050.0
2024-07-03,60208.58,-0.0315021343281225,0.3379058344589071,60864.99,64974.37,68263.99,71108.0,57050.01,56628.79,58230.13,55857.81,56714.62,58050.0,57725.85
2024-07-04,57050.01,-0.05388661548310068,0.3627276758201748,61706.47,64869.99,66773.01,70799.06,56628.79,58230.13,55857.81,56714.62,58050.0,57725.85,57339.89
2024-07-05,56628.79,-0.007410738462197537,0.35859917818800163,60427.84,64143.56,66043.99,69355.6,58230.13,55857.81,56714.62,58050.0,57725.85,57339.89,57889.1
2024-07-06,58230.13,0.027885405242016163,0.37929518269982043,60986.68,64262.01,66228.25,69310.46,55857.81,56714.62,58050.0,57725.85,57339.89,57889.1,59204.02
2024-07-07,55857.81,-0.04159356377998373,0.39581676118277603,62772.01,63210.01,66676.87,69648.14,56714.62,58050.0,57725.85,57339.89,57889.1,59204.02,60797.91
2024-07-08,56714.62,0.015222671228313616,0.40293828628628325,62899.99,60293.3,66504.33,69540.0,58050.0,57725.85,57339.89,57889.1,59204.02,60797.91,64724.14
2024-07-09,58050.0,0.023272682322844962,0.41453017907638173,62135.47,61806.01,65175.32,67314.24,57725.85,57339.89,57889.1,59204.02,60797.91,64724.14,65043.99
2024-07-10,57725.85,-0.0055996280225802065,0.41421529614101776,60208.58,60864.99,64974.37,68263.99,57339.89,57889.1,59204.02,60797.91,64724.14,65043.99,64087.99
2024-07-11,57339.89,-0.006708538049520128,0.40320746737787955,57050.01,61706.47,64869.99,66773.01,57889.1,59204.02,60797.91,64724.14,65043.99,64087.99,63987.92
2024-07-12,57889.1,0.009532569171711086,0.400797116261746,56628.79,60427.84,64143.56,66043.99,59204.02,60797.91,64724.14,65043.99,64087.99,63987.92,66660.0
2024-07-13,59204.02,0.022460333746386348,0.4076502487051483,58230.13,60986.68,64262.01,66228.25,60797.91,64724.14,65043.99,64087.99,63987.92,66660.0,67139.96
2024-07-14,60797.91,0.02656596839138983,0.42040848817726423,55857.81,62772.01,63210.01,66676.87,64724.14,65043.99,64087.99,63987.92,66660.0,67139.96,68165.34
2024-07-15,64724.14,0.06257882518464983,0.4781077933231973,56714.62,62899.99,60293.3,66504.33,65043.99,64087.99,63987.92,66660.0,67139.96,68165.34,67532.01
2024-07-16,65043.99,0.004929571655444641,0.4777894757864174,58050.0,62135.47,61806.01,65175.32,64087.99,63987.92,66660.0,67139.96,68165.34,67532.01,65936.01
2024-07-17,64087.99,-0.014806827344029673,0.4802509382275995,57725.85,60208.58,60864.99,64974.37,63987.92,66660.0,67139.96,68165.34,67532.01,65936.01,65376.0
2024-07-18,63987.92,-0.0015626673332034774,0.47536919784100223,57339.89,57050.01,61706.47,64869.99,66660.0,67139.96,68165.34,67532.01,65936.01,65376.0,65799.95
2024-07-19,66660.0,0.040910757335444886,0.4967775017748593,57889.1,56628.79,60427.84,64143.56,67139.96,68165.34,67532.01,65936.01,65376.0,65799.95,67907.99
2024-07-20,67139.96,0.00717432290208512,0.497174099263655,59204.02,58230.13,60986.68,64262.01,68165.34,67532.01,65936.01,65376.0,65799.95,67907.99,67896.5
2024-07-21,68165.34,0.015156828740989328,0.49741542458407934,60797.91,55857.81,62772.01,63210.01,67532.01,65936.01,65376.0,65799.95,67907.99,67896.5,68249.88
2024-07-22,67532.01,-0.009334516829783621,0.4989929415016713,64724.14,56714.62,62899.99,60293.3,65936.01,65376.0,65799.95,67907.99,67896.5,68249.88,66784.69
2024-07-23,65936.01,-0.023916981434216472,0.5030408245743679,65043.99,58050.0,62135.47,61806.01,65376.0,65799.95,67907.99,67896.5,68249.88,66784.69,66188.0
2024-07-24,65376.0,-0.008529507623456261,0.47315528161703824,64087.99,57725.85,60208.58,60864.99,65799.95,67907.99,67896.5,68249.88,66784.69,66188.0,64628.0
2024-07-25,65799.95,0.006463859817351855,0.4666653766533767,63987.92,57339.89,57050.01,61706.47,67907.99,67896.5,68249.88,66784.69,66188.0,64628.0,65354.02
2024-07-26,67907.99,0.03153462223775808,0.47322836057788575,66660.0,57889.1,56628.79,60427.84,67896.5,68249.88,66784.69,66188.0,64628.0,65354.02,61498.33
2024-07-27,67896.5,-0.00016921384598440523,0.47198363711709723,67139.96,59204.02,58230.13,60986.68,68249.88,66784.69,66188.0,64628.0,65354.02,61498.33,60697.99
2024-07-28,68249.88,0.005191188977428364,0.46390416822394026,68165.34,60797.91,55857.81,62772.01,66784.69,66188.0,64628.0,65354.02,61498.33,60697.99,58161.0
2024-07-29,66784.69,-0.02170181316434392,0.47204262380700535,67532.01,64724.14,56714.62,62899.99,66188.0,64628.0,65354.02,61498.33,60697.99,58161.0,54018.81
2024-07-30,66188.0,-0.008974685027823451,0.4643724530364563,65936.01,65043.99,58050.0,62135.47,64628.0,65354.02,61498.33,60697.99,58161.0,54018.81,56022.01
2024-07-31,64628.0,-0.02385142421501373,0.47288436442014037,65376.0,64087.99,57725.85,60208.58,65354.02,61498.33,60697.99,58161.0,54018.81,56022.01,55134.16
2024-08-01,65354.02,0.011171199683345215,0.4717480441225458,65799.95,63987.92,57339.89,57050.01,61498.33,60697.99,58161.0,54018.81,56022.01,55134.16,61685.99
2024-08-02,61498.33,-0.06080893312569105,0.5074226571551091,67907.99,66660.0,57889.1,56628.79,60697.99,58161.0,54018.81,56022.01,55134.16,61685.99,60837.99
2024-08-03,60697.99,-0.013099436128860992,0.47081498271886907,67896.5,67139.96,59204.02,58230.13,58161.0,54018.81,56022.01,55134.16,61685.99,60837.99,60923.51
2024-08-04,58161.0,-0.04269555681819708,0.4952088634246247,68249.88,68165.34,60797.91,55857.81,54018.81,56022.01,55134.16,61685.99,60837.99,60923.51,58712.59
2024-08-05,54018.81,-0.07388270778154322,0.5496210176845395,66784.69,67532.01,64724.14,56714.62,56022.01,55134.16,61685.99,60837.99,60923.51,58712.59,59346.64
2024-08-06,56022.01,0.03641232998749407,0.5471353401839784,66188.0,65936.01,65043.99,58050.0,55134.16,61685.99,60837.99,60923.51,58712.59,59346.64,60587.15
2024-08-07,55134.16,-0.015975161468007117,0.5471024156690917,64628.0,65376.0,64087.99,57725.85,61685.99,60837.99,60923.51,58712.59,59346.64,60587.15,58683.39
2024-08-08,61685.99,0.11228735091416127,0.6708079895019571,65354.02,65799.95,63987.92,57339.89,60837.99,60923.51,58712.59,59346.64,60587.15,58683.39,57541.06
2024-08-09,60837.99,-0.013842409307287744,0.6726009650288108,61498.33,67907.99,66660.0,57889.1,60923.51,58712.59,59346.64,60587.15,58683.39,57541.06,58874.6
2024-08-10,60923.51,0.001404713543484379,0.6719117317344308,60697.99,67896.5,67139.96,59204.02,58712.59,59346.64,60587.15,58683.39,57541.06,58874.6,59491.99
2024-08-11,58712.59,-0.036964958668207114,0.6848194730070211,58161.0,68249.88,68165.34,60797.91,59346.64,60587.15,58683.39,57541.06,58874.6,59491.99,58427.35
2024-08-12,59346.64,0.010741321896940523,0.6812942189622637,54018.81,66784.69,67532.01,64724.14,60587.15,58683.39,57541.06,58874.6,59491.99,58427.35,59438.5
2024-08-13,60587.15,0.020687318243458014,0.6787215305973112,56022.01,66188.0,65936.01,65043.99,58683.39,57541.06,58874.6,59491.99,58427.35,59438.5,59013.8
2024-08-14,58683.39,-0.031926101818424826,0.6482132482742042,55134.16,64628.0,65376.0,64087.99,57541.06,58874.6,59491.99,58427.35,59438.5,59013.8,61156.03
2024-08-15,57541.06,-0.019657942646201854,0.6499717787530775,61685.99,65354.02,65799.95,63987.92,58874.6,59491.99,58427.35,59438.5,59013.8,61156.03,60375.84
2024-08-16,58874.6,0.022910978337253942,0.6554331918053004,60837.99,61498.33,67907.99,66660.0,59491.99,58427.35,59438.5,59013.8,61156.03,60375.84,64037.24
2024-08-17,59491.99,0.010431923382209742,0.6570579943297412,60923.51,60697.99,67896.5,67139.96,58427.35,59438.5,59013.8,61156.03,60375.84,64037.24,64157.01
2024-08-18,58427.35,-0.018057579517003593,0.6400783699858499,58712.59,58161.0,68249.88,68165.34,59438.5,59013.8,61156.03,60375.84,64037.24,64157.01,64220.0
2024-08-19,59438.5,0.017158062435947308,0.643288684841963,59346.64,54018.81,66784.69,67532.01,59013.8,61156.03,60375.84,64037.24,64157.01,64220.0,62834.0
2024-08-20,59013.8,-0.007170849698593443,0.6395970359085293,60587.15,56022.01,66188.0,65936.01,61156.03,60375.84,64037.24,64157.01,64220.0,62834.0,59415.0
2024-08-21,61156.03,0.03565715238614722,0.6546628219724716,58683.39,55134.16,64628.0,65376.0,60375.84,64037.24,64157.01,64220.0,62834.0,59415.0,59034.9
2024-08-22,60375.84,-0.012839442327577983,0.6514054059766908,57541.06,61685.99,65354.02,65799.95,64037.24,64157.01,64220.0,62834.0,59415.0,59034.9,59359.01
2024-08-23,64037.24,0.05887576421662603,0.6856515012053983,58874.6,60837.99,61498.33,67907.99,64157.01,64220.0,62834.0,59415.0,59034.9,59359.01,59123.99
2024-08-24,64157.01,0.0018685710918962383,0.685235301463247,59491.99,60923.51,60697.99,67896.5,64220.0,62834.0,59415.0,59034.9,59359.01,59123.99,58973.99
2024-08-25,64220.0,0.0009813284334161388,0.6752803291879077,58427.35,58712.59,58161.0,68249.88,62834.0,59415.0,59034.9,59359.01,59123.99,58973.99,57301.86
2024-08-26,62834.0,-0.021818360418123024,0.6788105348076893,59438.5,59346.64,54018.81,66784.69,59415.0,59034.9,59359.01,59123.99,58973.99,57301.86,59132.13
2024-08-27,59415.0,-0.05594960850125526,0.7030649189744848,59013.8,60587.15,56022.01,66188.0,59034.9,59359.01,59123.99,58973.99,57301.86,59132.13,57487.73
2024-08-28,59034.9,-0.006417925294743356,0.7004076135591994,61156.03,58683.39,55134.16,64628.0,59359.01,59123.99,58973.99,57301.86,59132.13,57487.73,57970.9
2024-08-29,59359.01,0.005475126375226921,0.7009581096754633,60375.84,57541.06,61685.99,65354.02,59123.99,58973.99,57301.86,59132.13,57487.73,57970.9,56180.0
2024-08-30,59123.99,-0.003967156608714223,0.6971593563133494,64037.24,58874.6,60837.99,61498.33,58973.99,57301.86,59132.13,57487.73,57970.9,56180.0,53962.97
2024-08-31,58973.99,-0.00254026496747557,0.6952975858824377,64157.01,59491.99,60923.51,60697.99,57301.86,59132.13,57487.73,57970.9,56180.0,53962.97,54160.86
2024-09-01,57301.86,-0.028763415319443375,0.6705539722512814,64220.0,58427.35,58712.59,58161.0,59132.13,57487.73,57970.9,56180.0,53962.97,54160.86,54869.95
2024-09-02,59132.13,0.03144134758080365,0.6795102712991439,62834.0,59438.5,59346.64,54018.81,57487.73,57970.9,56180.0,53962.97,54160.86,54869.95,57042.0
2024-09-03,57487.73,-0.028202897779850595,0.670098128121992,59415.0,59013.8,60587.15,56022.01,57970.9,56180.0,53962.97,54160.86,54869.95,57042.0,57635.99
2024-09-04,57970.9,0.008369626775024829,0.6157715748784189,59034.9,61156.03,58683.39,55134.16,56180.0,53962.97,54160.86,54869.95,57042.0,57635.99,57338.0
2024-09-05,56180.0,-0.03138033882672037,0.6139783458150099,59359.01,60375.84,57541.06,61685.99,53962.97,54160.86,54869.95,57042.0,57635.99,57338.0,58132.32
2024-09-06,53962.97,-0.040262751080288636,0.6276707812056601,59123.99,64037.24,58874.6,60837.99,54160.86,54869.95,57042.0,57635.99,57338.0,58132.32,60498.0
2024-09-07,54160.86,0.0036604367595428834,0.4780576919728733,58973.99,64157.01,59491.99,60923.51,54869.95,57042.0,57635.99,57338.0,58132.32,60498.0,59993.03
2024-09-08,54869.95,0.01300733247035669,0.48050546439108316,57301.86,64220.0,58427.35,58712.59,57042.0,57635.99,57338.0,58132.32,60498.0,59993.03,59132.0
2024-09-09,57042.0,0.03882199877924005,0.5024780224571448,59132.13,62834.0,59438.5,59346.64,57635.99,57338.0,58132.32,60498.0,59993.03,59132.0,58213.99
2024-09-10,57635.99,0.010359360363052208,0.48817155151597846,57487.73,59415.0,59013.8,60587.15,57338.0,58132.32,60498.0,59993.03,59132.0,58213.99,60313.99
2024-09-11,57338.0,-0.005183618786241656,0.48666601970870416,57970.9,59034.9,61156.03,58683.39,58132.32,60498.0,59993.03,59132.0,58213.99,60313.99,61759.99
2024-09-12,58132.32,0.013758211280425158,0.4833419561537201,56180.0,59359.01,60375.84,57541.06,60498.0,59993.03,59132.0,58213.99,60313.99,61759.99,62947.99
2024-09-13,60498.0,0.039888515176949337,0.49106526437077536,53962.97,59123.99,64037.24,58874.6,59993.03,59132.0,58213.99,60313.99,61759.99,62947.99,63201.05
2024-09-14,59993.03,-0.008381917831569096,0.4866457949547168,54160.86,58973.99,64157.01,59491.99,59132.0,58213.99,60313.99,61759.99,62947.99,63201.05,63348.96
2024-09-15,59132.0,-0.014456155768720775,0.48329113835540816,54869.95,57301.86,64220.0,58427.35,58213.99,60313.99,61759.99,62947.99,63201.05,63348.96,63578.76
2024-09-16,58213.99,-0.01564652918074257,0.4848629128238896,57042.0,59132.13,62834.0,59438.5,60313.99,61759.99,62947.99,63201.05,63348.96,63578.76,63339.99
2024-09-17,60313.99,0.035438379599161005,0.49655700399027003,57635.99,57487.73,59415.0,59013.8,61759.99,62947.99,63201.05,63348.96,63578.76,63339.99,64262.7
2024-09-18,61759.99,0.023691660342147144,0.4997358585167587,57338.0,57970.9,59034.9,61156.03,62947.99,63201.05,63348.96,63578.76,63339.99,64262.7,63152.01
2024-09-19,62947.99,0.01905308607791393,0.5025198607861869,58132.32,56180.0,59359.01,60375.84,63201.05,63348.96,63578.76,63339.99,64262.7,63152.01,65173.99
2024-09-20,63201.05,0.004012085061529829,0.48787274248734047,60498.0,53962.97,59123.99,64037.24,63348.96,63578.76,63339.99,64262.7,63152.01,65173.99,65769.95
2024-09-21,63348.96,0.0023375749611005414,0.4852815887917283,59993.03,54160.86,58973.99,64157.01,63578.76,63339.99,64262.7,63152.01,65173.99,65769.95,65858.0
2024-09-22,63578.76,0.0036209624041565595,0.43929800126461555,59132.0,54869.95,57301.86,64220.0,63339.99,64262.7,63152.01,65173.99,65769.95,65858.0,65602.01
2024-09-23,63339.99,-0.0037625690717466927,0.4393969917541801,58213.99,57042.0,59132.13,62834.0,64262.7,63152.01,65173.99,65769.95,65858.0,65602.01,63327.59
2024-09-24,64262.7,0.01446248637939056,0.442446494183887,60313.99,57635.99,57487.73,59415.0,63152.01,65173.99,65769.95,65858.0,65602.01,63327.59,60805.78
2024-09-25,63152.01,-0.017434692343162504,0.43998028931663313,61759.99,57338.0,57970.9,59034.9,65173.99,65769.95,65858.0,65602.01,63327.59,60805.78,60649.28
2024-09-26,65173.99,0.03151578569135097,0.40386189620964347,62947.99,58132.32,56180.0,59359.01,65769.95,65858.0,65602.01,63327.59,60805.78,60649.28,60752.71
2024-09-27,65769.95,0.009102584128001627,0.40289328642214944,63201.05,60498.0,53962.97,59123.99,65858.0,65602.01,63327.59,60805.78,60649.28,60752.71,62086.0
2024-09-28,65858.0,0.0013378619530761801,0.4029095314733689,63348.96,59993.03,54160.86,58973.99,65602.01,63327.59,60805.78,60649.28,60752.71,62086.0,62058.0
2024-09-29,65602.01,-0.003894573316477157,0.4028927631643184,63578.76,59132.0,54869.95,57301.86,63327.59,60805.78,60649.28,60752.71,62086.0,62058.0,62819.91
2024-09-30,63327.59,-0.03528524055475455,0.42463935668048153,63339.99,58213.99,57042.0,59132.13,60805.78,60649.28,60752.71,62086.0,62058.0,62819.91,62224.0
2024-10-01,60805.78,-0.04063624492665931,0.43742389306075163,64262.7,60313.99,57635.99,57487.73,60649.28,60752.71,62086.0,62058.0,62819.91,62224.0,62160.49
2024-10-02,60649.28,-0.002577086316775542,0.42448755752072087,63152.01,61759.99,57338.0,57970.9,60752.71,62086.0,62058.0,62819.91,62224.0,62160.49,60636.02
2024-10-03,60752.71,0.001703926352847916,0.4113443224821411,65173.99,62947.99,58132.32,56180.0,62086.0,62058.0,62819.91,62224.0,62160.49,60636.02,60326.39
2024-10-04,62086.0,0.02170883041003728,0.4166066345172769,65769.95,63201.05,60498.0,53962.97,62058.0,62819.91,62224.0,62160.49,60636.02,60326.39,62540.0
2024-10-05,62058.0,-0.00045108906551724495,0.398733705217182,65858.0,63348.96,59993.03,54160.86,62819.91,62224.0,62160.49,60636.02,60326.39,62540.0,63206.22
2024-10-06,62819.91,0.012202629820996201,0.36731985351623464,65602.01,63578.76,59132.0,54869.95,62224.0,62160.49,60636.02,60326.39,62540.0,63206.22,62870.02
2024-10-07,62224.0,-0.009531284031326389,0.3708204574071441,63327.59,63339.99,58213.99,57042.0,62160.49,60636.02,60326.39,62540.0,63206.22,62870.02,66083.99
2024-10-08,62160.49,-0.0010211885021863328,0.3700574503850106,60805.78,64262.7,60313.99,57635.99,60636.02,60326.39,62540.0,63206.22,62870.02,66083.99,67074.14
2024-10-09,60636.02,-0.024830482976427176,0.3615197423531394,60649.28,63152.01,61759.99,57338.0,60326.39,62540.0,63206.22,62870.02,66083.99,67074.14,67620.01
2024-10-10,60326.39,-0.005119452832531935,0.36106612959127876,60752.71,65173.99,62947.99,58132.32,62540.0,63206.22,62870.02,66083.99,67074.14,67620.01,67421.78
2024-10-11,62540.0,0.03603669892744918,0.3795849832253366,62086.0,65769.95,63201.05,60498.0,63206.22,62870.02,66083.99,67074.14,67620.01,67421.78,68428.0
2024-10-12,63206.22,0.010596362001929363,0.37860501325190377,62058.0,65858.0,63348.96,59993.03,62870.02,66083.99,67074.14,67620.01,67421.78,68428.0,68378.0
2024-10-13,62870.02,-0.0053332935199566596,0.3549524057043954,62819.91,65602.01,63578.76,59132.0,66083.99,67074.14,67620.01,67421.78,68428.0,68378.0,69031.99
2024-10-14,66083.99,0.04985708823410627,0.39126777388461786,62224.0,63327.59,63339.99,58213.99,67074.14,67620.01,67421.78,68428.0,68378.0,69031.99,67377.5
2024-10-15,67074.14,0.014872066015212413,0.38794782166213954,62160.49,60805.78,64262.7,60313.99,67620.01,67421.78,68428.0,68378.0,69031.99,67377.5,67426.0
2024-10-16,67620.01,0.008105370403983361,0.3814456079052569,60636.02,60649.28,63152.01,61759.99,67421.78,68428.0,68378.0,69031.99,67377.5,67426.0,66668.65
2024-10-17,67421.78,-0.0029358340463448997,0.3660702048903829,60326.39,60752.71,65173.99,62947.99,68428.0,68378.0,69031.99,67377.5,67426.0,66668.65,68198.28
2024-10-18,68428.0,0.014813986471420449,0.3612502058959951,62540.0,62086.0,65769.95,63201.05,68378.0,69031.99,67377.5,67426.0,66668.65,68198.28,66698.33
2024-10-19,68378.0,-0.0007309621248523259,0.3570394346344444,63206.22,62058.0,65858.0,63348.96,69031.99,67377.5,67426.0,66668.65,68198.28,66698.33,67092.76
2024-10-20,69031.99,0.00951888488044817,0.35779874241818194,62870.02,62819.91,65602.01,63578.76,67377.5,67426.0,66668.65,68198.28,66698.33,67092.76,68021.7
2024-10-21,67377.5,-0.02425888605349007,0.3701765982904557,66083.99,62224.0,63327.59,63339.99,67426.0,66668.65,68198.28,66698.33,67092.76,68021.7,69962.21
2024-10-22,67426.0,0.0007195659176902162,0.3701604655980837,67074.14,62160.49,60805.78,64262.7,66668.65,68198.28,66698.33,67092.76,68021.7,69962.21,72736.42
2024-10-23,66668.65,-0.01129587277243706,0.37255081203691803,67620.01,60636.02,60649.28,63152.01,68198.28,66698.33,67092.76,68021.7,69962.21,72736.42,72344.74
2024-10-24,68198.28,0.02268451715263484,0.3771690911194576,67421.78,60326.39,60752.71,65173.99,66698.33,67092.76,68021.7,69962.21,72736.42,72344.74,70292.01
2024-10-25,66698.33,-0.022239429463163648,0.38063854710064643,68428.0,62540.0,62086.0,65769.95,67092.76,68021.7,69962.21,72736.42,72344.74,70292.01,69496.01
2024-10-26,67092.76,0.005896224370562871,0.36567909633184315,68378.0,63206.22,62058.0,65858.0,68021.7,69962.21,72736.42,72344.74,70292.01,69496.01,69374.74
2024-10-27,68021.7,0.013750632418520554,0.3673362448350296,69031.99,62870.02,62819.91,65602.01,69962.21,72736.42,72344.74,70292.01,69496.01,69374.74,68775.99
2024-10-28,69962.21,0.02812846721520796,0.37922798953526676,67377.5,66083.99,62224.0,63327.59,72736.42,72344.74,70292.01,69496.01,69374.74,68775.99,67850.01
2024-10-29,72736.42,0.03888698282937757,0.39964707731450544,67426.0,67074.14,62160.49,60805.78,72344.74,70292.01,69496.01,69374.74,68775.99,67850.01,69372.01
2024-10-30,72344.74,-0.005399473668343945,0.37609942440572075,66668.65,67620.01,60636.02,60649.28,70292.01,69496.01,69374.74,68775.99,67850.01,69372.01,75571.99
2024-10-31,70292.01,-0.02878461169591104,0.36015651417063727,68198.28,67421.78,60326.39,60752.71,69496.01,69374.74,68775.99,67850.01,69372.01,75571.99,75857.89
2024-11-01,69496.01,-0.011388795745506882,0.363731951955483,66698.33,68428.0,62540.0,62086.0,69374.74,68775.99,67850.01,69372.01,75571.99,75857.89,76509.78
2024-11-02,69374.74,-0.0017465165389545408,0.36426913471958966,67092.76,68378.0,63206.22,62058.0,68775.99,67850.01,69372.01,75571.99,75857.89,76509.78,76677.46
2024-11-03,68775.99,-0.008668122839253566,0.3615268197582834,68021.7,69031.99,62870.02,62819.91,67850.01,69372.01,75571.99,75857.89,76509.78,76677.46,80370.01
2024-11-04,67850.01,-0.013555167807772158,0.3661486898799246,69962.21,67377.5,66083.99,62224.0,69372.01,75571.99,75857.89,76509.78,76677.46,80370.01,88647.99
2024-11-05,69372.01,0.02218393837390412,0.37093884656940185,72736.42,67426.0,67074.14,62160.49,75571.99,75857.89,76509.78,76677.46,80370.01,88647.99,87952.01
2024-11-06,75571.99,0.08560223984821512,0.46579416459669987,72344.74,66668.65,67620.01,60636.02,75857.89,76509.78,76677.46,80370.01,88647.99,87952.01,90375.2
2024-11-07,75857.89,0.0037760095920657505,0.4651221310804967,70292.01,68198.28,67421.78,60326.39,76509.78,76677.46,80370.01,88647.99,87952.01,90375.2,87325.59
2024-11-08,76509.78,0.00855685431952021,0.4510582296733228,69496.01,66698.33,68428.0,62540.0,76677.46,80370.01,88647.99,87952.01,90375.2,87325.59,91032.07
2024-11-09,76677.46,0.0021892171563324633,0.44914982678506943,69374.74,67092.76,68378.0,63206.22,80370.01,88647.99,87952.01,90375.2,87325.59,91032.07,90586.92
2024-11-10,80370.01,0.04703330369431591,0.4593138224252834,68775.99,68021.7,69031.99,62870.02,88647.99,87952.01,90375.2,87325.59,91032.07,90586.92,89855.99
2024-11-11,88647.99,0.09803226217915882,0.5557908082002567,67850.01,69962.21,67377.5,66083.99,87952.01,90375.2,87325.59,91032.07,90586.92,89855.99,90464.08
2024-11-12,87952.01,-0.007882034011635572,0.5568195904581504,69372.01,72736.42,67426.0,67074.14,90375.2,87325.59,91032.07,90586.92,89855.99,90464.08,92310.79
2024-11-13,90375.2,0.027178568661184198,0.5424315400429258,75571.99,72344.74,66668.65,67620.01,87325.59,91032.07,90586.92,89855.99,90464.08,92310.79,94286.56
2024-11-14,87325.59,-0.03432634643790914,0.5640796659357891,75857.89,70292.01,68198.28,67421.78,91032.07,90586.92,89855.99,90464.08,92310.79,94286.56,98317.12
2024-11-15,91032.07,0.041568314974823425,0.5755249412406762,76509.78,69496.01,66698.33,68428.0,90586.92,89855.99,90464.08,92310.79,94286.56,98317.12,98892.0
2024-11-16,90586.92,-0.004902030249246929,0.5761178672677026,76677.46,69374.74,67092.76,68378.0,89855.99,90464.08,92310.79,94286.56,98317.12,98892.0,97672.4
2024-11-17,89855.99,-0.008101554091419313,0.5791669142787403,80370.01,68775.99,68021.7,69031.99,90464.08,92310.79,94286.56,98317.12,98892.0,97672.4,97900.04
2024-11-18,90464.08,0.006744588166355547,0.5781590324721254,88647.99,67850.01,69962.21,67377.5,92310.79,94286.56,98317.12,98892.0,97672.4,97900.04,93010.01
2024-11-19,92310.79,0.02020817024435305,0.5794038737005757,87952.01,69372.01,72736.42,67426.0,94286.56,98317.12,98892.0,97672.4,97900.04,93010.01,91965.16
2024-11-20,94286.56,0.021177619537080205,0.5674520908518198,90375.2,75571.99,72344.74,66668.65,98317.12,98892.0,97672.4,97900.04,93010.01,91965.16,95863.11
2024-11-21,98317.12,0.04185951709945262,0.5759683173592536,87325.59,75857.89,70292.01,68198.28,98892.0,97672.4,97900.04,93010.01,91965.16,95863.11,95643.98
2024-11-22,98892.0,0.005830172847894076,0.5701038176095773,91032.07,76509.78,69496.01,66698.33,97672.4,97900.04,93010.01,91965.16,95863.11,95643.98,97460.0
2024-11-23,97672.4,-0.012409323871574746,0.5758243802414652,90586.92,76677.46,69374.74,67092.76,97900.04,93010.01,91965.16,95863.11,95643.98,97460.0,96407.99
2024-11-24,97900.04,0.002327936418892903,0.5637012758285685,89855.99,80370.01,68775.99,68021.7,93010.01,91965.16,95863.11,95643.98,97460.0,96407.99,97185.18
2024-11-25,93010.01,-0.051239836346874276,0.606131812765908,90464.08,88647.99,67850.01,69962.21,91965.16,95863.11,95643.98,97460.0,96407.99,97185.18,95840.62
2024-11-26,91965.16,-0.011297312096130885,0.6109206223017951,92310.79,87952.01,69372.01,72736.42,95863.11,95643.98,97460.0,96407.99,97185.18,95840.62,95849.69
2024-11-27,95863.11,0.04151142667791282,0.6176507648866029,94286.56,90375.2,75571.99,72344.74,95643.98,97460.0,96407.99,97185.18,95840.62,95849.69,98587.32
2024-11-28,95643.98,-0.002288480239917697,0.6104884790349704,98317.12,87325.59,75857.89,70292.01,97460.0,96407.99,97185.18,95840.62,95849.69,98587.32,96945.63
2024-11-29,97460.0,0.01880928130380514,0.6090769188935753,98892.0,91032.07,76509.78,69496.01,96407.99,97185.18,95840.62,95849.69,98587.32,96945.63,99740.84
2024-11-30,96407.99,-0.010852955416106586,0.5978379388600116,97672.4,90586.92,76677.46,69374.74,97185.18,95840.62,95849.69,98587.32,96945.63,99740.84,99831.99
2024-12-01,97185.18,0.008029148706736931,0.5926916459168085,97900.04,89855.99,80370.01,68775.99,95840.62,95849.69,98587.32,96945.63,99740.84,99831.99,101109.59
2024-12-02,95840.62,-0.013931627244584067,0.5975401800340158,93010.01,90464.08,88647.99,67850.01,95849.69,98587.32,96945.63,99740.84,99831.99,101109.59,97276.47
2024-12-03,95849.69,9.463180488125695e-05,0.5947271398308746,91965.16,92310.79,87952.01,69372.01,98587.32,96945.63,99740.84,99831.99,101109.59,97276.47,96593.0
2024-12-04,98587.32,0.028161417666881416,0.5907797437215873,95863.11,94286.56,90375.2,75571.99,96945.63,99740.84,99831.99,101109.59,97276.47,96593.0,101125.0
2024-12-05,96945.63,-0.01679234704122157,0.5982960440685672,95643.98,98317.12,87325.59,75857.89,99740.84,99831.99,101109.59,97276.47,96593.0,101125.0,100004.29
2024-12-06,99740.84,0.028424916087496886,0.5390580056466878,97460.0,98892.0,91032.07,76509.78,99831.99,101109.59,97276.47,96593.0,101125.0,100004.29,101424.25
2024-12-07,99831.99,0.0009134510578209996,0.5395161229901934,96407.99,97672.4,90586.92,76677.46,101109.59,97276.47,96593.0,101125.0,100004.29,101424.25,101420.0
2024-12-08,101109.59,0.012716305068205409,0.5396532177091697,97185.18,97900.04,89855.99,80370.01,97276.47,96593.0,101125.0,100004.29,101424.25,101420.0,104463.99
2024-12-09,97276.47,-0.03864784755258232,0.5646395881359605,95840.62,93010.01,90464.08,88647.99,96593.0,101125.0,100004.29,101424.25,101420.0,104463.99,106058.66
2024-12-10,96593.0,-0.007050855728157901,0.5487917726421727,95849.69,91965.16,92310.79,87952.01,101125.0,100004.29,101424.25,101420.0,104463.99,106058.66,106133.74
2024-12-11,101125.0,0.04585110055392514,0.4621506130197585,98587.32,95863.11,94286.56,90375.2,100004.29,101424.25,101420.0,104463.99,106058.66,106133.74,100204.01
2024-12-12,100004.29,-0.011144290310743151,0.4633793180390469,96945.63,95643.98,98317.12,87325.59,101424.25,101420.0,104463.99,106058.66,106133.74,100204.01,97461.86
2024-12-13,101424.25,0.014099129370686553,0.45745257127604416,99740.84,97460.0,98892.0,91032.07,101420.0,104463.99,106058.66,106133.74,100204.01,97461.86,97805.44
2024-12-14,101420.0,-4.190407172619906e-05,0.43660203542091586,99831.99,96407.99,97672.4,90586.92,104463.99,106058.66,106133.74,100204.01,97461.86,97805.44,97291.99
2024-12-15,104463.99,0.02957210835064263,0.4258236861654142,101109.59,97185.18,97900.04,89855.99,106058.66,106133.74,100204.01,97461.86,97805.44,97291.99,95186.27
2024-12-16,106058.66,0.015149918553743596,0.4259434264985273,97276.47,95840.62,93010.01,90464.08,106133.74,100204.01,97461.86,97805.44,97291.99,95186.27,94881.47
2024-12-17,106133.74,0.0007076596818099129,0.42356807970230387,96593.0,95849.69,91965.16,92310.79,100204.01,97461.86,97805.44,97291.99,95186.27,94881.47,98663.58
2024-12-18,100204.01,-0.057491789143001994,0.47715962297411263,101125.0,98587.32,95863.11,94286.56,97461.86,97805.44,97291.99,95186.27,94881.47,98663.58,99429.6
2024-12-19,97461.86,-0.02774708582409932,0.48516117800058794,100004.29,96945.63,95643.98,98317.12,97805.44,97291.99,95186.27,94881.47,98663.58,99429.6,95791.6
2024-12-20,97805.44,0.003519077229743537,0.4801730579441841,101424.25,99740.84,97460.0,98892.0,97291.99,95186.27,94881.47,98663.58,99429.6,95791.6,94299.03
2024-12-21,97291.99,-0.005263536125710258,0.457578687614588,101420.0,99831.99,96407.99,97672.4,95186.27,94881.47,98663.58,99429.6,95791.6,94299.03,95300.0
2024-12-22,95186.27,-0.02188095438284901,0.46304484899423554,104463.99,101109.59,97185.18,97900.04,94881.47,98663.58,99429.6,95791.6,94299.03,95300.0,93738.2
2024-12-23,94881.47,-0.0032072803231183965,0.46136883821025726,106058.66,97276.47,95840.62,93010.01,98663.58,99429.6,95791.6,94299.03,95300.0,93738.2,92792.05
2024-12-24,98663.58,0.039087452998785556,0.4820268155347024,106133.74,96593.0,95849.69,91965.16,99429.6,95791.6,94299.03,95300.0,93738.2,92792.05,93576.0
2024-12-25,99429.6,0.007733974670366026,0.4452120613152584,100204.01,101125.0,98587.32,95863.11,95791.6,94299.03,95300.0,93738.2,92792.05,93576.0,94591.79
2024-12-26,95791.6,-0.03727485759295436,0.4639682797410322,97461.86,100004.29,96945.63,95643.98,94299.03,95300.0,93738.2,92792.05,93576.0,94591.79,96984.79
2024-12-27,94299.03,-0.01570409519397809,0.44414601537646287,97805.44,101424.25,99740.84,97460.0,95300.0,93738.2,92792.05,93576.0,94591.79,96984.79,98174.18
2024-12-28,95300.0,0.010558907393903796,0.4457702290798063,97291.99,101420.0,99831.99,96407.99,93738.2,92792.05,93576.0,94591.79,96984.79,98174.18,98220.5
2024-12-29,93738.2,-0.016524020398176582,0.443919163394921,95186.27,104463.99,101109.59,97185.18,92792.05,93576.0,94591.79,96984.79,98174.18,98220.5,98363.61
2024-12-30,92792.05,-0.010144822242994745,0.4437341561121281,94881.47,106058.66,97276.47,95840.62,93576.0,94591.79,96984.79,98174.18,98220.5,98363.61,102235.6
2024-12-31,93576.0,0.008412972329420844,0.4438374490392873,98663.58,106133.74,96593.0,95849.69,94591.79,96984.79,98174.18,98220.5,98363.61,102235.6,96954.61
2025-01-01,94591.79,0.010796745473918477,0.4433335999978757,99429.6,100204.01,101125.0,98587.32,96984.79,98174.18,98220.5,98363.61,102235.6,96954.61,95060.61
2025-01-02,96984.79,0.02498347626229524,0.4521223017068393,95791.6,97461.86,100004.29,96945.63,98174.18,98220.5,98363.61,102235.6,96954.61,95060.61,92552.49
2025-01-03,98174.18,0.012189085912690157,0.4431180668263916,94299.03,97805.44,101424.25,99740.84,98220.5,98363.61,102235.6,96954.61,95060.61,92552.49,94726.11
2025-01-04,98220.5,0.00047170321374159335,0.4390251879483561,95300.0,97291.99,101420.0,99831.99,98363.61,102235.6,96954.61,95060.61,92552.49,94726.11,94599.99
2025-01-05,98363.61,0.001455967374787927,0.4273066168180703,93738.2,95186.27,104463.99,101109.59,102235.6,96954.61,95060.61,92552.49,94726.11,94599.99,94545.06
2025-01-06,102235.6,0.03860903512357024,0.4485374088172745,92792.05,94881.47,106058.66,97276.47,96954.61,95060.61,92552.49,94726.11,94599.99,94545.06,94536.1
2025-01-07,96954.61,-0.05303702286757633,0.48379062220892366,93576.0,98663.58,106133.74,96593.0,95060.61,92552.49,94726.11,94599.99,94545.06,94536.1,96560.86
2025-01-08,95060.61,-0.019728242676769096,0.46975363024602307,94591.79,99429.6,100204.01,101125.0,92552.49,94726.11,94599.99,94545.06,94536.1,96560.86,100497.35
2025-01-09,92552.49,-0.026738745131460816,0.47801477169638623,96984.79,95791.6,97461.86,100004.29,94726.11,94599.99,94545.06,94536.1,96560.86,100497.35,99987.3
2025-01-10,94726.11,0.02321373193383758,0.4558438638521901,98174.18,94299.03,97805.44,101424.25,94599.99,94545.06,94536.1,96560.86,100497.35,99987.3,104077.48
2025-01-11,94599.99,-0.0013323046178590012,0.4546983688109625,98220.5,95300.0,97291.99,101420.0,94545.06,94536.1,96560.86,100497.35,99987.3,104077.48,104556.23
2025-01-12,94545.06,-0.0005808240981644022,0.4510855461829927,98363.61,93738.2,95186.27,104463.99,94536.1,96560.86,100497.35,99987.3,104077.48,104556.23,101331.57
2025-01-13,94536.1,-9.477411717486941e-05,0.4510821920031952,102235.6,92792.05,94881.47,106058.66,96560.86,100497.35,99987.3,104077.48,104556.23,101331.57,100055.43
2025-01-14,96560.86,0.021191710994825055,0.4445188250904318,96954.61,93576.0,98663.58,106133.74,100497.35,99987.3,104077.48,104556.23,101331.57,100055.43,106143.82
2025-01-15,100497.35,0.03995787586321273,0.46495494496160156,95060.61,94591.79,99429.6,100204.01,99987.3,104077.48,104556.23,101331.57,100055.43,106143.82,103706.66
2025-01-16,99987.3,-0.005088181069371945,0.4650017430442365,92552.49,96984.79,95791.6,97461.86,104077.48,104556.23,101331.57,100055.43,106143.82,103706.66,103910.34
2025-01-17,104077.48,0.04009244384371839,0.442432018600299,94726.11,98174.18,94299.03,97805.44,104556.23,101331.57,100055.43,106143.82,103706.66,103910.34,104870.5
2025-01-18,104556.23,0.004589391046213007,0.42994567743600687,94599.99,98220.5,95300.0,97291.99,101331.57,100055.43,106143.82,103706.66,103910.34,104870.5,104746.85
2025-01-19,101331.57,-0.0313270015419219,0.4456391810464399,94545.06,98363.61,93738.2,95186.27,100055.43,106143.82,103706.66,103910.34,104870.5,104746.85,102620.0
2025-01-20,100055.43,-0.012673678850326005,0.4477324927998788,94536.1,102235.6,92792.05,94881.47,106143.82,103706.66,103910.34,104870.5,104746.85,102620.0,102082.83
2025-01-21,106143.82,0.059070634533145754,0.4834296541577594,96560.86,96954.61,93576.0,98663.58,103706.66,103910.34,104870.5,104746.85,102620.0,102082.83,101335.52
2025-01-22,103706.66,-0.023228630058235156,0.49196359617098495,100497.35,95060.61,94591.79,99429.6,103910.34,104870.5,104746.85,102620.0,102082.83,101335.52,103733.24
2025-01-23,103910.34,0.001962075026061362,0.4743831078025514,99987.3,92552.49,96984.79,95791.6,104870.5,104746.85,102620.0,102082.83,101335.52,103733.24,104722.94
2025-01-24,104870.5,0.009197843721146091,0.4746438176978278,104077.48,94726.11,98174.18,94299.03,104746.85,102620.0,102082.83,101335.52,103733.24,104722.94,102429.56
2025-01-25,104746.85,-0.0011797688916675218,0.45349381623265295,104556.23,94599.99,98220.5,95300.0,102620.0,102082.83,101335.52,103733.24,104722.94,102429.56,102224.0
2025-01-26,102620.0,-0.02051364123722352,0.45628938869967606,101331.57,94545.06,98363.61,93738.2,102082.83,101335.52,103733.24,104722.94,102429.56,102224.0,99796.0
2025-01-27,102082.83,-0.005248302947392055,0.4562457736775444,100055.43,94536.1,102235.6,92792.05,101335.52,103733.24,104722.94,102429.56,102224.0,99796.0,94495.21
2025-01-28,101335.52,-0.00734755111376838,0.4525907496038451,106143.82,96560.86,96954.61,93576.0,103733.24,104722.94,102429.56,102224.0,99796.0,94495.21,101367.77
2025-01-29,103733.24,0.023385612440133215,0.45580919207750975,103706.66,100497.35,95060.61,94591.79,104722.94,102429.56,102224.0,99796.0,94495.21,101367.77,97589.3
2025-01-30,104722.94,0.009495592181071395,0.4559652388231436,103910.34,99987.3,92552.49,96984.79,102429.56,102224.0,99796.0,94495.21,101367.77,97589.3,98329.13
